root	class	en	de	es	weight	tier	similarity	freq_en	freq_de	freq_es
l	DET	the	der	el|la	3.263e-01	1	0.319	5.991e-02	1.038e-01	1.626e-01
p	ROLE	<subject>			2.571e-01	1	0.000	0.000e+00	0.000e+00	0.000e+00
t	ROLE	<object>			1.956e-01	1	0.000	0.000e+00	0.000e+00	0.000e+00
d	ADP	of	von	de|del	1.129e-01	1	0.655	2.723e-02	1.165e-02	7.400e-02
b	VERB	be	sein	ser|estar	1.015e-01	1	0.440	4.467e-02	2.945e-02	2.738e-02
n	ADP	in	in	en	9.625e-02	1	0.500	1.961e-02	2.059e-02	5.606e-02
s	CCONJ	and	und|sowie	y	9.157e-02	1	0.002	2.910e-02	3.514e-02	2.733e-02
k	DET	a	ein	uno	7.645e-02	1	0.000	2.919e-02	2.690e-02	2.036e-02
h	PRON	he	er	él	5.201e-02	1	0.133	6.903e-03	7.599e-03	3.751e-02
g	ADP	to	zu	a	4.575e-02	1	0.000	1.106e-02	7.545e-03	2.714e-02
m	PRON	i	ich	yo	4.481e-02	1	0.000	1.707e-02	1.879e-02	8.952e-03
v	VERB	have	haben	haber|tener	3.995e-02	1	0.097	1.168e-02	1.479e-02	1.349e-02
r	PRON	his	sein	su	3.310e-02	1	0.000	3.612e-03	2.945e-02	3.388e-05
f	ADV	not	nicht	no	3.199e-02	1	0.000	5.506e-03	1.207e-02	1.441e-02
kas	SCONJ	that	dass	que	3.038e-02	2	0.397	5.034e-03	5.805e-03	1.954e-02
mit	ADP	with	mit	con	2.817e-02	2	0.580	7.632e-03	1.126e-02	9.274e-03
for	ADP	for	für	para	2.797e-02	2	0.707	1.118e-02	8.981e-03	7.809e-03
tad	PRON	you	du	tú	2.114e-02	2	0.162	1.089e-02	5.550e-03	4.696e-03
pes	PRON	it	es	ello	2.111e-02	2	0.354	9.899e-03	1.121e-02	0.000e+00
pat	PART	to			2.012e-02	2	0.333	2.012e-02	0.000e+00	0.000e+00
sof	ADP	on	auf	sobre	1.910e-02	2	0.347	8.387e-03	9.177e-03	1.537e-03
vir	VERB	will	werden	ir	1.890e-02	2	0.450	3.325e-03	1.231e-02	3.264e-03
por	ADP	by	durch	por	1.774e-02	2	0.655	4.499e-03	2.152e-03	1.109e-02
tis	DET	this	dieser	este|esta	1.657e-02	2	0.451	5.539e-03	5.799e-03	5.230e-03
ken	VERB	can	können	poder	1.412e-02	2	0.493	3.253e-03	6.550e-03	4.317e-03
sel	PRON	she	sie	ella	1.195e-02	2	0.333	2.988e-03	8.958e-03	0.000e+00
das	ADV	so	so|also|darum	así	1.187e-02	2	0.376	3.022e-03	7.380e-03	1.468e-03
rus	ADP	from	aus	desde	1.169e-02	2	0.416	4.544e-03	4.666e-03	2.482e-03
pan	ADP	at	an		1.133e-02	2	0.504	5.538e-03	5.792e-03	0.000e+00
dor	CCONJ	or	oder|bzw	o	1.126e-02	2	0.395	3.874e-03	4.048e-03	3.339e-03
ven	SCONJ	if	wenn|falls	si	1.114e-02	2	0.343	3.520e-03	3.942e-03	3.676e-03
vor	PRON	we	wir	nosotros	1.086e-02	2	0.506	5.236e-03	5.619e-03	0.000e+00
tal	DET	all	all|alle	todo|todas	1.067e-02	2	0.563	3.196e-03	4.164e-03	3.311e-03
tuk	ADV	also	auch|ausserdem	también	1.060e-02	2	0.471	1.730e-03	7.271e-03	1.602e-03
ber	CCONJ	but	aber	pero|sino	1.020e-02	2	0.501	4.669e-03	1.455e-03	4.074e-03
dar	VERB	do	tun	hacer	1.013e-02	2	0.337	4.958e-03	7.752e-04	4.400e-03
mas	ADV	more	mehr	más|mas	8.762e-03	2	0.685	1.320e-03	2.511e-03	4.931e-03
sik	PRON	self	sich	se	7.499e-03	2	0.980	1.986e-04	7.301e-03	0.000e+00
men	PRON	my	mein	mi	7.389e-03	2	0.505	4.257e-03	3.050e-03	8.213e-05
tor	PRON	your	dein	tu	7.212e-03	2	0.413	4.761e-03	6.567e-04	1.794e-03
kos	ADP	as	als	como	7.112e-03	2	0.443	3.003e-03	1.768e-03	2.341e-03
des	VERB	say	sagen	decir	7.010e-03	2	0.402	2.578e-03	1.755e-03	2.677e-03
vas	PRON	what	was	qué	6.928e-03	2	0.695	2.384e-03	3.621e-03	9.226e-04
mus	VERB	must	müssen	deber	6.882e-03	2	0.491	5.392e-04	4.955e-03	1.388e-03
par	NOUN	year	jahr	año	6.631e-03	2	0.449	2.057e-03	2.528e-03	2.046e-03
ser	VERB	see	sehen|siehe	ver	6.271e-03	2	0.474	2.181e-03	1.811e-03	2.279e-03
gut	ADJ	good	gut		6.070e-03	2	0.679	2.596e-03	3.474e-03	0.000e+00
von	VERB	want	wollen	querer	6.047e-03	2	0.367	1.720e-03	2.269e-03	2.058e-03
tar	PRON	they	sie	ellos	6.029e-03	2	0.333	5.389e-03	6.405e-04	0.000e+00
bar	ADP	near	bei|nahe	cerca	5.862e-03	2	0.335	1.639e-04	5.465e-03	2.326e-04
mak	VERB	make	machen	make	5.836e-03	2	0.802	2.946e-03	2.885e-03	5.101e-06
pas	SCONJ		daß		5.770e-03	2	0.667	0.000e+00	5.770e-03	0.000e+00
son	ADV	already	schon|bereits	ya	5.668e-03	2	0.457	3.962e-04	3.144e-03	2.127e-03
gar	VERB	give	geben	dar	5.649e-03	2	0.374	1.324e-03	2.601e-03	1.723e-03
nov	ADV	now	jetzt|nun	ahora	5.585e-03	2	0.400	1.657e-03	2.815e-03	1.113e-03
kin	DET	no	kein	ninguno	5.558e-03	2	0.587	1.792e-03	3.390e-03	3.761e-04
sev	VERB	know	wissen|kennen	saber	5.457e-03	2	0.330	2.039e-03	1.992e-03	1.426e-03
nur	ADV	only	nur	solo|solamente|únicamente	5.281e-03	2	0.740	1.167e-03	3.904e-03	2.099e-04
dut	ADV	just	gerade|eben	justo|sólo	5.230e-03	2	0.436	2.997e-03	9.635e-04	1.269e-03
gen	VERB	go	gehen		5.223e-03	2	0.456	2.818e-03	2.405e-03	0.000e+00
nev	ADJ	new	neu	nuevo	5.181e-03	2	0.698	1.988e-03	1.845e-03	1.348e-03
dan	ADV	then	dann|damals	entonces|luego	5.108e-03	2	0.629	1.301e-03	2.878e-03	9.296e-04
nak	ADP	after	nach	después	5.057e-03	2	0.834	8.385e-04	4.216e-03	2.486e-06
tim	NOUN	time	zeit	tiempo	4.876e-03	2	0.720	2.581e-03	1.274e-03	1.020e-03
hit	NOUN	history	geschichte|werdegang	historia|historial	4.819e-03	2	0.486	3.895e-03	3.906e-04	5.341e-04
tin	VERB	think	denken	pensar	4.731e-03	2	0.569	3.266e-03	7.600e-04	7.050e-04
get	VERB	get	bekommen	conseguir	4.512e-03	2	0.842	3.684e-03	5.833e-04	2.452e-04
gos	ADJ	great	groß|toll|großartig	gran|estupendo	4.479e-03	2	0.521	9.981e-04	2.779e-03	7.021e-04
bet	ADP	about	über	acerca	4.465e-03	2	0.457	1.900e-03	2.561e-03	3.296e-06
veh	PRON	who	wer	quien|quién	4.386e-03	2	0.576	2.466e-03	9.690e-04	9.517e-04
hen	SCONJ	when		cuando	4.273e-03	2	0.536	2.607e-03	0.000e+00	1.666e-03
dag	NOUN	day	tag	día	4.156e-03	2	0.422	1.449e-03	1.110e-03	1.597e-03
her	ADV	here	hier|hierher	aquí|acá	3.980e-03	2	0.668	1.038e-03	2.168e-03	7.745e-04
mer	NOUN	number	nummer|zahl	número	3.979e-03	2	0.488	3.072e-03	4.861e-04	4.209e-04
tes	DET	that	jener	ese|aquel	3.940e-03	2	0.503	1.539e-03	1.104e-04	2.290e-03
sus	PRON	its		sus	3.936e-03	2	0.334	3.933e-03	0.000e+00	2.363e-06
kom	VERB	come	kommen		3.846e-03	2	0.762	1.554e-03	2.292e-03	0.000e+00
tov	NUM	two	zwei	dos	3.739e-03	2	0.459	1.406e-03	1.028e-03	1.304e-03
man	PRON	one	man		3.698e-03	2	0.948	2.897e-04	3.408e-03	0.000e+00
ted	PRON	there	da	allí	3.683e-03	2	0.454	1.524e-03	1.964e-03	1.946e-04
pek	SCONJ	because	weil|denn	porque	3.507e-03	2	0.374	1.003e-03	1.132e-03	1.372e-03
fin	VERB	find	finden	encontrar	3.497e-03	2	0.508	1.267e-03	1.483e-03	7.469e-04
sol	VERB	should	sollen		3.484e-03	2	0.600	1.090e-03	2.394e-03	0.000e+00
ler	ADV	always	immer|stets	siempre	3.481e-03	2	0.391	6.417e-04	1.993e-03	8.459e-04
ter	DET	other	ander	otro	3.453e-03	2	0.526	1.599e-03	0.000e+00	1.854e-03
som	DET	some	einige	alguno	3.420e-03	2	0.508	1.736e-03	6.693e-04	1.015e-03
pam	ADV		am		3.408e-03	2	0.667	0.000e+00	3.408e-03	0.000e+00
nor	ADP	before	vor|bevor	antes	3.345e-03	2	0.549	3.234e-04	2.371e-03	6.506e-04
tak	VERB	take	nehmen	tomar	3.339e-03	2	0.645	1.937e-03	8.562e-04	5.463e-04
bis	ADP	until	bis	hasta	3.251e-03	2	0.691	1.841e-04	1.924e-03	1.143e-03
vod	ADV	where	wo|wohin	donde|dónde|adonde	3.216e-03	2	0.365	1.088e-03	9.769e-04	1.151e-03
rum	ADP	around	um|herum	alrededor	3.197e-03	2	0.603	3.981e-04	2.677e-03	1.226e-04
pap	ROLE	<to-whom>			3.165e-03	2	0.000	0.000e+00	0.000e+00	0.000e+00
sin	ADP	without	ohne	sin	3.110e-03	2	0.680	4.493e-04	9.328e-04	1.728e-03
muk	ADV	much	viel	mucho	3.088e-03	2	0.851	5.458e-04	4.614e-04	2.081e-03
sen	ADV	even	sogar|selbst|überhaupt	incluso|aun	3.034e-03	2	0.328	1.080e-03	1.588e-03	3.659e-04
ked	DET	every	jeder	cada	2.932e-03	2	0.437	6.746e-04	1.474e-03	7.834e-04
kig	NOUN	thing	sache|ding	cosa	2.895e-03	2	0.380	1.200e-03	6.547e-04	1.041e-03
ten	ADP	between	zwischen	entre	2.857e-03	2	0.322	7.846e-04	7.999e-04	1.272e-03
min	NOUN	man	mensch	hombre	2.809e-03	2	0.493	1.053e-03	1.110e-03	6.467e-04
lif	NOUN	life	leben	vida	2.746e-03	2	0.539	1.007e-03	7.988e-04	9.403e-04
tir	PRON	their			2.732e-03	2	0.750	2.732e-03	0.000e+00	0.000e+00
ver	ADV	very	sehr	muy	2.724e-03	2	0.699	1.088e-03	1.635e-03	1.691e-06
pen	NOUN	person	person	persona	2.712e-03	2	0.500	1.231e-03	4.319e-04	1.049e-03
nus	VERB	use	verwenden|benutzen	usar|utilizar	2.659e-03	2	0.486	1.599e-03	3.338e-04	7.264e-04
der	DET		anderer		2.626e-03	2	0.429	0.000e+00	2.626e-03	0.000e+00
mon	VERB	may	dürfen|mögen		2.578e-03	2	0.360	1.070e-03	1.508e-03	0.000e+00
vud	VERB	would			2.572e-03	2	0.600	2.572e-03	0.000e+00	0.000e+00
pon	NUM	one	eins		2.525e-03	2	0.652	2.434e-03	9.092e-05	0.000e+00
vid	ADV	again	wieder|nochmal	nuevamente	2.496e-03	2	0.401	5.654e-04	1.888e-03	4.244e-05
pet	NOUN	part	teil	parte	2.493e-03	2	0.443	7.975e-04	5.708e-04	1.124e-03
len	VERB	let	lassen	let	2.377e-03	2	0.615	5.163e-04	1.858e-03	3.141e-06
sah	ADV	yeah	ja	sí	2.367e-03	2	0.007	1.130e-06	2.321e-03	4.514e-05
veg	NOUN	way	weg|weise	manera	2.363e-03	2	0.481	1.210e-03	7.116e-04	4.415e-04
ner	ADV	never	nie|niemals	nunca|jamás	2.358e-03	2	0.395	9.073e-04	6.592e-04	7.914e-04
nar	ADP	under	unter	bajo	2.348e-03	2	0.391	5.905e-04	1.442e-03	3.159e-04
ned	VERB	need	brauchen|benötigen	necesitar	2.338e-03	2	0.500	1.307e-03	5.594e-04	4.724e-04
gon	ADP	against	gegen|dagegen	contra	2.324e-03	2	0.374	5.270e-04	1.268e-03	5.289e-04
fer	NOUN	woman	frau|weib	mujer	2.302e-03	2	0.393	6.651e-04	9.529e-04	6.839e-04
vel	ADV	well	naja	bien|pues	2.257e-03	2	0.573	9.999e-04	7.999e-05	1.177e-03
vul	NOUN	world	welt	mundo|mundial	2.242e-03	2	0.371	8.850e-04	5.544e-04	8.026e-04
nad	PRON	nothing	nichts	nada	2.211e-03	2	0.511	3.962e-04	9.376e-04	8.769e-04
pep	NOUN	people	leute	gente	2.202e-03	2	0.442	1.207e-03	1.982e-04	7.969e-04
lin	ADJ	little	klein|wenig	pequeño|poquito|poco	2.195e-03	2	0.457	6.098e-04	1.220e-03	3.659e-04
hov	ADV	how	wie	cómo	2.181e-03	2	0.921	1.937e-03	5.990e-05	1.843e-04
hup	ADP	up	hoch		2.181e-03	2	0.664	2.161e-03	1.932e-05	0.000e+00
bor	NOUN	work	arbeit|arbeiten	trabajo|obra	2.172e-03	2	0.291	6.562e-04	4.938e-04	1.023e-03
tag	PRON	something	etwas|sowas|irgendetwas	algo	2.155e-03	2	0.310	7.245e-04	5.642e-04	8.661e-04
fir	ADJ	first		primero	2.146e-03	2	0.455	9.762e-04	0.000e+00	1.170e-03
tat	NOUN	state	staat|bundesstaat|mitgliedstaat	estado	2.116e-03	2	0.574	9.106e-04	2.859e-04	9.191e-04
put	ADP	out			2.001e-03	2	0.667	2.001e-03	0.000e+00	0.000e+00
vil	DET		viel		1.988e-03	2	0.750	0.000e+00	1.988e-03	0.000e+00
lan	NOUN	country	land	país	1.988e-03	2	0.390	4.877e-04	6.398e-04	8.606e-04
ker	VERB	believe	glauben	creer	1.983e-03	2	0.384	4.701e-04	4.925e-04	1.021e-03
lik	ADP	like	wie	según	1.978e-03	2	0.558	1.103e-03	5.299e-04	3.446e-04
lar	VERB	leave	verlassen|hinterlassen	dejar	1.950e-03	2	0.420	7.518e-04	2.283e-04	9.702e-04
vok	VERB	work	arbeiten	trabajar	1.944e-03	2	0.400	1.036e-03	4.544e-04	4.537e-04
vah	ADV	why	warum|wieso|weshalb|wozu		1.930e-03	2	0.523	1.009e-03	9.201e-04	0.000e+00
sim	ADJ	same	gleich	mismo	1.925e-03	2	0.467	7.042e-04	6.000e-04	6.208e-04
pab	ADP	off	ab		1.921e-03	2	0.390	7.962e-04	1.125e-03	0.000e+00
hok	ADJ	high	hoch	alto	1.885e-03	2	0.486	8.015e-04	7.166e-04	3.672e-04
gam	NOUN	game	spiel	juego	1.880e-03	2	0.468	8.804e-04	6.724e-04	3.276e-04
has	NOUN	house	haus	casa|casita	1.861e-03	2	0.636	6.187e-04	5.771e-04	6.655e-04
kid	NOUN	child	kind	niño|niña	1.861e-03	2	0.643	5.524e-04	8.292e-04	4.790e-04
mal	ADV	once	mal|einmal|einst		1.852e-03	2	0.703	2.392e-04	1.613e-03	0.000e+00
gir	VERB	follow	folgen	seguir	1.850e-03	2	0.320	6.547e-04	2.888e-04	9.070e-04
tur	NUM	three	drei|dreier	tres	1.826e-03	2	0.431	6.729e-04	6.330e-04	5.201e-04
sit	NOUN	city	stadt|city	ciudad	1.825e-03	2	0.570	5.314e-04	6.986e-04	5.951e-04
pot	VERB	put	setzen	poner	1.808e-03	2	0.431	6.049e-04	4.487e-04	7.548e-04
kal	NOUN	case	fall	caso	1.799e-03	2	0.667	5.148e-04	5.978e-04	6.869e-04
lat	ADJ	last	letzte|letzter	último	1.798e-03	2	0.492	7.559e-04	5.500e-04	4.918e-04
keb	VERB	stay	bleiben	quedar	1.785e-03	2	0.283	2.959e-04	7.930e-04	6.965e-04
vet	ADJ	old	alt	viejo	1.782e-03	2	0.217	7.293e-04	8.380e-04	2.143e-04
las	NOUN	place	platz	lugar	1.771e-03	2	0.570	6.390e-04	3.875e-04	7.441e-04
kan	DET	any	irgendein	cualquiera	1.752e-03	2	0.546	1.268e-03	6.603e-05	4.180e-04
kar	VERB	call	nennen|anrufen	llamar	1.745e-03	2	0.430	7.582e-04	3.876e-04	5.993e-04
rar	VERB	try	versuchen|probieren	tratar	1.726e-03	2	0.334	8.558e-04	3.931e-04	4.770e-04
dus	ADJ	english	deutsch|englisch	inglés	1.720e-03	2	0.491	1.781e-04	1.490e-03	5.133e-05
rid	NOUN	friend	freund	amigo|amiga	1.709e-03	2	0.381	7.589e-04	4.016e-04	5.485e-04
gan	ADJ		ganz		1.690e-03	2	0.750	0.000e+00	1.690e-03	0.000e+00
sov	VERB	show	zeigen	mostrar	1.683e-03	2	0.543	7.674e-04	6.780e-04	2.372e-04
kep	VERB	keep	halten|beibehalten	mantener	1.673e-03	2	0.418	7.396e-04	6.726e-04	2.610e-04
pel	VERB	play	spielen|abspielen	jugar	1.633e-03	2	0.471	8.404e-04	4.911e-04	3.017e-04
pur	PRON	our		nuestro	1.621e-03	2	0.656	1.569e-03	0.000e+00	5.203e-05
lok	VERB	look	schauen		1.597e-03	2	0.672	1.430e-03	1.663e-04	0.000e+00
fel	VERB	feel	fühlen|spüren	sentir	1.591e-03	2	0.494	8.210e-04	2.895e-04	4.804e-04
liv	VERB	live	leben|wohnen	vivir	1.575e-03	2	0.553	5.898e-04	4.386e-04	5.465e-04
rit	ADJ	right	richtig|recht	correcto|derecho	1.552e-03	2	0.505	4.075e-04	9.971e-04	1.475e-04
lag	ADJ	long	lang|lange	largo	1.546e-03	2	0.675	4.652e-04	8.931e-04	1.876e-04
pob	NOUN	problem	problem	problema|problemática	1.533e-03	2	0.428	4.531e-04	4.925e-04	5.875e-04
hal	VERB	talk	reden	hablar	1.533e-03	2	0.453	5.179e-04	1.452e-04	8.697e-04
ral	ADV	really	wirklich|echt	realmente	1.532e-03	2	0.605	1.042e-03	2.911e-04	1.988e-04
ben	ADJ			buen	1.530e-03	2	0.750	0.000e+00	0.000e+00	1.530e-03
ves	NOUN			vez	1.501e-03	2	1.000	0.000e+00	0.000e+00	1.501e-03
den	PRON	someone	jemand	alguien	1.496e-03	2	0.333	4.801e-04	4.921e-04	5.239e-04
vek	NOUN	week	woche|wochentag	semana	1.494e-03	2	0.569	5.781e-04	5.018e-04	4.145e-04
fak	ADJ	easy	einfach|leichter	fácil	1.476e-03	2	0.453	2.847e-04	9.931e-04	1.983e-04
fid	NOUN	end	ende	fin	1.475e-03	2	0.427	4.913e-04	5.676e-04	4.160e-04
kop	NOUN	company	unternehmen	empresa|compañía	1.467e-03	2	0.313	6.355e-04	3.134e-04	5.177e-04
sar	VERB	start	beginnen	empezar	1.455e-03	2	0.430	7.569e-04	2.990e-04	3.988e-04
pag	VERB	pass	übergeben|vergehen|weitergeben	pasar	1.443e-03	2	0.435	2.714e-04	7.760e-05	1.095e-03
teh	VERB	stand	stehen		1.438e-03	2	0.442	2.769e-04	1.161e-03	0.000e+00
mil	NOUN	family	familie	familia|familiar	1.438e-03	2	0.593	6.072e-04	3.738e-04	4.568e-04
nam	NOUN	name	name|vorname	nombre	1.434e-03	2	0.798	5.048e-04	4.531e-04	4.765e-04
pad	NOUN	party	partei|party	partido|fiesta	1.422e-03	2	0.451	4.217e-04	3.210e-04	6.792e-04
dun	ADP	during	während	durante	1.409e-03	2	0.448	5.805e-04	2.039e-04	6.249e-04
gup	NOUN	group	gruppe|unternehmensgruppe	grupo	1.401e-03	2	0.689	5.625e-04	3.072e-04	5.318e-04
hor	NOUN	hour	stunde	hora	1.401e-03	2	0.625	4.496e-04	4.130e-04	5.386e-04
nin	ADP	into	hinein	dentro	1.395e-03	2	0.335	1.376e-03	1.745e-05	1.575e-06
bad	ADJ	bad	schlecht|schlimm	mal	1.395e-03	2	0.468	5.193e-04	4.754e-04	4.001e-04
pin	DET	own	eigen	propio	1.373e-03	2	0.361	5.539e-04	7.054e-04	1.140e-04
per	DET		unser		1.372e-03	2	0.400	0.000e+00	1.372e-03	0.000e+00
met	VERB	meet	treffen|kennenlernen	conocer	1.347e-03	2	0.323	3.893e-04	3.834e-04	5.743e-04
net	DET			nuestro	1.340e-03	2	0.500	0.000e+00	0.000e+00	1.340e-03
rag	NOUN	question	frage|fragen|fragestellung	pregunta|interrogante	1.338e-03	2	0.453	3.899e-04	7.348e-04	2.134e-04
sid	NOUN	side	seite	lado|costado|lateral	1.334e-03	2	0.596	3.991e-04	5.278e-04	4.068e-04
rig	VERB	bring	bringen|mitbringen	traer	1.322e-03	2	0.462	4.721e-04	6.965e-04	1.538e-04
rat	ADJ		erst		1.321e-03	2	0.500	0.000e+00	1.321e-03	0.000e+00
ger	NOUN	government	regierung	gobierno	1.318e-03	2	0.369	4.529e-04	2.175e-04	6.478e-04
pun	NOUN	point	punkt	punto	1.297e-03	2	0.568	5.555e-04	2.780e-04	4.635e-04
kod	VERB	could			1.288e-03	2	0.600	1.288e-03	0.000e+00	0.000e+00
sul	NOUN	school	schule|schuljahr|schulen	escuela	1.287e-03	2	0.628	6.975e-04	3.474e-04	2.422e-04
mot	NOUN	month	monat	mes	1.286e-03	2	0.556	4.486e-04	3.745e-04	4.632e-04
rer	PRON	her			1.286e-03	2	0.667	1.286e-03	0.000e+00	0.000e+00
lav	NOUN	law	recht|rechtswissenschaft	ley|leyes	1.272e-03	2	0.450	4.080e-04	3.686e-04	4.950e-04
tig	ADJ	important	wichtig|wichtiger	importante	1.272e-03	2	0.282	3.034e-04	5.611e-04	4.071e-04
hel	VERB	help	helfen	ayudar	1.271e-03	2	0.524	6.524e-04	3.549e-04	2.641e-04
med	NOUN	money	geld	dinero	1.264e-03	2	0.365	4.893e-04	4.795e-04	2.956e-04
vin	VERB	win	gewinnen	ganar	1.261e-03	2	0.624	5.920e-04	2.652e-04	4.035e-04
tam	NOUN	team	team	equipo	1.254e-03	2	0.521	6.218e-04	2.493e-04	3.826e-04
dir	VERB	die	sterben	morir	1.248e-03	2	0.312	7.006e-04	2.475e-04	3.004e-04
dok	ADV	yet	doch	aún	1.247e-03	2	0.524	2.725e-04	6.535e-04	3.212e-04
nen	VERB	understand	verstehen	entender|comprender	1.242e-03	2	0.292	3.256e-04	4.311e-04	4.857e-04
far	ADJ	free	frei|kostenlos	libre|gratuito|gratis	1.242e-03	2	0.507	4.776e-04	4.761e-04	2.880e-04
nud	VERB	include	enthalten|beinhalten|einschließen	incluir	1.233e-03	2	0.396	7.714e-04	1.763e-04	2.857e-04
rib	VERB	write	schreiben	escribir	1.217e-03	2	0.443	4.795e-04	4.161e-04	3.212e-04
pal	NOUN	once	mal	once	1.205e-03	2	0.663	3.709e-06	1.198e-03	2.633e-06
nok	NOUN	night	nacht	noche|nocturno	1.203e-03	2	0.559	4.882e-04	2.776e-04	4.373e-04
kur	ADJ	sure	klar	claro	1.201e-03	2	0.566	4.773e-04	4.404e-04	2.832e-04
tem	NOUN	system	system	sistema	1.194e-03	2	0.500	5.357e-04	2.219e-04	4.363e-04
mar	NOUN	area	bereich	zona|área	1.177e-03	2	0.404	4.814e-04	2.550e-04	4.406e-04
san	NOUN	husband	mann|ehemann	marido|esposo	1.176e-03	2	0.606	1.182e-04	9.806e-04	7.767e-05
til	ADV	still		todavía	1.174e-03	2	0.633	9.241e-04	0.000e+00	2.502e-04
los	VERB	lose	verlieren	perder	1.174e-03	2	0.461	5.115e-04	2.705e-04	3.921e-04
led	VERB	read	lesen	leer	1.173e-03	2	0.471	5.208e-04	3.413e-04	3.111e-04
vat	VERB	wait	warten	esperar	1.171e-03	2	0.394	3.478e-04	2.327e-04	5.908e-04
han	NOUN	hand	hand	mano	1.166e-03	2	0.723	4.448e-04	3.504e-04	3.710e-04
hig	ADJ		jährig		1.160e-03	2	0.500	0.000e+00	1.160e-03	0.000e+00
lor	NOUN	word	wort	palabra	1.160e-03	2	0.447	4.018e-04	3.886e-04	3.692e-04
big	ADJ	big		grande	1.154e-03	2	0.587	6.772e-04	0.000e+00	4.768e-04
vit	ADJ	far	weit	lejano	1.143e-03	2	0.719	3.040e-05	1.095e-03	1.694e-05
run	VERB	run	laufen	correr	1.139e-03	2	0.670	6.012e-04	4.093e-04	1.289e-04
nek	ADJ	next	nächste	siguiente	1.139e-03	2	0.421	4.801e-04	3.771e-04	2.817e-04
set	ADP	since	seit		1.138e-03	2	0.669	1.841e-04	9.540e-04	0.000e+00
bak	ADV	back	zurück|hinten		1.136e-03	2	0.836	9.202e-04	2.161e-04	0.000e+00
fom	NOUN	form	form|formular	forma|formulario	1.135e-03	2	0.746	2.594e-04	2.373e-04	6.385e-04
tik	NOUN	article	artikel	artículo	1.123e-03	2	0.441	1.945e-04	6.092e-04	3.192e-04
har	VERB	hear	hören	escuchar|oír	1.121e-03	2	0.506	4.349e-04	3.437e-04	3.425e-04
tid	ADV	too		demasiado	1.118e-03	2	0.325	1.001e-03	0.000e+00	1.168e-04
fit	NOUN	picture	bild	foto	1.116e-03	2	0.413	2.260e-04	4.994e-04	3.906e-04
leg	VERB	arrive	ankommen	llegar	1.114e-03	2	0.503	1.250e-04	7.220e-05	9.168e-04
hil	SCONJ	while		mientras	1.111e-03	2	0.511	6.860e-04	0.000e+00	4.247e-04
rak	VERB	ask	fragen	preguntar	1.109e-03	2	0.307	5.964e-04	2.473e-04	2.654e-04
non	ADJ	nice	schön	lindo|bonito	1.108e-03	2	0.534	2.638e-04	6.730e-04	1.712e-04
fas	ADV	almost	fast|beinahe	casi	1.106e-03	2	0.563	2.734e-04	4.808e-04	3.515e-04
dot	ADV		dort	ahí	1.094e-03	2	0.489	0.000e+00	7.135e-04	3.806e-04
ran	NOUN	reason	grund|vernunft	razón	1.088e-03	2	0.486	3.261e-04	4.480e-04	3.134e-04
bit	DET	both	beide	ambos|tanto	1.083e-03	2	0.489	3.242e-04	5.068e-04	2.525e-04
din	ADJ	different	verschieden	diferente|distinto	1.074e-03	2	0.348	4.341e-04	2.397e-04	4.004e-04
ren	VERB	create	schaffen|erstellen|anlegen	crear	1.072e-03	2	0.394	3.182e-04	4.790e-04	2.750e-04
tan	ADV			tanto	1.072e-03	2	0.750	0.000e+00	0.000e+00	1.072e-03
buk	NOUN	book	buch	libro	1.057e-03	2	0.488	4.013e-04	3.148e-04	3.409e-04
dak	NOUN	thanks	dank|dankeschön	gracias	1.055e-03	2	0.491	3.020e-04	4.856e-04	2.675e-04
ses	NOUN	service	service|dienstleistung	servicio	1.054e-03	2	0.494	5.725e-04	8.050e-05	4.014e-04
mik	ADV	maybe	vielleicht|womöglich	quizás	1.049e-03	2	0.323	3.147e-04	6.418e-04	9.274e-05
res	VERB	receive	erhalten|empfangen	recibir	1.031e-03	2	0.376	3.028e-04	3.997e-04	3.290e-04
tas	NOUN	street	straße	calle	1.031e-03	2	0.421	2.642e-04	5.053e-04	2.620e-04
var	NOUN	water	wasser|gewässer|trinkwasser|wasserversorgung	agua	1.031e-03	2	0.502	3.958e-04	2.794e-04	3.559e-04
tob	SCONJ	whether	ob		1.029e-03	2	0.555	2.305e-04	7.987e-04	0.000e+00
nan	ADJ	national	national	nacional|nacionales	1.018e-03	2	0.375	3.575e-04	9.661e-05	5.636e-04
mes	ADV	less	weniger	menos	1.017e-03	2	0.544	1.934e-04	1.518e-04	6.714e-04
mom	NOUN	moment	moment	momento	1.015e-03	2	0.500	2.407e-04	1.839e-04	5.907e-04
nop	CCONJ	nor	noch	ni	1.007e-03	2	0.364	6.729e-05	2.430e-05	9.158e-04
pah	VERB	pay	zahlen|bezahlen	pagar	1.006e-03	2	0.338	5.056e-04	2.625e-04	2.383e-04
bed	NOUN	body	stelle|körper|karosserie	cuerpo|cadáver|carrocería	1.005e-03	2	0.362	3.348e-04	3.801e-04	2.897e-04
pik	ADJ	public	öffentlich	público|publico	1.003e-03	2	0.438	3.765e-04	2.493e-04	3.769e-04
luk	SCONJ	although	obwohl|obgleich	aunque	1.000e-03	2	0.364	2.204e-04	1.802e-04	5.994e-04
lig	VERB	lie	liegen	mentir	9.976e-04	2	0.464	1.743e-04	8.023e-04	2.100e-05
fut	ADV	out	raus	fuera	9.933e-04	2	0.556	6.080e-04	1.834e-04	2.018e-04
vik	DET	which	welcher	cuál|cual	9.884e-04	2	0.388	1.343e-04	8.476e-04	6.477e-06
vol	ADV	probably	wohl	probablemente	9.828e-04	2	0.567	2.624e-04	6.210e-04	9.940e-05
sal	ADJ	social	sozial	social	9.729e-04	2	0.500	2.935e-04	2.012e-04	4.782e-04
vur	NOUN	war	krieg	guerra	9.728e-04	2	0.363	3.648e-04	2.786e-04	3.294e-04
pid	NOUN	idea	idee	idea	9.728e-04	2	0.667	3.328e-04	2.583e-04	3.817e-04
kut	NOUN	car	auto|pkw|mietwagen	auto|coche|automóvil	9.723e-04	2	0.473	4.013e-04	3.451e-04	2.259e-04
bid	NOUN	video	video	vídeo	9.720e-04	2	0.667	3.691e-04	2.416e-04	3.613e-04
vun	ADJ	young	jung	joven	9.657e-04	2	0.454	3.532e-04	5.214e-04	9.104e-05
tip	NOUN	type	typ	tipo|escriba	9.620e-04	2	0.995	2.774e-04	1.477e-04	5.369e-04
lev	VERB	carry		llevar	9.600e-04	2	0.465	2.167e-04	0.000e+00	7.433e-04
lov	VERB	love	lieben	amar	9.580e-04	2	0.772	7.192e-04	1.214e-04	1.173e-04
hep	NOUN	example	beispiel	ejemplo	9.578e-04	2	0.307	2.552e-04	3.762e-04	3.264e-04
veb	ADP	over	vorbei		9.524e-04	2	0.500	9.096e-04	4.278e-05	0.000e+00
fur	NUM	four	vier	cuatro	9.504e-04	2	0.488	3.783e-04	3.237e-04	2.483e-04
mut	NOUN	minute	minute	minuto	9.500e-04	2	0.600	3.666e-04	3.629e-04	2.205e-04
puk	DET			mucho	9.385e-04	2	0.667	0.000e+00	0.000e+00	9.385e-04
hih	NOUN	son	sohn	hijo	9.371e-04	2	0.546	2.484e-04	2.364e-04	4.523e-04
pit	ADJ	political	politisch	político	9.358e-04	2	0.406	2.176e-04	3.167e-04	4.015e-04
pol	ADJ	possible	möglich	posible	9.313e-04	2	0.429	2.556e-04	3.984e-04	2.773e-04
red	VERB	lead	führen	liderar	9.263e-04	2	0.396	3.734e-04	5.310e-04	2.181e-05
tel	VERB	tell			9.235e-04	2	1.000	9.235e-04	0.000e+00	0.000e+00
sur	ADJ	strong	stark	fuerte	9.223e-04	2	0.383	2.307e-04	4.920e-04	1.995e-04
rel	ADJ	real	real	real|verdadero	9.163e-04	2	0.666	4.178e-04	7.440e-05	4.241e-04
kor	ADJ	short	kurz	corto	9.120e-04	2	0.529	2.569e-04	5.475e-04	1.076e-04
kag	VERB	change	ändern	cambiar	9.092e-04	2	0.411	3.712e-04	2.034e-04	3.345e-04
mos	ADV	most	meist		9.072e-04	2	0.638	6.166e-04	2.906e-04	0.000e+00
van	ADJ	many	vielen		9.059e-04	2	0.665	9.007e-04	5.153e-06	0.000e+00
tog	ADP	through		mediante	9.031e-04	2	0.432	7.808e-04	0.000e+00	1.223e-04
fol	ADJ	full	voll|vollständig	completo	9.001e-04	2	0.574	3.811e-04	4.056e-04	1.134e-04
hap	VERB	happen	passieren|geschehen		8.998e-04	2	0.403	5.215e-04	3.783e-04	0.000e+00
het	ADV		heute		8.981e-04	2	0.750	0.000e+00	8.981e-04	0.000e+00
hin	VERB		heißen		8.944e-04	2	0.500	0.000e+00	8.944e-04	0.000e+00
kad	NOUN	head	kopf|haupt	cabeza	8.886e-04	2	0.393	3.683e-04	2.834e-04	2.368e-04
sir	ADJ	hard	schwer	difícil	8.799e-04	2	0.359	3.125e-04	3.529e-04	2.145e-04
kab	VERB	buy	kaufen	comprar	8.730e-04	2	0.322	3.768e-04	2.901e-04	2.061e-04
rin	NOUN	president	präsident|präsidentin|vorsitzender	presidente	8.703e-04	2	0.332	3.281e-04	1.708e-04	3.714e-04
vis	ADJ	white	weiß	blanco	8.635e-04	2	0.502	3.495e-04	3.444e-04	1.696e-04
meb	NOUN	member	mitglied	miembro	8.630e-04	2	0.433	4.185e-04	2.323e-04	2.122e-04
kes	NOUN	issue	thema	cuestión	8.599e-04	2	0.340	3.551e-04	3.772e-04	1.276e-04
rek	NOUN	right	rechte|richtig	derecho|derecha|correcto	8.599e-04	2	0.431	3.670e-04	2.405e-05	4.688e-04
lel	NOUN	level	ebene|stufe|niveau	nivel	8.484e-04	2	0.436	3.876e-04	1.602e-04	3.007e-04
vak	VERB	watch	ansehen|anschauen	mirar	8.456e-04	2	0.436	3.995e-04	1.327e-04	3.135e-04
dov	ADV	however	jedoch		8.383e-04	2	0.342	4.241e-04	4.142e-04	0.000e+00
fen	VERB	learn	lernen|erfahren|erlernen	aprender	8.364e-04	2	0.346	2.937e-04	3.725e-04	1.703e-04
nid	PRON	nobody	niemand	nadie	8.331e-04	2	0.558	9.943e-05	2.685e-04	4.652e-04
kah	NOUN	class	klasse|baureihe	clase	8.280e-04	2	0.499	3.494e-04	1.787e-04	2.999e-04
ret	NOUN	result	ergebnis|resultat	resultado	8.266e-04	2	0.390	3.223e-04	2.471e-04	2.571e-04
vad	NOUN	father	vater	padre	8.254e-04	2	0.392	2.165e-04	2.433e-04	3.657e-04
mor	ADJ			mejor	8.253e-04	2	0.600	0.000e+00	0.000e+00	8.253e-04
det	NOUN	death	tod	muerte|defunción	8.251e-04	2	0.429	3.179e-04	2.176e-04	2.896e-04
dep	CCONJ		denn		8.230e-04	2	0.667	0.000e+00	8.230e-04	0.000e+00
hir	NOUN	sir	herr|sir	señor	8.226e-04	2	0.493	1.289e-04	3.878e-04	3.060e-04
pug	NOUN	eye	auge	ojo	8.212e-04	2	0.236	2.980e-04	2.913e-04	2.320e-04
mek	ADJ	american	amerikanisch	americano|estadounidense	8.210e-04	2	0.319	3.448e-04	3.331e-04	1.431e-04
bin	NOUN	line	linie	línea|linea	8.184e-04	2	0.667	4.272e-04	1.308e-04	2.604e-04
god	NOUN	god	gott	dios	8.183e-04	2	0.761	3.970e-04	2.897e-04	1.316e-04
nom	NOUN	information	information|auskunft	información	8.150e-04	2	0.269	3.002e-04	1.945e-04	3.203e-04
fev	ADJ	few	paar		8.124e-04	2	0.575	4.669e-04	3.455e-04	0.000e+00
kam	NOUN	change	änderung|wechsel	cambio	8.110e-04	2	0.548	3.467e-04	1.129e-04	3.514e-04
nel	ADJ	fast	schnell	rápido	8.103e-04	2	0.500	1.398e-04	5.404e-04	1.301e-04
gil	NOUN	girl	mädchen	chica|muchacha	8.092e-04	2	0.470	4.330e-04	1.917e-04	1.845e-04
sat	ADJ	late	spät		8.085e-04	2	0.718	3.132e-04	4.953e-04	0.000e+00
pus	NOUN	music	musik	música	8.039e-04	2	0.400	3.694e-04	2.473e-04	1.872e-04
gel	ADJ	general	allgemein	general	8.034e-04	2	0.388	2.622e-04	1.835e-04	3.578e-04
sef	ADJ	safe	sicher	seguro	8.008e-04	2	0.449	1.483e-04	4.358e-04	2.167e-04
mad	NOUN	half	hälfte	medio|mitad	7.970e-04	2	0.494	1.869e-04	1.130e-04	4.972e-04
pok	NOUN	project	projekt|vorhaben	proyecto	7.943e-04	2	0.420	2.535e-04	2.073e-04	3.335e-04
tut	NOUN	art	kunst	arte	7.942e-04	2	0.346	4.857e-04	1.497e-04	1.587e-04
vem	ADV	ever	je|jemals		7.875e-04	2	0.348	5.193e-04	2.682e-04	0.000e+00
sek	VERB	speak	sprechen		7.862e-04	2	0.496	3.111e-04	4.751e-04	0.000e+00
kir	VERB	finish	fertigstellen	terminar|acabar	7.826e-04	2	0.269	1.642e-04	7.308e-06	6.111e-04
bup	ADV	up	oben|hinauf	arriba	7.746e-04	2	0.445	4.333e-04	2.280e-04	1.133e-04
lad	ADV	late		tarde	7.742e-04	2	0.630	6.033e-04	0.000e+00	1.709e-04
pis	NOUN	price	preis	precio	7.724e-04	2	0.622	2.728e-04	2.613e-04	2.383e-04
mur	NOUN	mother	mutter	madre	7.723e-04	2	0.503	2.175e-04	2.400e-04	3.148e-04
hek	NOUN	fact	tatsache	hecho	7.694e-04	2	0.594	3.454e-04	6.413e-05	3.599e-04
ton	ADJ	international	international	internacional|internacionales	7.655e-04	2	0.231	2.556e-04	2.265e-04	2.834e-04
kit	NOUN	kind	art	tipo|clase	7.649e-04	2	0.402	3.204e-04	4.428e-04	1.762e-06
gol	NOUN	goal	ziel|zielsetzung	objetivo|gol|meta|portería	7.627e-04	2	0.393	2.278e-04	2.373e-04	2.976e-04
sag	NOUN	situation	lage|situation	situación	7.614e-04	2	0.327	1.702e-04	3.262e-04	2.650e-04
sok	DET	such	solch|solcher	tal	7.608e-04	2	0.525	1.827e-04	4.628e-04	1.154e-04
tul	ADV	actually	eigentlich		7.598e-04	2	0.288	3.451e-04	4.147e-04	0.000e+00
pos	NOUN	police	polizei	policía	7.596e-04	2	0.600	2.388e-04	2.902e-04	2.306e-04
sed	ADJ	second		segundo	7.589e-04	2	0.500	3.852e-04	0.000e+00	3.737e-04
sad	VERB	send	schicken|abschicken	enviar|mandar	7.550e-04	2	0.357	3.648e-04	1.299e-04	2.603e-04
tud	NOUN	study	studium|studie|arbeitszimmer	estudio	7.534e-04	2	0.639	2.445e-04	2.339e-04	2.750e-04
kun	NOUN	account	rechnung|konto|account	cuenta	7.515e-04	2	0.546	2.219e-04	1.402e-04	3.894e-04
fil	NOUN	movie	film	película	7.511e-04	2	0.386	2.307e-04	3.045e-04	2.159e-04
pog	NOUN	program	programm	programa	7.510e-04	2	0.429	2.962e-04	1.494e-04	3.054e-04
fiv	NUM	five	fünf	cinco	7.431e-04	2	0.565	3.117e-04	2.307e-04	2.006e-04
dab	ADV		dabei		7.425e-04	2	1.000	0.000e+00	7.425e-04	0.000e+00
mag	NOUN	message	nachricht	mensaje	7.420e-04	2	0.416	3.679e-04	1.930e-04	1.811e-04
pov	NOUN	power	kraft|macht|stromversorgung	potencia	7.413e-04	2	0.362	4.253e-04	2.788e-04	3.722e-05
nes	NOUN	business	wirtschaft	negocio	7.403e-04	2	0.417	4.561e-04	1.207e-04	1.635e-04
lob	NOUN	love	liebe|liebste	amor	7.392e-04	2	0.453	1.934e-04	2.815e-04	2.643e-04
ded	VERB	decide	entscheiden|beschließen	decidir	7.388e-04	2	0.386	2.314e-04	3.008e-04	2.066e-04
bag	VERB	bear	tragen		7.372e-04	2	0.431	4.310e-04	3.062e-04	0.000e+00
bes	INTJ	yes	ja	sí	7.358e-04	2	0.459	3.689e-04	9.044e-05	2.765e-04
lot	VERB	allow	erlauben|gestatten	permitir	7.349e-04	2	0.294	3.320e-04	1.112e-04	2.917e-04
ruh	ADJ	early	früh|früher	temprano	7.332e-04	2	0.427	2.731e-04	4.372e-04	2.285e-05
mir	ADJ	major		mayor	7.304e-04	2	0.541	2.156e-04	0.000e+00	5.148e-04
kon	VERB	consider	betrachten|überlegen|erwägen	considerar	7.279e-04	2	0.306	3.037e-04	1.461e-04	2.781e-04
his	ADP	behind	hinter|dahinter	tras	7.251e-04	2	0.302	2.042e-04	2.540e-04	2.670e-04
kim	NOUN	action	aktion|maßnahme	acción	7.205e-04	2	0.308	2.724e-04	2.045e-04	2.435e-04
rad	NOUN	truth	wahrheit	verdad	7.203e-04	2	0.401	1.305e-04	1.031e-04	4.868e-04
hat	ADJ	holy	heilig	santo|santísimo	7.203e-04	2	0.444	8.528e-05	7.487e-05	5.601e-04
bud	VERB	build	bauen|aufbauen	construir	7.200e-04	2	0.427	3.361e-04	2.573e-04	1.267e-04
mun	NOUN	community	gemeinde|gemeinschaft	comunidad	7.178e-04	2	0.354	3.017e-04	2.191e-04	1.970e-04
dob	NOUN	job	job	empleo	7.172e-04	2	0.805	4.592e-04	1.769e-04	8.108e-05
reb	VERB	remember	erinnern	recordar	7.170e-04	2	0.312	3.109e-04	1.550e-04	2.511e-04
tet	NOUN	center	mitte|center	centro	7.153e-04	2	0.364	2.023e-04	1.847e-04	3.282e-04
ban	VERB	mean			7.134e-04	2	0.500	7.134e-04	0.000e+00	0.000e+00
seh	NOUN	series	reihe|serie	serie|series	7.124e-04	2	0.513	2.500e-04	2.691e-04	1.934e-04
vov	VERB	back	rücken	volver	7.102e-04	2	0.423	6.042e-05	4.904e-05	6.008e-04
riv	VERB	drive	fahren	conducir	7.101e-04	2	0.370	2.526e-04	3.905e-04	6.695e-05
lak	ADJ	black	schwarz	negro|negros	7.082e-04	2	0.390	3.053e-04	2.350e-04	1.680e-04
sem	VERB	seem	scheinen		7.012e-04	2	0.577	4.106e-04	2.906e-04	0.000e+00
tum	NOUN	subject	subjekt	sujeto	6.998e-04	2	0.432	9.997e-05	4.424e-05	5.556e-04
deg	NOUN	order	ordnung	orden|encargo|pedido	6.998e-04	2	0.375	3.310e-04	1.007e-04	2.681e-04
del	NOUN	development	entwicklung	desarrollo	6.978e-04	2	0.280	2.462e-04	1.993e-04	2.523e-04
pak	VERB			parecer	6.955e-04	2	0.286	0.000e+00	0.000e+00	6.955e-04
sod	CCONJ		sondern		6.951e-04	2	0.429	0.000e+00	6.951e-04	0.000e+00
tol	VERB	pose	stellen	posar	6.929e-04	2	0.333	3.017e-05	6.596e-04	3.086e-06
sos	NOUN	society	gesellschaft	sociedad	6.929e-04	2	0.354	1.786e-04	2.409e-04	2.734e-04
kil	VERB	kill	töten	matar	6.910e-04	2	0.590	4.076e-04	9.780e-05	1.856e-04
hon	VERB	belong	gehören|angehören	pertenecer	6.905e-04	2	0.377	7.008e-05	5.371e-04	8.335e-05
kul	ADJ	current	aktuell	actual|corriente	6.894e-04	2	0.441	2.017e-04	2.752e-04	2.124e-04
keg	NOUN	guy	kerl		6.867e-04	2	0.341	6.555e-04	3.112e-05	0.000e+00
nir	NOUN	university	universität	universidad|universitario|universidades	6.827e-04	2	0.299	2.990e-04	1.118e-04	2.719e-04
lir	VERB	explain	erklären|erläutern	explicar	6.809e-04	2	0.270	1.783e-04	3.296e-04	1.730e-04
rot	ADV		erst		6.793e-04	2	0.500	0.000e+00	6.793e-04	0.000e+00
ram	NOUN	room	raum|hotelzimmer	sala|habitación	6.787e-04	2	0.507	3.139e-04	2.012e-04	1.636e-04
pir	NOUN	player	spieler	jugador|reproductor|jugadora	6.779e-04	2	0.417	3.962e-04	1.556e-04	1.261e-04
bel	VERB	apply	gelten|anwenden|beantragen	aplicar	6.750e-04	2	0.289	1.610e-04	4.175e-04	9.647e-05
hom	NOUN	home	heimat|startseite	hogar	6.704e-04	2	0.850	5.129e-04	6.836e-05	8.906e-05
fet	ADV	often	oft|oftmals		6.701e-04	2	0.355	2.868e-04	3.833e-04	0.000e+00
gin	VERB	begin	anfangen	comenzar	6.649e-04	2	0.370	3.222e-04	7.731e-05	2.653e-04
fod	NOUN	food	essen	comida	6.616e-04	2	0.443	3.088e-04	1.999e-04	1.530e-04
sun	NOUN	student	schüler|student|studentin|studierende	estudiante|alumna	6.612e-04	2	0.403	3.158e-04	2.198e-04	1.256e-04
sog	NOUN	song	lied|song	canción	6.579e-04	2	0.499	2.803e-04	1.976e-04	1.800e-04
kat	NOUN	character	zeichen|figur|charakter	personaje|carácter	6.571e-04	2	0.258	2.287e-04	2.285e-04	1.999e-04
top	VERB	stop	aufhören	detener|parar	6.566e-04	2	0.532	4.382e-04	6.119e-05	1.572e-04
bal	VERB			salir	6.548e-04	2	0.400	0.000e+00	0.000e+00	6.548e-04
lit	NOUN	policy	politik	política|póliza	6.546e-04	2	0.419	2.224e-04	2.059e-04	2.262e-04
fal	VERB	fall	fallen		6.537e-04	2	0.747	2.395e-04	4.142e-04	0.000e+00
fis	ADV	first	zuerst	primero	6.536e-04	2	0.468	4.545e-04	1.104e-04	8.867e-05
sor	ADV	especially	besonders|vorallem	especialmente	6.461e-04	2	0.227	1.808e-04	3.431e-04	1.223e-04
hes	NOUN	heart	herz|herzen	corazón	6.451e-04	2	0.435	2.584e-04	2.112e-04	1.755e-04
pop	ADV	little	wenig	poco|poquito	6.445e-04	2	0.368	2.585e-05	2.578e-04	3.608e-04
sih	VERB	draw	ziehen|zeichnen	dibujar	6.433e-04	2	0.333	1.841e-04	4.431e-04	1.609e-05
bas	ADP	toward	gegenüber	hacia	6.428e-04	2	0.437	5.417e-05	2.170e-04	3.716e-04
kis	VERB	exist	existieren	existir	6.412e-04	2	0.395	1.781e-04	9.249e-05	3.706e-04
kub	NOUN	club	verein|club|klub	club	6.385e-04	2	0.518	2.125e-04	3.148e-04	1.112e-04
les	INTJ	please	bitte		6.383e-04	2	0.469	4.988e-04	1.395e-04	0.000e+00
val	NOUN	value	wert	valor	6.373e-04	2	0.592	1.939e-04	2.355e-04	2.078e-04
kel	VERB	sell	verkaufen	vender	6.368e-04	2	0.425	3.081e-04	1.922e-04	1.365e-04
bon	ADV	soon	bald|demnächst	pronto|próximamente	6.365e-04	2	0.371	2.531e-04	2.643e-04	1.191e-04
ron	NOUN	relationship	beziehung	relación|relaciones|parentesco	6.344e-04	2	0.290	2.108e-04	1.190e-04	3.046e-04
peb	NOUN	town	ortschaft	pueblo	6.339e-04	2	0.378	2.215e-04	1.290e-05	3.995e-04
sot	NOUN	site	website|standort	sitio	6.329e-04	2	0.591	2.446e-04	1.509e-04	2.375e-04
map	NOUN	march	märz	marzo|marcha	6.321e-04	2	0.500	2.060e-04	1.668e-04	2.593e-04
fes	NOUN	force	gewalt	fuerza	6.320e-04	2	0.496	2.518e-04	9.395e-05	2.863e-04
ped	VERB	appear	erscheinen	aparecer	6.310e-04	2	0.275	2.474e-04	1.692e-04	2.144e-04
sum	ADV	together	zusammen	juntos	6.282e-04	2	0.227	2.962e-04	3.321e-04	0.000e+00
sas	NOUN	season	saison|spielzeit|jahreszeit	temporada	6.263e-04	2	0.433	3.740e-04	1.661e-04	8.620e-05
fep	VERB	offer	bieten|anbieten		6.262e-04	2	0.301	2.648e-04	3.614e-04	0.000e+00
bir	NOUN	air	luft|air	aire	6.261e-04	2	0.534	2.527e-04	1.600e-04	2.134e-04
lal	NOUN	election	wahl	elección	6.258e-04	2	0.260	1.760e-04	2.254e-04	2.244e-04
nis	NOUN	interest	interesse|zins	interés	6.198e-04	2	0.281	2.185e-04	2.037e-04	1.977e-04
puh	NOUN	pm	uhr		6.176e-04	2	0.333	5.468e-05	5.630e-04	0.000e+00
lis	VERB	close	schließen	cerrar	6.170e-04	2	0.346	1.487e-04	3.251e-04	1.432e-04
peg	ADP	per	pro|je	per	6.169e-04	2	0.458	2.742e-04	3.172e-04	2.555e-05
mat	VERB	eat	essen|fressen	comer	6.151e-04	2	0.354	2.693e-04	1.547e-04	1.910e-04
not	DET	another			6.138e-04	2	0.500	6.138e-04	0.000e+00	0.000e+00
viv	NOUN	view	blick|ansicht	vista|ver	6.122e-04	2	0.467	2.053e-04	2.401e-04	1.668e-04
gag	NOUN	age	alter	edad	6.116e-04	2	0.363	2.684e-04	1.715e-04	1.717e-04
hif	NOUN	help	hilfe	ayuda	6.092e-04	2	0.424	1.882e-04	2.125e-04	2.085e-04
tep	ADV	further	weiter		6.083e-04	2	0.333	5.743e-05	5.509e-04	0.000e+00
ros	NOUN	process	verfahren|vorgang	proceso	6.075e-04	2	0.424	2.330e-04	1.214e-04	2.532e-04
ris	NOUN	experience	erfahrung|erleben	experiencia	6.074e-04	2	0.240	2.347e-04	1.939e-04	1.788e-04
sis	NOUN	sense	sinn	sentido	6.053e-04	2	0.502	1.758e-04	2.184e-04	2.111e-04
ras	NOUN	step	schritt	paso|escalón	6.051e-04	2	0.363	1.784e-04	1.515e-04	2.752e-04
rov	VERB	provide	liefern|bereitstellen	proporcionar|proveer	6.040e-04	2	0.365	4.035e-04	1.231e-04	7.740e-05
nas	NOUN	chance	chance	oportunidad	6.029e-04	2	0.404	2.393e-04	1.810e-04	1.826e-04
rir	ADJ	true	wahr	cierto	6.006e-04	2	0.338	2.812e-04	1.238e-04	1.956e-04
gas	NOUN	face	gesicht	cara|rostro	6.000e-04	2	0.446	2.198e-04	1.512e-04	2.290e-04
nag	NOUN	language	sprache	lengua|idioma|lenguaje	5.989e-04	2	0.256	1.700e-04	1.767e-04	2.523e-04
mov	VERB	move	bewegen	mover	5.973e-04	2	0.812	4.280e-04	9.696e-05	7.237e-05
pig	NOUN	page		página|pagina	5.971e-04	2	0.569	3.792e-04	0.000e+00	2.178e-04
dap	ADV		dazu		5.964e-04	2	0.667	0.000e+00	5.964e-04	0.000e+00
teg	NOUN	term	begriff	término	5.946e-04	2	0.426	3.303e-04	1.235e-04	1.408e-04
sil	ADJ	special	besondere	especial|especiales	5.937e-04	2	0.344	2.393e-04	1.236e-04	2.308e-04
pem	VERB	open	öffnen	abrir	5.919e-04	2	0.266	2.704e-04	1.100e-04	2.115e-04
paf	NOUN	plan	plan	plan	5.911e-04	2	0.500	2.389e-04	1.423e-04	2.100e-04
ket	NOUN	event	veranstaltung|event	evento|acontecimiento	5.907e-04	2	0.343	3.024e-04	1.395e-04	1.488e-04
tot	NOUN	lot	partie	lote	5.877e-04	2	0.639	5.389e-04	3.834e-05	1.049e-05
rop	ADJ	european	europäisch	europeo	5.863e-04	2	0.426	1.339e-04	3.188e-04	1.336e-04
tos	ADV	else	sonst		5.861e-04	2	0.370	2.678e-04	3.183e-04	0.000e+00
bek	VERB	become			5.850e-04	2	0.600	5.850e-04	0.000e+00	0.000e+00
don	NOUN	decision	entscheidung|beschluß	decisión	5.835e-04	2	0.285	1.959e-04	2.320e-04	1.557e-04
kak	NOUN	market	markt	mercado	5.824e-04	2	0.350	2.630e-04	1.457e-04	1.736e-04
kuk	ADJ	much		mucho	5.796e-04	2	0.667	5.702e-04	0.000e+00	9.392e-06
bun	NOUN	building	gebäude	construcción|edificio|edificación	5.785e-04	2	0.238	2.011e-04	1.232e-04	2.542e-04
lut	NOUN	light	licht	luz	5.771e-04	2	0.517	2.455e-04	1.261e-04	2.056e-04
hav	ADV	away	weg	lejos	5.769e-04	2	0.532	4.264e-04	3.626e-05	1.142e-04
nat	VERB	enter	betreten|eintragen	entrar|ingresar	5.768e-04	2	0.279	1.570e-04	4.542e-05	3.743e-04
gur	VERB			gustar	5.762e-04	2	0.500	0.000e+00	0.000e+00	5.762e-04
suk	VERB	seek	suchen		5.753e-04	2	0.576	1.374e-04	4.379e-04	0.000e+00
hot	NOUN	amount	höhe|betrag	cantidad|importe|monto	5.748e-04	2	0.352	1.753e-04	1.880e-04	2.115e-04
ror	NOUN	brother	bruder	hermano	5.741e-04	2	0.335	2.023e-04	1.769e-04	1.949e-04
dal	NOUN	health	gesundheit	salud|sanidad	5.737e-04	2	0.366	3.069e-04	5.668e-05	2.101e-04
lus	NOUN	list	liste|aufstellung	lista	5.712e-04	2	0.491	2.177e-04	1.357e-04	2.179e-04
kot	NOUN	court	gericht|gerichtshof	corte|tribunales	5.711e-04	2	0.538	3.104e-04	1.257e-04	1.350e-04
kog	NOUN	king	könig	rey	5.697e-04	2	0.340	1.938e-04	1.614e-04	2.144e-04
pef	ADJ	open	offen|open	abierto	5.689e-04	2	0.339	2.239e-04	2.258e-04	1.192e-04
gis	NOUN	office	amt|geschäftsstelle	oficina	5.679e-04	2	0.362	3.138e-04	1.126e-04	1.415e-04
sap	NOUN	support	unterstützung	apoyo|soporte	5.661e-04	2	0.389	2.661e-04	1.060e-04	1.940e-04
sut	NOUN	security	sicherheit|sicherheits|sicherheitspolitik	seguridad	5.658e-04	2	0.293	1.957e-04	1.425e-04	2.276e-04
neg	ADJ	necessary	notwendig|nötig|erforderlich	necesario	5.652e-04	2	0.295	9.073e-05	2.646e-04	2.099e-04
dik	NOUN	doctor	doktor|ärztin	médico|doctor|doctora	5.646e-04	2	0.369	1.282e-04	2.648e-04	1.716e-04
hop	VERB	hope	hoffen		5.633e-04	2	0.756	3.344e-04	2.289e-04	0.000e+00
dur	ADV		dafür		5.629e-04	2	0.600	0.000e+00	5.629e-04	0.000e+00
vus	NOUN	use	verwendung|gebrauch|verwenden	uso|usar	5.603e-04	2	0.584	2.103e-04	9.368e-05	2.563e-04
kus	NOUN	source	quelle	fuente|procedencia	5.587e-04	2	0.314	2.346e-04	1.312e-04	1.929e-04
kud	NOUN	agreement	abkommen|übereinkommen	acuerdo	5.579e-04	2	0.393	9.943e-05	2.769e-05	4.308e-04
pev	NOUN	paper	zeitung|papier	papel|ponencia	5.561e-04	2	0.328	1.760e-04	2.021e-04	1.779e-04
kek	VERB	expect	erwarten|rechnen		5.548e-04	2	0.298	2.536e-04	3.011e-04	0.000e+00
rur	VERB	perform	durchführen	realizar	5.535e-04	2	0.267	1.486e-04	8.246e-05	3.225e-04
tun	VERB	turn	drehen	girar	5.529e-04	2	0.603	4.185e-04	1.180e-04	1.635e-05
kik	NOUN	church	kirche	iglesia	5.522e-04	2	0.438	1.826e-04	2.009e-04	1.687e-04
nuv	NOUN	answer	antwort|beantwortung	respuesta	5.518e-04	2	0.243	1.681e-04	1.908e-04	1.928e-04
rol	ADJ	personal	persönlich	personal|personales	5.515e-04	2	0.360	1.763e-04	1.997e-04	1.754e-04
pul	PRON			cual	5.508e-04	2	0.500	0.000e+00	0.000e+00	5.508e-04
lap	ADJ	happy	glücklich	feliz	5.504e-04	2	0.414	2.672e-04	1.206e-04	1.626e-04
dev	VERB	serve	dienen|servieren	servir	5.494e-04	2	0.396	2.130e-04	1.383e-04	1.982e-04
lil	ADV	finally	schließlich|endlich|letztendlich	finalmente	5.471e-04	2	0.342	1.652e-04	2.706e-04	1.113e-04
gak	DET	each	jedes		5.468e-04	2	0.667	5.468e-04	0.000e+00	0.000e+00
tap	VERB			contar	5.467e-04	2	0.333	0.000e+00	0.000e+00	5.467e-04
nim	ADJ	similar	ähnlich	similar|parecido	5.459e-04	2	0.293	1.808e-04	2.117e-04	1.535e-04
rep	NOUN	report	bericht	informe|reporte	5.459e-04	2	0.307	2.761e-04	1.494e-04	1.204e-04
duk	NOUN	education	ausbildung	educación	5.432e-04	2	0.305	2.132e-04	1.156e-04	2.145e-04
got	ADJ	total	gesamt|total	total	5.430e-04	2	0.379	1.376e-04	2.794e-04	1.261e-04
fus	NOUN	foot	fuß	pie|pié	5.420e-04	2	0.479	1.831e-04	2.139e-04	1.450e-04
beg	ADP		wegen		5.416e-04	2	0.400	0.000e+00	5.416e-04	0.000e+00
sav	VERB	save	retten|sparen	guardar|salvar|ahorrar	5.415e-04	2	0.571	2.470e-04	1.546e-04	1.399e-04
ges	VERB	forget	vergessen	olvidar	5.411e-04	2	0.261	2.138e-04	1.870e-04	1.404e-04
peh	ADV			hoy	5.379e-04	2	0.333	0.000e+00	0.000e+00	5.379e-04
ged	ADV	gladly	gerne|gern		5.377e-04	2	0.499	5.223e-06	5.325e-04	0.000e+00
nik	ADJ		natürlich		5.372e-04	2	0.375	0.000e+00	5.372e-04	0.000e+00
gad	NOUN	grace	gnade	gracia	5.370e-04	2	0.506	4.051e-05	1.361e-05	4.829e-04
kiv	NOUN	kid	junge	chico|chaval	5.365e-04	2	0.591	3.222e-04	5.749e-05	1.569e-04
fad	VERB	add	hinzufügen|addieren	añadir|agregar	5.361e-04	2	0.531	3.739e-04	2.847e-05	1.337e-04
reg	VERB	require	verlangen|erfordern	exigir|requerir	5.354e-04	2	0.303	2.521e-04	1.233e-04	1.600e-04
mog	NOUN	morning	morgen|vormittag	mañana	5.342e-04	2	0.370	2.439e-04	1.299e-04	1.604e-04
rut	NOUN	product	produkt|erzeugnis	producto	5.341e-04	2	0.427	2.222e-04	1.252e-04	1.868e-04
gov	VERB	grow	wachsen|anbauen	crecer	5.337e-04	2	0.435	3.096e-04	1.103e-04	1.138e-04
dig	ADV	though	allerdings		5.330e-04	2	0.296	1.504e-04	3.826e-04	0.000e+00
mod	NOUN	model	modell|vorbild|model	modelo|maqueta	5.328e-04	2	0.574	2.120e-04	1.709e-04	1.498e-04
nun	NOUN	opinion	meinung|stellungnahme|gutachten	opinión|dictamen	5.320e-04	2	0.328	1.259e-04	2.225e-04	1.835e-04
dat	NOUN	date	datum	fecha	5.319e-04	2	0.586	2.188e-04	1.545e-04	1.585e-04
lur	NOUN	course	kurs|lehrgang	curso	5.318e-04	2	0.433	3.390e-04	7.954e-05	1.132e-04
lon	ADV	down	unten	abajo	5.305e-04	2	0.354	3.278e-04	1.207e-04	8.198e-05
nos	NOUN	news		noticia	5.297e-04	2	0.542	3.069e-04	0.000e+00	2.228e-04
fot	VERB	continue	fortsetzen|weitermachen	continuar	5.290e-04	2	0.294	3.355e-04	3.737e-05	1.561e-04
gek	ADJ	exact	genau|genauer		5.270e-04	2	0.631	3.099e-05	4.960e-04	0.000e+00
hol	VERB	hold	festhalten|halt		5.235e-04	2	0.691	4.587e-04	6.483e-05	0.000e+00
lid	NOUN	land	grundstück	tierra	5.233e-04	2	0.338	2.019e-04	3.245e-05	2.890e-04
sak	NUM	six	sechs	seis	5.201e-04	2	0.431	2.176e-04	1.592e-04	1.433e-04
pav	NOUN	fun	spaß	diversión	5.182e-04	2	0.383	1.095e-04	3.935e-04	1.522e-05
hem	ADV	rather	eher|vielmehr		5.179e-04	2	0.347	2.332e-04	2.847e-04	0.000e+00
rik	VERB	reach	erreichen		5.170e-04	2	0.457	2.094e-04	3.076e-04	0.000e+00
fed	NOUN	field	feld	campo	5.153e-04	2	0.391	2.387e-04	7.781e-05	1.988e-04
nip	VERB			venir	5.152e-04	2	0.400	0.000e+00	0.000e+00	5.152e-04
rih	ADV	right	rechts|recht		5.149e-04	2	0.501	3.817e-04	1.332e-04	0.000e+00
gok	NOUN	region	region	región|comarca	5.143e-04	2	0.333	1.494e-04	1.548e-04	2.101e-04
vep	VERB	develop	entwickeln	desarrollar	5.142e-04	2	0.277	2.096e-04	1.673e-04	1.373e-04
gap	ADV		gar		5.140e-04	2	0.667	0.000e+00	5.140e-04	0.000e+00
kol	NOUN	control	kontrolle|steuern	control	5.139e-04	2	0.423	2.463e-04	8.866e-05	1.790e-04
tib	ADP	within	innerhalb|binnen		5.137e-04	2	0.303	3.272e-04	1.865e-04	0.000e+00
kum	ADJ	common	häufig	común	5.134e-04	2	0.322	1.741e-04	1.715e-04	1.678e-04
seg	NOUN	research	forschung	investigación	5.108e-04	2	0.237	2.511e-04	7.084e-05	1.889e-04
mig	VERB	might			5.100e-04	2	0.600	5.100e-04	0.000e+00	0.000e+00
sig	NOUN	position	position|stellung	posición	5.096e-04	2	0.253	2.264e-04	1.525e-04	1.307e-04
bot	NOUN	post	beitrag|pfosten	publicación|poste	5.080e-04	2	0.363	2.229e-04	1.808e-04	1.043e-04
gat	NOUN	act	gesetz	acto|acta	5.072e-04	2	0.333	1.793e-04	1.651e-04	1.627e-04
tiv	NOUN	activity	tätigkeit|aktivität	actividad	5.062e-04	2	0.351	1.715e-04	1.115e-04	2.232e-04
fan	ADJ	french	französisch	francés	5.057e-04	2	0.369	1.373e-04	2.730e-04	9.550e-05
let	NOUN	letter	buchstabe	letra	5.054e-04	2	0.414	1.504e-04	1.242e-04	2.308e-04
nah	ADJ	close	nah|schließen		5.036e-04	2	0.552	2.014e-04	3.022e-04	0.000e+00
dit	ADJ	direct	direkt	directo	5.033e-04	2	0.500	8.222e-05	3.190e-04	1.021e-04
guk	PRON			mucho	5.031e-04	2	0.667	0.000e+00	0.000e+00	5.031e-04
rul	NOUN	rule	regel|vorschrift	regla	5.019e-04	2	0.633	1.942e-04	2.184e-04	8.936e-05
rod	ADJ	red	rot	rojo	5.016e-04	2	0.667	2.026e-04	1.787e-04	1.203e-04
nug	ADV	enough	genug		5.011e-04	2	0.553	2.360e-04	2.651e-04	0.000e+00
bep	NOUN	respect	respekt	respeto	5.010e-04	2	0.294	3.601e-04	4.934e-05	9.147e-05
lol	ADJ	local	lokal	local	5.009e-04	2	0.600	2.905e-04	6.577e-05	1.446e-04
ved	ADV	over	vorbei		5.007e-04	2	0.438	3.766e-04	1.241e-04	0.000e+00
bap	NOUN	bank	bank	banco	5.007e-04	2	0.500	2.165e-04	1.379e-04	1.463e-04
fag	ADJ	wrong	falsch	equivocado	5.003e-04	2	0.344	2.348e-04	2.451e-04	2.038e-05
tit	ADJ	third	dritte	tercero	4.994e-04	2	0.394	1.801e-04	1.605e-04	1.588e-04
lun	NOUN	link	verbindung|link	enlace|link	4.994e-04	2	0.377	1.475e-04	2.853e-04	6.657e-05
sip	ADV	simply	einfach	simplemente|sencillamente	4.990e-04	2	0.326	1.385e-04	2.067e-04	1.538e-04
vos	NOUN	voice	stimme	voz	4.984e-04	2	0.606	1.485e-04	1.591e-04	1.907e-04
mep	VERB		meinen		4.976e-04	2	0.333	0.000e+00	4.976e-04	0.000e+00
sep	ADJ	serious	ernst|ernsthaft	serio	4.969e-04	2	0.253	1.406e-04	2.375e-04	1.188e-04
bur	VERB	search	durchsuchen	buscar	4.968e-04	2	0.458	5.619e-05	1.357e-05	4.270e-04
meg	NOUN	fear	angst|befürchtung|fürchten	miedo|temor	4.967e-04	2	0.318	9.160e-05	1.960e-04	2.090e-04
gem	NOUN	management	verwaltung|management|geschäftsführung|geschäftsleitung	dirección|gestión|gerencia	4.952e-04	2	0.207	1.507e-04	1.111e-04	2.334e-04
piv	ADV		etwa		4.934e-04	2	0.333	0.000e+00	4.934e-04	0.000e+00
fig	NOUN	fire	feuer|feuerwehr	fuego|incendio	4.934e-04	2	0.469	2.356e-04	1.086e-04	1.492e-04
nig	ADJ	unique	einzigartig|einmalig	único	4.903e-04	2	0.485	6.272e-05	4.217e-05	3.854e-04
fub	NOUN	football	fußball	fútbol	4.901e-04	2	0.441	1.344e-04	2.414e-04	1.143e-04
bat	NOUN	data	datenschutz	dato|datos	4.893e-04	2	0.651	2.444e-04	1.590e-05	2.290e-04
dis	SCONJ	so	damit		4.873e-04	2	0.343	4.177e-04	6.956e-05	0.000e+00
kov	ADP	down			4.862e-04	2	0.500	4.862e-04	0.000e+00	0.000e+00
teb	NOUN	test	test	prueba	4.858e-04	2	0.458	1.943e-04	8.981e-05	2.017e-04
tek	NOUN	internet	internet	internet	4.850e-04	2	0.250	1.283e-04	2.066e-04	1.501e-04
sab	VERB	share	teilen	compartir	4.828e-04	2	0.362	2.373e-04	9.709e-05	1.484e-04
fek	NOUN	effect	wirkung|effekt	efecto	4.828e-04	2	0.535	2.038e-04	1.170e-04	1.620e-04
tuf	NOUN	future	zukunft	futuro	4.825e-04	2	0.355	1.575e-04	1.917e-04	1.333e-04
log	ADV	long	lange|lang		4.825e-04	2	0.725	4.337e-04	4.876e-05	0.000e+00
mid	NOUN	mind	geist|verstand	mente	4.816e-04	2	0.536	2.869e-04	9.130e-05	1.034e-04
git	NOUN	shit		mierda	4.812e-04	2	0.407	2.138e-04	0.000e+00	2.674e-04
sug	NOUN	century	jahrhundert	siglo	4.809e-04	2	0.311	1.405e-04	1.650e-04	1.754e-04
nep	VERB	accept	annehmen|akzeptieren	aceptar	4.806e-04	2	0.289	1.567e-04	1.581e-04	1.657e-04
kok	ADJ	economic	wirtschaftlich	económico	4.797e-04	2	0.321	1.406e-04	9.129e-05	2.478e-04
fos	NOUN	success	erfolg|erfolgsgeschichte	éxito	4.795e-04	2	0.248	1.346e-04	2.088e-04	1.360e-04
fat	NOUN	location	ort	ubicación|localización|emplazamiento	4.790e-04	2	0.291	1.129e-04	3.183e-04	4.776e-05
nit	ADJ		zweit		4.775e-04	2	0.400	0.000e+00	4.775e-04	0.000e+00
hur	NOUN	door	tür|haustür	puerta	4.763e-04	2	0.416	1.726e-04	1.352e-04	1.685e-04
nuk	NOUN	luck	glück	suerte	4.748e-04	2	0.419	9.073e-05	2.059e-04	1.782e-04
niv	PRON	anything	irgendwas		4.744e-04	2	0.275	3.962e-04	7.821e-05	0.000e+00
pib	ADJ	private	privat	privado	4.737e-04	2	0.333	1.730e-04	1.489e-04	1.519e-04
dog	NOUN	dog	hund	perro|perrita	4.730e-04	2	0.435	2.057e-04	1.415e-04	1.258e-04
tup	NOUN	culture	kultur	cultura	4.728e-04	2	0.333	1.370e-04	1.434e-04	1.923e-04
dek	NOUN	director	leitung|direktor|direktorin|regisseurin	director|directora	4.724e-04	2	0.337	1.888e-04	1.177e-04	1.658e-04
rok	VERB	break	brechen	romper	4.711e-04	2	0.370	2.569e-04	9.466e-05	1.195e-04
gal	ADJ	global	weltweit|global|globalen|globale	mundial|global	4.698e-04	2	0.343	9.943e-05	1.366e-04	2.338e-04
tom	ADJ	former		antiguo|ex	4.692e-04	2	0.219	2.132e-04	0.000e+00	2.560e-04
mip	ADJ	main		principal	4.687e-04	2	0.337	1.942e-04	0.000e+00	2.745e-04
fog	NOUN	photo	foto	fotografía	4.650e-04	2	0.627	1.796e-04	2.227e-04	6.272e-05
vab	ADJ	available	vorhanden|verfügbar|erhältlich	disponible	4.649e-04	2	0.269	2.132e-04	1.777e-04	7.400e-05
poh	INTJ	oh	ach		4.640e-04	2	0.427	2.971e-04	1.668e-04	0.000e+00
lek	ADJ	clear	deutlich|löschen	despejado	4.637e-04	2	0.330	1.766e-04	2.857e-04	1.409e-06
gid	VERB	enjoy	genießen	disfrutar	4.626e-04	2	0.261	2.195e-04	1.475e-04	9.556e-05
mab	VERB	marry	heiraten	casar	4.621e-04	2	0.580	3.831e-04	4.251e-05	3.653e-05
bog	NOUN	episode	folge|episode	episodio	4.621e-04	2	0.360	1.341e-04	2.902e-04	3.777e-05
rav	NOUN	road	straßenverkehr	camino	4.603e-04	2	0.355	2.374e-04	9.620e-06	2.132e-04
sib	VERB	sit	sitzen		4.596e-04	2	0.497	2.255e-04	2.341e-04	0.000e+00
bik	NOUN		dich		4.591e-04	2	0.667	0.000e+00	4.591e-04	0.000e+00
pil	NOUN	title	titel	título	4.570e-04	2	0.437	1.693e-04	1.496e-04	1.381e-04
bol	NOUN	population	bevölkerung|einwohnerzahl	población	4.561e-04	2	0.228	1.311e-04	1.223e-04	2.027e-04
pub	VERB	post	posten	publicar	4.550e-04	2	0.313	1.947e-04	1.834e-05	2.419e-04
fab	ADJ	able	fähig	capaz	4.549e-04	2	0.300	3.003e-04	2.774e-05	1.269e-04
koh	VERB	choose	wählen		4.548e-04	2	0.316	2.036e-04	2.512e-04	0.000e+00
dad	ADJ	past		pasado	4.547e-04	2	0.352	1.463e-04	0.000e+00	3.083e-04
rem	NOUN	rest	rest	resto|reposo	4.534e-04	2	0.499	1.683e-04	1.068e-04	1.782e-04
dem	ADV	plus		además	4.533e-04	2	0.489	1.036e-05	0.000e+00	4.429e-04
bus	NOUN	base	grundlage|stützpunkt	base	4.532e-04	2	0.556	1.233e-04	9.385e-05	2.360e-04
rev	NOUN	network	netz	red	4.519e-04	2	0.465	1.486e-04	8.304e-05	2.202e-04
dim	VERB	join	mitmachen|beitreten	unir	4.507e-04	2	0.361	2.044e-04	3.398e-05	2.123e-04
fih	VERB	fight	kämpfen	luchar	4.503e-04	2	0.366	2.496e-04	1.057e-04	9.498e-05
seb	VERB	set	einstellen		4.498e-04	2	0.586	3.677e-04	8.213e-05	0.000e+00
hum	ADJ	human		humano	4.495e-04	2	0.600	2.309e-04	0.000e+00	2.186e-04
tod	NOUN	story	meldung		4.494e-04	2	0.472	4.141e-04	3.526e-05	0.000e+00
mel	ADJ	small	kleiner		4.492e-04	2	0.495	4.434e-04	5.819e-06	0.000e+00
heh	NOUN	daughter	tochter	hija	4.490e-04	2	0.348	1.519e-04	1.600e-04	1.371e-04
hed	NOUN	evening	abend|feierabend	tarde|velada	4.466e-04	2	0.295	1.089e-04	2.195e-04	1.182e-04
keh	NOUN	teacher	lehrer|dozent	profesor|docente|profe	4.459e-04	2	0.246	1.461e-04	1.223e-04	1.776e-04
tus	NOUN	piece	stück	pieza	4.457e-04	2	0.358	1.813e-04	1.921e-04	7.226e-05
dav	ADV		davon		4.441e-04	2	0.600	0.000e+00	4.441e-04	0.000e+00
vig	NOUN	knowledge	wissen|kenntnis	conocimiento	4.431e-04	2	0.260	9.821e-05	2.269e-04	1.180e-04
kip	ADJ		wirklich		4.428e-04	2	0.286	0.000e+00	4.428e-04	0.000e+00
fon	NOUN	phone	telefon|telefonieren	teléfono	4.419e-04	2	0.756	2.548e-04	7.790e-05	1.092e-04
rap	NOUN	rate	rate	tasa	4.415e-04	2	0.488	2.159e-04	1.643e-04	6.123e-05
lip	NOUN	reality	realität|wirklichkeit	realidad	4.415e-04	2	0.264	9.182e-05	7.916e-05	2.705e-04
pup	VERB	produce	produzieren	producir	4.407e-04	2	0.276	1.857e-04	5.825e-05	1.968e-04
bod	ADP		de		4.402e-04	2	0.333	0.000e+00	4.402e-04	0.000e+00
tof	NOUN	author	autor|verfasser	autor|autora	4.401e-04	2	0.395	1.339e-04	1.278e-04	1.784e-04
gip	NOUN	organization	organisation	organización	4.394e-04	2	0.167	1.451e-04	1.025e-04	1.918e-04
vim	NOUN	movement	bewegung|freizügigkeit	movimiento	4.393e-04	2	0.254	1.291e-04	1.151e-04	1.951e-04
mug	NOUN	image	abbildung|image	imagen	4.392e-04	2	0.397	1.599e-04	3.566e-05	2.436e-04
did	NOUN	condition	zustand	condición	4.391e-04	2	0.206	1.707e-04	8.892e-05	1.795e-04
lod	ADJ	low	niedrig		4.380e-04	2	0.562	3.509e-04	8.712e-05	0.000e+00
kob	NOUN	cost	kosten	costo|coste	4.380e-04	2	0.458	2.301e-04	1.115e-04	9.636e-05
lab	ADJ	large			4.358e-04	2	0.500	4.358e-04	0.000e+00	0.000e+00
pif	ADJ	perfect	perfekt	perfecto	4.353e-04	2	0.286	1.763e-04	1.283e-04	1.307e-04
bem	ADV	besides	außerdem		4.349e-04	2	0.251	8.935e-06	4.260e-04	0.000e+00
gun	ADJ	green	grün	verde	4.347e-04	2	0.501	1.266e-04	2.228e-04	8.535e-05
mim	DET			mismo	4.330e-04	2	0.750	0.000e+00	0.000e+00	4.330e-04
ref	VERB	increase	erhöhen	aumentar	4.327e-04	2	0.237	2.091e-04	9.279e-05	1.308e-04
mis	VERB	miss	vermissen		4.325e-04	2	0.873	3.450e-04	8.757e-05	0.000e+00
sam	VERB	submit	senden|einreichen	presentar	4.325e-04	2	0.220	4.986e-05	6.381e-05	3.188e-04
mem	NOUN	summer	sommer	verano	4.325e-04	2	0.359	1.960e-04	1.471e-04	8.938e-05
dol	NOUN	role	rolle	rol	4.304e-04	2	0.667	1.925e-04	1.996e-04	3.826e-05
gum	NOUN	gun	waffe|pistole	arma|pistola	4.299e-04	2	0.357	1.528e-04	1.058e-04	1.713e-04
nil	NOUN	animal	tier	animal	4.285e-04	2	0.406	1.493e-04	1.617e-04	1.175e-04
bos	NOUN	size	größe	tamaño|talla	4.283e-04	2	0.342	1.675e-04	1.810e-04	7.979e-05
tok	NOUN	sex	sex	sexo	4.270e-04	2	0.250	1.853e-04	1.420e-04	9.980e-05
tef	NOUN	text	text	texto	4.266e-04	2	0.400	1.149e-04	1.845e-04	1.271e-04
tab	NOUN	star	stern	estrella	4.264e-04	2	0.370	2.513e-04	8.314e-05	9.194e-05
but	NOUN	bitch		puta	4.255e-04	2	0.544	3.142e-04	0.000e+00	1.113e-04
mul	NUM	thousand	tausend	mil	4.254e-04	2	0.469	1.259e-04	3.453e-05	2.650e-04
kem	NOUN	memory	erinnerung|gedächtnis	recuerdo|memoria	4.247e-04	2	0.295	1.074e-04	1.046e-04	2.127e-04
vap	NOUN	wall	wand|mauer|wall	pared|muro|muralla	4.241e-04	2	0.443	1.693e-04	1.415e-04	1.133e-04
kap	NOUN	care	pflege	cuidado	4.240e-04	2	0.550	3.128e-04	3.656e-05	7.463e-05
hak	VERB	act	handeln		4.228e-04	2	0.305	1.754e-04	2.474e-04	0.000e+00
gik	VERB	pick	auswählen|aussuchen	elegir	4.206e-04	2	0.479	2.224e-04	4.906e-05	1.491e-04
sup	VERB	support	unterstützen		4.200e-04	2	0.367	2.523e-04	1.677e-04	0.000e+00
bom	NOUN	comment	kommentar|bemerkung	comentario	4.186e-04	2	0.278	1.445e-04	1.192e-04	1.549e-04
kaf	NOUN	card	karte|kreditkarte	tarjeta	4.186e-04	2	0.435	1.869e-04	1.629e-04	6.878e-05
mam	ADV	sometimes	manchmal|mitunter|zuweilen		4.185e-04	2	0.306	2.132e-04	2.054e-04	0.000e+00
nap	NOUN	start	anfang	inicio	4.180e-04	2	0.284	1.070e-04	2.337e-04	7.733e-05
pih	VERB			pedir	4.158e-04	2	0.400	0.000e+00	0.000e+00	4.158e-04
bab	NOUN	band	band	banda	4.158e-04	2	0.500	1.190e-04	1.765e-04	1.204e-04
rip	NOUN	operation	betrieb	operación	4.140e-04	2	0.240	1.755e-04	1.181e-04	1.204e-04
kup	NOUN	couple	paar|ehepaar|pärchen	pareja	4.135e-04	2	0.292	1.974e-04	1.152e-04	1.009e-04
fah	VERB	fit	passen	encajar	4.132e-04	2	0.234	9.775e-05	3.036e-04	1.183e-05
nut	NOUN	note	hinweis|note	nota	4.118e-04	2	0.544	1.291e-04	1.378e-04	1.449e-04
vam	ADV	admittedly	zwar|freilich		4.115e-04	2	0.477	3.872e-06	4.076e-04	0.000e+00
maf	NOUN	measure	maß	medida	4.115e-04	2	0.369	6.851e-05	1.298e-04	2.132e-04
nib	ADJ	united		unido	4.115e-04	2	0.414	2.130e-04	0.000e+00	1.985e-04
fun	NOUN	front	front|vorderseite	frente|fachada|delantero	4.114e-04	2	0.381	1.372e-04	3.925e-05	2.350e-04
sud	VERB	spend	verbringen|ausgeben	gastar	4.112e-04	2	0.283	2.636e-04	1.114e-04	3.621e-05
nol	ADJ	spanish	spanisch	español|castellano	4.092e-04	2	0.351	5.993e-05	4.350e-05	3.058e-04
dif	NOUN	difference	unterschied	diferencia	4.089e-04	2	0.305	1.508e-04	1.081e-04	1.500e-04
reh	VERB	recognize	erkennen	reconocer	4.076e-04	2	0.256	8.659e-05	1.794e-04	1.416e-04
mop	NOUN	property	eigenschaft|immobilie	propiedad|inmueble	4.072e-04	2	0.231	1.938e-04	8.060e-05	1.327e-04
ham	ADV	hardly	kaum	apenas|difícilmente	4.071e-04	2	0.413	3.783e-05	2.754e-04	9.392e-05
bip	ADV		bisschen		4.056e-04	2	0.400	0.000e+00	4.056e-04	0.000e+00
toh	NOUN	today		hoy	4.055e-04	2	0.659	3.967e-04	0.000e+00	8.818e-06
neh	NOUN	council	rat	consejo|concejo|concilio	4.051e-04	2	0.283	1.339e-04	7.650e-05	1.947e-04
ful	NOUN	feeling	gefühl	sentimiento	4.035e-04	2	0.319	1.296e-04	1.837e-04	9.025e-05
mib	NOUN	mission	aufgabe|mission|leitbild	misión	4.034e-04	2	0.262	1.003e-04	2.210e-04	8.204e-05
dam	NOUN	department	abteilung|dienststelle|fachbereich	departamento	4.024e-04	2	0.247	2.131e-04	6.198e-05	1.274e-04
dos	DET			varios	4.022e-04	2	0.333	0.000e+00	0.000e+00	4.022e-04
lih	ADJ	light	leicht	ligero	4.012e-04	2	0.426	5.263e-05	3.209e-04	2.768e-05
neb	NOUN	energy	energie|energieverbrauch	energía	4.012e-04	2	0.399	1.897e-04	9.501e-05	1.165e-04
mok	NUM	million	million|mio	millón	4.011e-04	2	0.334	3.822e-04	1.232e-05	6.637e-06
kug	NOUN	college	hochschule	colegio	4.003e-04	2	0.391	2.293e-04	5.218e-05	1.189e-04
lep	VERB	report	melden	denunciar|reportar	3.997e-04	2	0.297	1.912e-04	1.169e-04	9.167e-05
tev	NOUN	interview	gespräch|interview|befragung	entrevista	3.995e-04	2	0.271	9.957e-05	2.142e-04	8.568e-05
mah	NOUN	majority	mehrheit|mehrzahl	mayoría	3.991e-04	2	0.348	9.720e-05	7.119e-05	2.307e-04
dof	ADV	immediately	sofort	inmediatamente	3.990e-04	2	0.241	1.066e-04	2.414e-04	5.099e-05
lup	NOUN		leut		3.988e-04	2	0.500	0.000e+00	3.988e-04	0.000e+00
rab	ADJ	ready	fertig	listo	3.987e-04	2	0.310	2.132e-04	1.025e-04	8.300e-05
fap	NOUN	fan	fan|fächer	fan|abanico	3.980e-04	2	0.656	2.123e-04	1.451e-04	4.070e-05
beb	ADV	pretty	ziemlich	bastante	3.978e-04	2	0.207	2.388e-04	6.700e-05	9.197e-05
fam	ADV	far	weit		3.968e-04	2	0.662	3.937e-04	3.023e-06	0.000e+00
leb	NOUN	leader	leiter|anführer|marktführer	líder|dirigente	3.959e-04	2	0.323	1.715e-04	8.185e-05	1.425e-04
beh	VERB	insist	bestehen	insistir	3.953e-04	2	0.308	3.050e-05	3.244e-04	4.041e-05
saf	NOUN	space	weltraum	espacio	3.949e-04	2	0.449	2.110e-04	6.212e-06	1.776e-04
lem	NOUN	performance	leistung	actuación|desempeño	3.945e-04	2	0.194	1.755e-04	1.484e-04	7.067e-05
tif	NOUN	meeting	treffen|tagung	reunión	3.935e-04	2	0.256	1.718e-04	1.167e-04	1.050e-04
lug	NOUN	solution	lösung	solución|disolución	3.930e-04	2	0.351	1.125e-04	1.608e-04	1.197e-04
vih	NOUN	trip	reise	viaje	3.929e-04	2	0.459	1.063e-04	1.223e-04	1.643e-04
nal	ADJ	normal	normal	normal	3.922e-04	2	0.500	1.085e-04	1.727e-04	1.110e-04
daf	ADV		darauf		3.917e-04	2	0.500	0.000e+00	3.917e-04	0.000e+00
lam	NOUN	statement	aussage|anweisung|statement	declaración|comunicado|enunciado	3.915e-04	2	0.188	1.403e-04	1.349e-04	1.163e-04
sop	NOUN	top	spitze|top|oberteil|oberseite	top|cima	3.900e-04	2	0.567	2.278e-04	1.201e-04	4.210e-05
vut	ADJ	genuine	echt	genuino	3.894e-04	2	0.321	2.611e-05	3.597e-04	3.529e-06
gor	NOUN	color	farbe	color	3.892e-04	2	0.359	1.187e-04	1.076e-04	1.630e-04
meh	NOUN	matter	angelegenheit|materie	materia	3.888e-04	2	0.378	2.523e-04	4.526e-05	9.124e-05
suv	NOUN	show	show|anzeigen	show|espectáculo	3.880e-04	2	0.613	2.082e-04	9.115e-05	8.861e-05
sub	NOUN	south	süden|süd	sur	3.878e-04	2	0.570	1.556e-04	7.426e-05	1.579e-04
geg	PRON	everything	alles		3.872e-04	2	0.222	3.872e-04	0.000e+00	0.000e+00
nef	NOUN	need	bedarf	necesidad	3.872e-04	2	0.363	1.745e-04	5.534e-05	1.573e-04
nif	ADJ	online	online	online|conectado	3.871e-04	2	0.396	8.329e-05	2.705e-04	3.340e-05
rog	NOUN	version	version|fassung	versión	3.860e-04	2	0.278	1.556e-04	1.165e-04	1.140e-04
ruk	NOUN	record	rekord|aufzeichnung|datensatz	registro|récord	3.854e-04	2	0.279	2.223e-04	4.054e-05	1.226e-04
rob	VERB	throw	werfen|schmeißen	tirar	3.853e-04	2	0.325	1.817e-04	1.406e-04	6.293e-05
bam	NOUN	lady	dame	señora|dama	3.837e-04	2	0.394	1.482e-04	1.163e-04	1.192e-04
dil	NOUN	design	design|gestaltung|konstruktion	diseño|concepción	3.832e-04	2	0.297	1.773e-04	1.021e-04	1.039e-04
suf	NOUN	user	nutzer|user|benutzer|anwender	usuario	3.828e-04	2	0.290	1.251e-04	1.097e-04	1.480e-04
nem	NOUN	partner	partner|gesellschafter|kooperationspartner	compañero|socio	3.819e-04	2	0.232	1.177e-04	1.002e-04	1.640e-04
bef	ADP	besides	neben		3.818e-04	2	0.390	3.276e-05	3.491e-04	0.000e+00
pum	SCONJ			pues	3.814e-04	2	0.500	0.000e+00	0.000e+00	3.814e-04
kib	VERB	describe	beschreiben	describir	3.802e-04	2	0.351	1.991e-04	1.113e-04	6.972e-05
gav	VERB	achieve	erzielen|verwirklichen	lograr	3.798e-04	2	0.232	8.794e-05	8.304e-05	2.089e-04
roh	NOUN	mistake	fehler	error|equivocación	3.791e-04	2	0.258	8.370e-05	1.468e-04	1.486e-04
rud	NOUN	period	zeitraum	período|periodo	3.789e-04	2	0.324	2.047e-04	4.217e-05	1.321e-04
tih	NOUN	attention	aufmerksamkeit	atención	3.786e-04	2	0.226	1.440e-04	5.171e-05	1.829e-04
nih	NOUN	union	union|gewerkschaft	unión|sindicato	3.782e-04	2	0.357	1.339e-04	1.067e-04	1.376e-04
dop	NOUN			don	3.771e-04	2	0.667	0.000e+00	0.000e+00	3.771e-04
taf	ADJ	interesting	interessant	interesante	3.766e-04	2	0.169	1.078e-04	1.547e-04	1.141e-04
deb	NOUN	website	webseite	web	3.766e-04	2	0.483	1.549e-04	4.652e-05	1.752e-04
vev	ADV	wherever			3.764e-04	2	0.375	3.764e-04	0.000e+00	0.000e+00
tav	NOUN	attack	angriff|attacke	ataque	3.762e-04	2	0.374	1.495e-04	1.106e-04	1.160e-04
kof	NOUN	county	kreis|grafschaft	condado	3.757e-04	2	0.306	1.924e-04	1.694e-04	1.393e-05
dup	NOUN	industry	industrie	industria	3.754e-04	2	0.286	2.023e-04	6.551e-05	1.076e-04
def	ADV	therefore	deshalb		3.753e-04	2	0.323	8.537e-05	2.899e-04	0.000e+00
vot	NOUN	content	inhalt|content	contenido	3.745e-04	2	0.237	1.128e-04	1.375e-04	1.241e-04
raf	NOUN	peace	frieden|friede	paz	3.741e-04	2	0.275	1.172e-04	6.545e-05	1.915e-04
tah	NOUN	station	bahnhof|station|tankstelle	estación	3.741e-04	2	0.276	1.491e-04	1.335e-04	9.149e-05
deh	NUM	ten	zehn	diez	3.741e-04	2	0.444	1.250e-04	1.408e-04	1.083e-04
fuk	ADP	back	zurück		3.724e-04	2	0.386	8.069e-05	2.917e-04	0.000e+00
rug	NOUN	production	produktion|erzeugung	producción	3.720e-04	2	0.202	1.540e-04	6.902e-05	1.490e-04
puf	NOUN	euro	euro	euro	3.720e-04	2	0.333	6.729e-06	3.112e-04	5.407e-05
vom	VERB	vote	stimmen|abstimmen		3.717e-04	2	0.315	1.125e-04	2.592e-04	0.000e+00
bil	NOUN	final	finale	final|finales	3.715e-04	2	0.398	3.739e-05	5.593e-05	2.782e-04
bov	VERB	prove	beweisen	demostrar	3.712e-04	2	0.296	1.473e-04	8.224e-05	1.417e-04
kif	NOUN	quality	qualität	calidad|cualidad	3.701e-04	2	0.328	1.420e-04	8.213e-05	1.460e-04
feh	NOUN	freedom	freiheit|meinungsfreiheit	libertad	3.700e-04	2	0.231	8.545e-05	1.104e-04	1.741e-04
naf	NOUN	staff	mitarbeiter	personal	3.697e-04	2	0.270	1.358e-04	1.673e-04	6.668e-05
gud	NOUN	ground	boden	terreno	3.692e-04	2	0.299	1.680e-04	1.324e-04	6.881e-05
nul	NOUN	island	insel	isla	3.687e-04	2	0.282	1.491e-04	9.076e-05	1.289e-04
him	NOUN	army	armee|heer	ejército|armada|ejercito	3.678e-04	2	0.308	1.372e-04	7.963e-05	1.509e-04
kih	NOUN	choice	auswahl	opción	3.673e-04	2	0.305	1.590e-04	8.768e-05	1.206e-04
bug	NOUN	citizen	bürger	ciudadano|ciudadana	3.671e-04	2	0.229	8.593e-05	1.306e-04	1.506e-04
sif	NOUN	science	wissenschaft|naturwissenschaft	ciencia|ciencias	3.666e-04	2	0.355	1.473e-04	8.502e-05	1.343e-04
bib	NOUN	baby	baby	bebé|nene	3.663e-04	2	0.648	2.164e-04	7.313e-05	7.674e-05
baf	VERB	base			3.661e-04	2	0.667	3.661e-04	0.000e+00	0.000e+00
hid	NOUN	unit	einheit	unidad	3.659e-04	2	0.287	1.652e-04	6.768e-05	1.331e-04
kef	VERB	check	prüfen	comprobar	3.654e-04	2	0.517	2.595e-04	7.332e-05	3.260e-05
mol	NOUN	opportunity	möglichkeit		3.651e-04	2	0.245	1.449e-04	2.202e-04	0.000e+00
kav	NOUN	career	karriere|laufbahn	carrera	3.649e-04	2	0.357	1.440e-04	6.766e-05	1.533e-04
pom	NOUN	sport	sport	deporte|deportes|sport	3.643e-04	2	0.383	1.571e-04	1.207e-04	8.650e-05
rif	NOUN	risk	gefahr	riesgo	3.642e-04	2	0.348	1.278e-04	1.355e-04	1.010e-04
kev	NOUN	speech	rede|ansprache	discurso	3.641e-04	2	0.252	8.851e-05	1.930e-04	8.260e-05
nog	NOUN	technology	technik	tecnología	3.641e-04	2	0.324	1.606e-04	8.961e-05	1.139e-04
dah	VERB	thank	danken		3.641e-04	2	0.255	3.422e-04	2.188e-05	0.000e+00
gep	NOUN	thought	gedanke	pensamiento	3.639e-04	2	0.224	1.247e-04	1.579e-04	8.121e-05
ril	ADJ	original	ursprünglich|original	original	3.636e-04	2	0.325	1.441e-04	1.138e-04	1.057e-04
lef	ADV	unfortunately	leider	lamentablemente|desafortunadamente|desgraciadamente	3.635e-04	2	0.281	4.654e-05	2.840e-04	3.297e-05
duh	ADV	thus	daher		3.628e-04	2	0.383	9.073e-05	2.721e-04	0.000e+00
gul	ADJ	regular	regelmäßig|regulär	regular	3.619e-04	2	0.290	9.502e-05	2.388e-04	2.814e-05
dod	ADJ	modern	modern	moderno	3.609e-04	2	0.333	1.306e-04	1.466e-04	8.380e-05
mef	NOUN	master	meister|master	maestro|amo	3.605e-04	2	0.297	1.200e-04	1.103e-04	1.303e-04
pof	NOUN	percent	prozent	porcentaje	3.602e-04	2	0.229	1.286e-04	1.964e-04	3.524e-05
mif	NOUN	material	material	material	3.597e-04	2	0.250	1.638e-04	8.433e-05	1.116e-04
rup	NOUN	principle	prinzip|grundsatz	principio|principios	3.590e-04	2	0.273	5.030e-05	8.401e-05	2.246e-04
sob	NOUN	scene	szene|tatort|schauplatz	escena	3.581e-04	2	0.297	1.465e-04	1.254e-04	8.612e-05
hut	ADJ	tough	hart	duro|rudo	3.566e-04	2	0.389	6.573e-05	1.711e-04	1.197e-04
nod	NOUN	north	norden|nord	norte	3.562e-04	2	0.524	1.158e-04	8.650e-05	1.539e-04
vaf	NOUN	sale	verkauf	venta	3.557e-04	2	0.322	1.867e-04	5.531e-05	1.137e-04
gab	NOUN	degree	grad	grado|licenciatura	3.557e-04	2	0.299	1.359e-04	1.146e-04	1.052e-04
fup	VERB	fuck			3.554e-04	2	0.667	3.554e-04	0.000e+00	0.000e+00
siv	ADJ	positive	positiv	positivo	3.544e-04	2	0.429	1.091e-04	1.616e-04	8.369e-05
rom	NOUN	rock	rock|gestein|rockmusik	piedra|roca|rock	3.544e-04	2	0.491	1.428e-04	5.382e-05	1.577e-04
faf	NOUN	lack	mangel|fehlen	falta	3.543e-04	2	0.425	8.124e-05	3.953e-05	2.335e-04
hef	NOUN	boss	chef|chefin	jefe	3.542e-04	2	0.674	7.303e-05	1.183e-04	1.629e-04
miv	NOUN	minister	minister|ministerin	ministro|ministra	3.538e-04	2	0.265	1.472e-04	5.227e-05	1.544e-04
bev	ADV	previously	bisher	anteriormente|previamente	3.532e-04	2	0.313	7.544e-05	2.149e-04	6.282e-05
mev	VERB	mention	erwähnen	mencionar	3.531e-04	2	0.221	1.554e-04	1.067e-04	9.102e-05
fav	NOUN	favor	gunst	favor	3.523e-04	2	0.583	3.562e-05	1.022e-05	3.065e-04
rim	ADJ	rich	reich	rico	3.520e-04	2	0.628	9.632e-05	8.143e-05	1.742e-04
nab	ADJ	final	endgültig|finale	final	3.516e-04	2	0.362	2.072e-04	5.377e-05	9.061e-05
lib	ADV	alone	allein		3.515e-04	2	0.356	1.042e-04	2.474e-04	0.000e+00
fem	NOUN	bed	bett	cama|lecho	3.513e-04	2	0.333	1.471e-04	1.144e-04	8.983e-05
soh	NOUN	store	geschäft	tienda	3.513e-04	2	0.282	1.626e-04	1.060e-04	8.270e-05
had	NOUN	capital	hauptstadt|kapital	capital	3.512e-04	2	0.162	1.020e-04	6.597e-05	1.832e-04
leh	NOUN	parent	eltern	progenitor|padres	3.511e-04	2	0.225	2.223e-04	1.237e-04	5.096e-06
dom	NOUN	dollar	dollar	dólar	3.510e-04	2	0.400	1.107e-04	1.006e-04	1.397e-04
lim	NOUN	crime	verbrechen|straftat|kriminalität	delito|crimen|delincuencia|criminalidad	3.508e-04	2	0.337	1.166e-04	7.091e-05	1.632e-04
gom	NOUN	committee	ausschuß|komitee	comisión|comité	3.504e-04	2	0.296	1.234e-04	5.593e-05	1.710e-04
hab	NOUN	hair	haar	pelo|cabello|peinado	3.502e-04	2	0.382	1.405e-04	9.395e-05	1.158e-04
rah	NOUN	contract	vertrag|arbeitsvertrag	contrato	3.498e-04	2	0.272	1.203e-04	1.346e-04	9.493e-05
ruv	NOUN	river	fluß	río	3.494e-04	2	0.345	1.194e-04	4.657e-05	1.834e-04
hos	ADV	anyway	trotzdem|sowieso|ohnehin		3.491e-04	2	0.218	4.600e-05	3.031e-04	0.000e+00
fov	ADV	forever			3.490e-04	2	0.429	3.490e-04	0.000e+00	0.000e+00
nob	NOUN	nation	nation	nación	3.486e-04	2	0.333	1.551e-04	5.242e-05	1.410e-04
tuh	VERB	introduce	vorstellen|einführen	introducir	3.484e-04	2	0.181	1.079e-04	1.992e-04	4.126e-05
bav	NOUN	battle	kampf|schlacht	batalla	3.480e-04	2	0.328	9.821e-05	1.737e-04	7.614e-05
feg	NOUN	appearance	auftritt|aussehen|erscheinen|erscheinung|erscheinungsbild	aspecto|aparición|apariencia|comparecencia	3.480e-04	2	0.136	6.841e-05	1.230e-04	1.566e-04
vuk	NOUN	attempt	versuch	intento	3.476e-04	2	0.251	9.594e-05	1.746e-04	7.699e-05
vip	VERB	visit	besuchen	visitar	3.475e-04	2	0.245	1.470e-04	1.084e-04	9.211e-05
hus	NOUN	hospital	krankenhaus|spital	hospital	3.473e-04	2	0.251	1.545e-04	8.629e-05	1.065e-04
rof	PRON	everyone	jedermann		3.458e-04	2	0.280	3.342e-04	1.158e-05	0.000e+00
gef	ADJ	deep	tief	profundo	3.454e-04	2	0.331	1.291e-04	1.433e-04	7.297e-05
hip	VERB	hit		golpear	3.451e-04	2	0.616	3.115e-04	0.000e+00	3.357e-05
bim	VERB	determine	bestimmen	determinar	3.440e-04	2	0.260	8.755e-05	1.921e-04	6.439e-05
dul	ADV	currently	derzeit|zurzeit	actualmente	3.437e-04	2	0.215	1.339e-04	1.084e-04	1.014e-04
gus	ADP	except	außer	salvo|excepto	3.429e-04	2	0.257	1.002e-04	1.653e-04	7.747e-05
geh	NOUN	weight	gewicht|gewichtung	peso	3.424e-04	2	0.333	1.298e-04	4.688e-05	1.657e-04
bub	NOUN	audience	zuschauer	público|audiencia|auditorio	3.424e-04	2	0.222	7.165e-05	6.608e-05	2.046e-04
hun	NOUN	apartment	wohnung	piso|apartamento	3.421e-04	2	0.256	6.145e-05	1.831e-04	9.764e-05
geb	ADV	exactly	genau	exactamente	3.406e-04	2	0.253	1.574e-04	1.206e-04	6.272e-05
vef	ADJ	beautiful	wunderschön	hermoso	3.406e-04	2	0.205	1.853e-04	5.227e-05	1.031e-04
laf	VERB	sleep	schlafen	dormir	3.404e-04	2	0.240	1.030e-04	1.221e-04	1.153e-04
vop	ADJ	whole		entero	3.403e-04	2	0.432	2.937e-04	0.000e+00	4.661e-05
hod	NOUN	board	vorstand|aufsichtsrat|verwaltungsrat	junta|tabla|tablero	3.403e-04	2	0.279	1.744e-04	6.065e-05	1.052e-04
tug	NOUN	style	stil	estilo	3.400e-04	2	0.231	1.582e-04	5.386e-05	1.279e-04
gev	NUM	seven	sieben	siete	3.395e-04	2	0.282	1.339e-04	1.114e-04	9.420e-05
heg	VERB	protect	schützen	proteger	3.395e-04	2	0.173	1.576e-04	1.091e-04	7.279e-05
tuv	NOUN	tax	steuer	impuesto	3.394e-04	2	0.243	1.993e-04	6.579e-05	7.434e-05
nav	ADJ	central	zentral	central	3.393e-04	2	0.286	1.473e-04	9.519e-05	9.681e-05
kuv	NOUN	customer	kunde|kundenservice	cliente	3.393e-04	2	0.331	1.129e-04	1.421e-04	8.427e-05
hev	NOUN	tv	fernsehen	televisión	3.392e-04	2	0.274	1.774e-04	6.313e-05	9.868e-05
gib	NOUN	quote	angebot|zitat|quote	cita|cotización	3.381e-04	2	0.223	4.879e-05	2.214e-04	6.794e-05
dib	ADJ		lieb		3.379e-04	2	0.500	0.000e+00	3.379e-04	0.000e+00
hob	ADJ	hot	heiß	caliente	3.375e-04	2	0.435	1.751e-04	1.197e-04	4.266e-05
mav	NOUN	camera	kamera	cámara	3.374e-04	2	0.286	1.071e-04	8.555e-05	1.447e-04
lah	VERB	launch	starten	lanzar	3.361e-04	2	0.272	9.243e-05	1.397e-04	1.040e-04
kuf	VERB	cost	kosten		3.357e-04	2	0.211	1.785e-04	1.571e-04	0.000e+00
lop	VERB	lay	legen		3.351e-04	2	0.228	7.008e-05	2.650e-04	0.000e+00
kuh	NOUN	cause	ursache	causa	3.347e-04	2	0.413	1.146e-04	5.845e-05	1.616e-04
bul	ADJ	cool	cool|kühl|geil	genial	3.345e-04	2	0.254	1.474e-04	1.199e-04	6.720e-05
hud	NOUN	authority	behörde|autorität	autoridad	3.344e-04	2	0.215	1.197e-04	8.333e-05	1.313e-04
fik	NOUN	direction	richtung		3.343e-04	2	0.264	1.139e-04	2.203e-04	0.000e+00
gop	NOUN	gold	gold	oro	3.341e-04	2	0.442	1.239e-04	9.395e-05	1.163e-04
biv	VERB	cover	decken	cubrir	3.335e-04	2	0.205	2.033e-04	4.721e-05	8.300e-05
mof	VERB	remove	entfernen|entfernt	quitar	3.322e-04	2	0.217	1.523e-04	1.008e-04	7.917e-05
vag	NOUN	league	liga|league	liga	3.322e-04	2	0.439	1.595e-04	1.183e-04	5.441e-05
fip	NOUN	officer	polizist|offizier	oficial	3.317e-04	2	0.274	2.021e-04	1.100e-04	1.962e-05
bif	ADJ	chinese	chinesisch	chino	3.315e-04	2	0.262	1.139e-04	4.407e-05	1.736e-04
bop	VERB	prepare	vorbereiten|bereiten	preparar	3.315e-04	2	0.133	1.150e-04	1.194e-04	9.696e-05
rub	NOUN	artist	künstler|künstlerin	artista	3.312e-04	2	0.152	1.226e-04	1.052e-04	1.033e-04
bah	PRON			tanto	3.311e-04	2	0.250	0.000e+00	0.000e+00	3.311e-04
fud	NOUN	fund	fonds|fund	fondo	3.305e-04	2	0.602	1.243e-04	3.605e-05	1.702e-04
vuh	NOUN	return	rückkehr|rückgabe	vuelta|retorno	3.305e-04	2	0.299	1.010e-04	4.086e-05	1.887e-04
gaf	ADP		statt		3.303e-04	2	0.250	0.000e+00	3.303e-04	0.000e+00
bum	VERB	assume	übernehmen	asumir	3.303e-04	2	0.312	9.456e-05	1.702e-04	6.561e-05
vib	VERB	wish	wünschen		3.302e-04	2	0.445	1.836e-04	1.467e-04	0.000e+00
mup	NOUN	sea	meer	mar	3.296e-04	2	0.181	1.331e-04	6.824e-05	1.282e-04
mob	NOUN	table	tisch	mesa	3.286e-04	2	0.209	1.468e-04	8.633e-05	9.552e-05
hik	ADJ	likely	wahrscheinlich|voraussichtlich	probable	3.283e-04	2	0.273	1.136e-04	1.670e-04	4.770e-05
nup	VERB	suppose		suponer	3.282e-04	2	0.332	1.324e-04	0.000e+00	1.958e-04
ruf	VERB	return		regresar	3.280e-04	2	0.268	2.247e-04	0.000e+00	1.034e-04
gig	ADJ	amazing	unglaublich|erstaunlich	increíble|asombroso	3.276e-04	2	0.205	1.406e-04	1.104e-04	7.662e-05
div	VERB	discover	entdecken	descubrir	3.276e-04	2	0.234	9.337e-05	1.075e-04	1.268e-04
vif	VERB	avoid	vermeiden|meiden	evitar	3.274e-04	2	0.332	1.088e-04	6.567e-05	1.529e-04
gah	SCONJ	than			3.260e-04	2	0.333	3.260e-04	0.000e+00	0.000e+00
lul	NOUN	call	anruf|anrufen	llamada|llama	3.255e-04	2	0.303	2.218e-04	3.409e-05	6.960e-05
dub	ADV		darüber		3.254e-04	2	0.429	0.000e+00	3.254e-04	0.000e+00
moh	VERB	improve	verbessern	mejorar	3.252e-04	2	0.247	1.467e-04	6.816e-05	1.104e-04
dum	NOUN	arm	arm	brazo	3.251e-04	2	0.254	1.204e-04	1.276e-04	7.713e-05
giv	ADJ	active	aktiv	activo	3.248e-04	2	0.400	9.497e-05	1.552e-04	7.467e-05
vob	NOUN	vote	stimmen	voto	3.242e-04	2	0.594	1.267e-04	3.528e-05	1.622e-04
lom	NOUN	application	anwendung|bewerbung	aplicación	3.242e-04	2	0.146	1.296e-04	8.680e-05	1.078e-04
suh	VERB	suggest	empfehlen	sugerir	3.242e-04	2	0.249	1.705e-04	1.152e-04	3.842e-05
gim	ADJ	joint	gemeinsam		3.242e-04	2	0.310	5.725e-05	2.669e-04	0.000e+00
bob	NOUN	worker	arbeiter	trabajador|obrero|trabajadora	3.239e-04	2	0.177	1.295e-04	4.067e-05	1.538e-04
dip	ADJ	due	fällig	debido	3.237e-04	2	0.341	2.490e-04	1.259e-05	6.217e-05
fib	ADJ	official		oficial|funcionario	3.233e-04	2	0.285	1.027e-04	0.000e+00	2.207e-04
hul	ADJ	popular	beliebt|beliebter	popular	3.231e-04	2	0.268	1.306e-04	3.963e-05	1.529e-04
lub	VERB	plan	planen		3.231e-04	2	0.220	2.062e-04	1.169e-04	0.000e+00
dud	VERB	cut	schneiden|abschneiden	cortar	3.224e-04	2	0.227	1.921e-04	6.777e-05	6.247e-05
bih	ADJ	wide	breit	amplio|ancho	3.222e-04	2	0.254	9.356e-05	1.265e-04	1.021e-04
vof	NOUN	wife	ehefrau|gemahlin	esposa	3.219e-04	2	0.492	2.031e-04	3.137e-05	8.738e-05
dug	ADJ		einzig		3.203e-04	2	0.167	0.000e+00	3.203e-04	0.000e+00
duf	VERB	reduce	reduzieren|senken	reducir	3.202e-04	2	0.297	1.449e-04	8.184e-05	9.348e-05
feb	NOUN	border	grenze	frontera	3.199e-04	2	0.213	7.765e-05	1.648e-04	7.743e-05
hug	NOUN	judge	richter|richterin	juez|magistrado|jueza	3.195e-04	2	0.356	1.234e-04	8.295e-05	1.132e-04
buv	ADP	via	per|via	vía	3.193e-04	2	0.175	1.172e-04	1.904e-04	1.170e-05
fim	NOUN	film	spielfilm	cine	3.186e-04	2	0.615	2.155e-04	4.759e-06	9.837e-05
vum	NOUN	victim	opfer	víctima	3.180e-04	2	0.184	8.102e-05	1.425e-04	9.443e-05
mud	ADJ	dead	tot	muerto	3.176e-04	2	0.223	1.685e-04	7.750e-05	7.163e-05
heb	NOUN	hotel	hotel	hotel	3.171e-04	2	0.400	1.180e-04	1.227e-04	7.644e-05
hag	VERB	beat	schlagen		3.170e-04	2	0.297	1.381e-04	1.789e-04	0.000e+00
fug	NOUN	influence	einfluß|beeinflussung	influencia	3.165e-04	2	0.269	7.699e-05	1.741e-04	6.536e-05
lud	VERB	end	beenden		3.155e-04	2	0.286	2.377e-04	7.773e-05	0.000e+00
bof	NOUN	sun	sonne	sol	3.149e-04	2	0.223	1.041e-04	8.378e-05	1.270e-04
nuh	ADJ	enough	genügend	suficiente	3.142e-04	2	0.314	1.512e-04	3.580e-05	1.272e-04
fef	NOUN	sister	schwester	hermana	3.140e-04	2	0.160	1.295e-04	9.028e-05	9.423e-05
duv	NOUN	discussion	diskussion	debate|discusión	3.127e-04	2	0.216	7.857e-05	9.502e-05	1.391e-04
gif	NOUN	ship	schiff	barco|nave	3.120e-04	2	0.343	1.273e-04	9.698e-05	8.777e-05
mih	NOUN	environment	umgebung|umwelt	ambiente|medioambiente	3.118e-04	2	0.168	9.455e-05	1.240e-04	9.325e-05
mub	NOUN	boy		muchacho|boy	3.113e-04	2	0.342	2.559e-04	0.000e+00	5.547e-05
lum	NOUN	album	album	disco|álbum	3.109e-04	2	0.472	1.345e-04	7.961e-05	9.684e-05
nof	ADJ	single		sencillo|soltero	3.105e-04	2	0.195	2.607e-04	0.000e+00	4.979e-05
gob	ADJ	poor	arm	pobre|pobrecito	3.105e-04	2	0.305	1.373e-04	5.170e-05	1.216e-04
vup	NOUN	campaign	kampagne|werbekampagne	campaña	3.100e-04	2	0.148	1.237e-04	3.376e-05	1.526e-04
gug	NOUN	train	zug	tren	3.100e-04	2	0.369	7.105e-05	1.714e-04	6.749e-05
fok	VERB	affect	betreffen	afectar	3.099e-04	2	0.280	1.172e-04	9.477e-05	9.785e-05
fop	NOUN	effort	aufwand|anstrengung	esfuerzo	3.093e-04	2	0.269	1.586e-04	4.074e-05	1.099e-04
boh	NOUN	blood	blut	sangre	3.083e-04	2	0.236	1.406e-04	6.625e-05	1.014e-04
mum	NOUN	volume	menge|volumen|lautstärke	volumen	3.080e-04	2	0.295	8.285e-05	1.780e-04	4.709e-05
dih	ADJ	pure	rein|pur	puro	3.070e-04	2	0.146	4.877e-05	1.908e-04	6.745e-05
nub	VERB	represent	repräsentieren	representar	3.066e-04	2	0.049	1.395e-04	1.525e-05	1.519e-04
gih	NOUN	practice	praxis	práctica|practica	3.065e-04	2	0.143	1.378e-04	7.019e-05	9.854e-05
doh	NUM	eight	acht	ocho	3.063e-04	2	0.162	1.172e-04	1.107e-04	7.842e-05
gog	VERB	agree	zustimmen	acordar|convenir	3.057e-04	2	0.034	2.023e-04	2.659e-05	7.683e-05
vug	NOUN	access	zugang|zugriff|zutritt	acceso	3.057e-04	2	0.082	1.108e-04	7.890e-05	1.160e-04
muf	NOUN	mom	mama	mamá	3.054e-04	2	0.333	1.473e-04	5.668e-05	1.014e-04
gub	ADJ	equal		igual	3.050e-04	2	0.344	4.276e-05	0.000e+00	2.623e-04
hiv	VERB	prevent	verhindern|vorbeugen	impedir|prevenir	3.046e-04	2	0.160	1.060e-04	1.185e-04	8.011e-05
vav	NOUN	award	auszeichnung	premio|galardón|premios	3.043e-04	2	0.188	1.420e-04	2.568e-05	1.366e-04
vub	NOUN	doubt	zweifel|zweifeln	duda|dudar|dudas	3.043e-04	2	0.309	7.007e-05	5.979e-05	1.744e-04
buh	NOUN	tree	baum	árbol	3.042e-04	2	0.205	1.339e-04	9.466e-05	7.554e-05
num	NOUN	nature	natur|naturschutz	naturaleza	3.034e-04	2	0.345	1.066e-04	1.136e-04	8.322e-05
fum	NOUN	feature	funktion|feature	característica|largometraje	3.030e-04	2	0.219	1.077e-04	1.166e-04	7.876e-05
vog	NOUN	code	code	código	3.030e-04	2	0.356	1.508e-04	4.692e-05	1.053e-04
lof	NOUN	pain	schmerz	dolor	3.029e-04	2	0.149	1.271e-04	6.279e-05	1.130e-04
fif	VERB	kick	treten		3.025e-04	2	0.098	8.857e-05	2.139e-04	0.000e+00
hib	VERB	participate	beteiligen|mitwirken	participar	3.025e-04	2	0.100	5.803e-05	6.664e-05	1.778e-04
guf	NOUN	pressure	druck	presión	3.022e-04	2	0.157	1.074e-04	1.185e-04	7.634e-05
luf	ADJ	least	wenigsten		3.022e-04	2	0.198	2.986e-04	3.668e-06	0.000e+00
nuf	NOUN	structure	struktur|aufbau	estructura	3.014e-04	2	0.180	1.066e-04	1.098e-04	8.491e-05
gof	NOUN	edition	ausgabe|edition	edición	3.008e-04	2	0.150	7.832e-05	1.240e-04	9.851e-05
hah	NOUN	charge	gebühr	cargo|cargos	3.008e-04	2	0.242	8.586e-05	2.720e-05	1.878e-04
muv	VERB	remain	verbleiben	permanecer	3.008e-04	2	0.145	2.185e-04	1.094e-05	7.139e-05
haf	NOUN	back	rücken|hinten	espalda	3.006e-04	2	0.244	1.908e-04	5.460e-05	5.525e-05
muh	ADJ	military	militärisch	militar	3.006e-04	2	0.138	1.186e-04	4.270e-05	1.393e-04
guv	ADP			ante	3.002e-04	2	0.000	0.000e+00	0.000e+00	3.002e-04
hub	NOUN	justice	gerechtigkeit	justicia	2.997e-04	2	0.240	1.097e-04	2.899e-05	1.610e-04
guh	ADJ	natural		natural|naturales	2.992e-04	2	0.143	1.440e-04	0.000e+00	1.552e-04
loh	NOUN	ball	ball	bola|pelota|balón	2.982e-04	2	0.105	1.597e-04	5.171e-05	8.682e-05
fob	NOUN			embargo	2.980e-04	2	0.167	0.000e+00	0.000e+00	2.980e-04
voh	NOUN	factory	werk|fabrik	fábrica|fabrica	2.977e-04	2	0.183	3.962e-05	2.153e-04	4.280e-05
hog	ADV	home	zuhause		2.975e-04	2	0.608	2.627e-04	3.485e-05	0.000e+00
vuf	VERB	publish	veröffentlichen|publizieren		2.975e-04	2	0.158	1.573e-04	1.402e-04	0.000e+00
luv	ADJ	russian	russisch	ruso	2.965e-04	2	0.214	1.138e-04	1.228e-04	5.979e-05
noh	ADJ	british	britisch	británico	2.959e-04	2	0.017	1.685e-04	8.802e-05	3.938e-05
goh	NOUN	deal	deal	trato	2.956e-04	2	0.000	2.091e-04	3.506e-05	5.146e-05
foh	NOUN	box	box|kasten|schachtel	caja|casilla	2.955e-04	2	0.252	1.472e-04	5.473e-05	9.352e-05
luh	ADJ	additional	zusätzlich	adicional	2.953e-04	2	0.057	1.066e-04	1.505e-04	3.817e-05
fof	NOUN	park	park|nationalpark|freizeitpark	parque	2.950e-04	2	0.004	1.279e-04	8.388e-05	8.320e-05
fuf	NOUN	bit	bit	bit	2.950e-04	2	0.000	2.780e-04	1.190e-05	5.059e-06
fuv	NOUN	district	landkreis|distrikt	distrito	2.949e-04	2	0.000	1.455e-04	8.033e-05	6.908e-05
fuh	ADJ	argentine		argentino	2.948e-04	2	0.000	4.654e-06	0.000e+00	2.902e-04
vuv	NOUN	channel	kanal|channel	canal	2.947e-04	2	0.000	1.058e-04	6.477e-05	1.242e-04
hof	NOUN	loss	verlust	pérdida|perdida	2.945e-04	2	0.172	1.520e-04	6.236e-05	8.013e-05
hoh	NOUN	association	verband|assoziation	asociación	2.943e-04	2	0.079	1.255e-04	6.885e-05	9.990e-05
huf	ADJ	medical	medizinisch	médico	2.939e-04	2	0.000	1.618e-04	5.295e-05	7.914e-05
huv	ADJ	independent	unabhängig|selbständig	independiente	2.938e-04	2	0.032	9.281e-05	1.226e-04	7.838e-05
huh	NOUN	radio	radio|radiosender	radio	2.938e-04	2	0.000	1.167e-04	6.280e-05	1.143e-04
durem	NOUN	dream	traum	sueño|ensueño	2.937e-04	3	0.411	9.290e-05	7.313e-05	1.277e-04
gabag	ADV	ago			2.935e-04	3	0.400	2.935e-04	0.000e+00	0.000e+00
genet	NOUN	agent	vertreter|agent	agente|mandatario	2.935e-04	3	0.522	1.117e-04	9.239e-05	8.938e-05
bilit	NOUN	ability	fähigkeit	capacidad	2.929e-04	3	0.447	1.199e-04	5.266e-05	1.204e-04
kefol	ADJ	successful	erfolgreich	exitoso	2.926e-04	3	0.347	9.863e-05	1.680e-04	2.601e-05
setag	NOUN	stage	bühne|etappe	etapa	2.925e-04	3	0.593	1.602e-04	6.786e-05	6.441e-05
kapok	PRON			poco	2.919e-04	3	0.600	0.000e+00	0.000e+00	2.919e-04
ranin	NOUN	training	weiterbildung|fortbildung	formación|capacitación|adiestramiento	2.914e-04	3	0.500	1.482e-04	2.745e-05	1.158e-04
riges	VERB	rise	steigen		2.905e-04	3	0.500	1.217e-04	1.689e-04	0.000e+00
repon	VERB	respond	reagieren	responder	2.898e-04	3	0.542	7.824e-05	7.419e-05	1.374e-04
sekud	NOUN	second	sekunde|zweite	segundo	2.896e-04	3	0.712	1.005e-04	1.006e-04	8.852e-05
nimon	PRON	anyone	irgendjemand		2.893e-04	3	0.583	2.712e-04	1.812e-05	0.000e+00
rekur	NOUN	resource	ressource	recurso	2.889e-04	3	0.708	1.181e-04	2.059e-05	1.502e-04
genel	NOUN	general	allgemeine|general	general|generales	2.879e-04	3	0.698	7.292e-05	7.685e-05	1.381e-04
ramen	NOUN	frame	rahmen	marco|bastidor	2.878e-04	3	0.557	4.955e-05	1.469e-04	9.136e-05
vinov	NOUN	window	fenster	ventana|ventanilla	2.870e-04	3	0.491	1.290e-04	9.938e-05	5.861e-05
tabis	VERB	establish		establecer	2.865e-04	3	0.507	1.363e-04	0.000e+00	1.502e-04
vilaf	NOUN	village	dorf	villa|aldea|poblado	2.863e-04	3	0.489	9.028e-05	9.167e-05	1.043e-04
mokut	NOUN	mouth	mund|maul	boca|desembocadura	2.862e-04	3	0.464	8.130e-05	9.027e-05	1.146e-04
detal	NOUN	detail	detail	detalle	2.857e-04	3	0.891	1.251e-04	6.118e-05	9.940e-05
veral	ADJ	several	mehrere	varios	2.853e-04	3	0.698	2.734e-04	7.544e-06	4.339e-06
dises	NOUN	disease	krankheit	enfermedad	2.853e-04	3	0.396	1.142e-04	6.910e-05	1.020e-04
sigan	VERB	sign	unterschreiben|unterzeichnen	firmar	2.848e-04	3	0.584	1.623e-04	5.233e-05	7.019e-05
reher	VERB	record	aufnehmen	grabar	2.845e-04	3	0.385	8.850e-05	1.438e-04	5.221e-05
valak	VERB	walk		caminar	2.844e-04	3	0.677	2.165e-04	0.000e+00	6.783e-05
seler	VERB	celebrate	feiern	celebrar	2.838e-04	3	0.577	5.385e-05	1.085e-04	1.215e-04
sonid	NOUN	sound	ton|klang|sound	sonido	2.837e-04	3	0.588	1.184e-04	1.069e-04	5.845e-05
kelam	VERB	claim	behaupten|beanspruchen	reclamar	2.836e-04	3	0.462	1.536e-04	8.866e-05	4.139e-05
posak	NOUN	approach	konzept|ansatz|vorgehen	enfoque|planteamiento	2.831e-04	3	0.342	9.420e-05	1.514e-04	3.748e-05
finan	ADJ	financial	finanziell	financiero	2.824e-04	3	0.556	1.339e-04	7.311e-05	7.541e-05
rovin	NOUN	province	bundesland|provinz	provincia	2.820e-04	3	0.623	4.486e-05	7.494e-05	1.622e-04
legal	ADJ	legal		legal|jurídico	2.817e-04	3	0.848	1.288e-04	0.000e+00	1.529e-04
kofim	VERB	confirm	bestätigen	confirmar	2.812e-04	3	0.416	8.052e-05	1.140e-04	8.664e-05
basul	ADJ	blue	blau	azul	2.810e-04	3	0.484	1.362e-04	8.598e-05	5.889e-05
henug	ADJ	huge	riesig	enorme	2.810e-04	3	0.417	1.283e-04	7.268e-05	8.002e-05
beder	ADV	particularly	insbesondere	particularmente	2.804e-04	3	0.280	1.018e-04	1.472e-04	3.141e-05
pupos	NOUN	purpose	zweck	propósito|finalidad	2.803e-04	3	0.473	1.187e-04	7.575e-05	8.585e-05
katek	VERB	catch	fangen	atrapar	2.802e-04	3	0.632	1.855e-04	7.913e-05	1.552e-05
nerir	ADJ	previous		anterior	2.801e-04	3	0.476	1.116e-04	0.000e+00	1.685e-04
konak	NOUN	contact	kontakt|ansprechpartner	contacto	2.801e-04	3	0.698	6.433e-05	1.228e-04	9.304e-05
kokan	NOUN	communication	kommunikation	comunicación	2.794e-04	3	0.417	9.687e-05	4.227e-05	1.402e-04
pares	NOUN	press	presse	prensa	2.787e-04	3	0.736	1.324e-04	5.771e-05	8.857e-05
futin	ADJ	funny	lustig	divertido	2.786e-04	3	0.497	1.215e-04	1.053e-04	5.174e-05
metod	NOUN	method	methode	método	2.777e-04	3	1.000	1.239e-04	7.490e-05	7.892e-05
visit	NOUN	visit	besuch	visita	2.770e-04	3	0.686	6.408e-05	1.088e-04	1.042e-04
soren	VERB	worry	sorgen		2.760e-04	3	0.697	8.696e-05	1.890e-04	0.000e+00
losen	VERB	solve	lösen	resolver|solucionar	2.756e-04	3	0.575	4.395e-05	1.209e-04	1.107e-04
korak	ADJ	crazy	verrückt	loco	2.753e-04	3	0.496	1.336e-04	5.538e-06	1.362e-04
tekis	ADJ	technical	technisch	técnico	2.750e-04	3	0.729	6.272e-05	1.660e-04	4.633e-05
darug	NOUN	drug	droge	droga|fármaco	2.749e-04	3	0.702	1.484e-04	4.866e-05	7.779e-05
hunat	ADJ			junto	2.744e-04	3	0.800	0.000e+00	0.000e+00	2.744e-04
nelus	NOUN	connection	anschluß	conexión	2.737e-04	3	0.442	8.749e-05	1.357e-04	5.059e-05
nunis	VERB	announce	ankündigen	anunciar	2.734e-04	3	0.489	1.401e-04	2.921e-05	1.041e-04
vehis	NOUN	white	weiß|weiße	blanca	2.729e-04	3	0.773	1.205e-05	2.547e-04	6.202e-06
tanar	NOUN	standard	standard	norma|estándar	2.729e-04	3	0.506	1.137e-04	6.603e-05	9.319e-05
vehik	NOUN	vehicle	fahrzeug	vehículo	2.728e-04	3	0.546	1.107e-04	1.002e-04	6.189e-05
sekin	NOUN	section	abschnitt|sektion	sección	2.727e-04	3	0.621	1.372e-04	5.585e-05	7.972e-05
kolup	NOUN	cup	cup|kelch	copa	2.726e-04	3	0.598	1.584e-04	3.103e-05	8.320e-05
danak	ADV	afterwards	danach|hinterher		2.721e-04	3	0.883	2.935e-05	2.427e-04	0.000e+00
refer	VERB	refer	verweisen	referir	2.718e-04	3	0.786	1.218e-04	4.002e-05	1.100e-04
paten	NOUN	patient	patient	paciente	2.714e-04	3	0.680	1.084e-04	9.738e-05	6.563e-05
daran	ADV		daran		2.710e-04	3	1.000	0.000e+00	2.710e-04	0.000e+00
raves	NOUN			través	2.708e-04	3	0.833	0.000e+00	0.000e+00	2.708e-04
dakek	ADJ	dark	dunkel	oscuro	2.707e-04	3	0.474	1.232e-04	8.305e-05	6.447e-05
sekor	NOUN	sector	branche|sektor	sector	2.704e-04	3	0.722	6.406e-05	5.049e-05	1.559e-04
deman	NOUN	demand	forderung|nachfrage	demanda|exigencia	2.702e-04	3	0.570	7.450e-05	1.023e-04	9.340e-05
firem	NOUN	firm	firma|kanzlei	bufete	2.701e-04	3	0.768	8.754e-05	1.802e-04	2.267e-06
tenak	VERB	teach	lehren|unterrichten	enseñar	2.697e-04	3	0.580	1.382e-04	5.335e-05	7.812e-05
sahek	ADJ	numerous	zahlreich	numeroso	2.695e-04	3	0.419	4.988e-05	1.563e-04	6.331e-05
sosot	VERB	shoot	schießen	disparar	2.694e-04	3	0.551	1.448e-04	8.163e-05	4.298e-05
terad	NOUN	trade	handel	comercio	2.689e-04	3	0.424	1.256e-04	6.187e-05	8.144e-05
felen	VERB	fly	fliegen	volar	2.686e-04	3	0.414	1.479e-04	7.508e-05	4.562e-05
mevil	ADV	meanwhile	mittlerweile|inzwischen|währenddessen|unterdessen	entretanto	2.683e-04	3	0.388	2.889e-05	2.365e-04	2.932e-06
sural	ADV	usually	normalerweise	generalmente|usualmente|habitualmente	2.674e-04	3	0.461	1.574e-04	3.834e-05	7.169e-05
befas	ADV	likewise	ebenfalls|gleichfalls		2.673e-04	3	0.604	1.228e-05	2.550e-04	0.000e+00
makin	NOUN	machine	maschine	máquina|maquina	2.672e-04	3	0.942	1.208e-04	7.762e-05	6.885e-05
losok	NOUN	look	schau	mirada	2.670e-04	3	0.383	1.015e-04	1.054e-04	6.013e-05
konek	VERB	connect	verbinden	conectar	2.667e-04	3	0.535	1.040e-04	1.132e-04	4.952e-05
desir	VERB	destroy	zerstören|vernichten	destruir	2.658e-04	3	0.568	9.609e-05	1.001e-04	6.953e-05
febin	ADJ	fine	fein	fino	2.657e-04	3	0.646	1.769e-04	6.140e-05	2.736e-05
sivil	ADJ	civil	zivil	civil	2.657e-04	3	1.000	9.497e-05	1.542e-05	1.553e-04
peras	ADV	perhaps	möglicherweise	quizá	2.645e-04	3	0.493	1.452e-04	5.798e-05	6.133e-05
kolen	NOUN	collection	sammlung|erhebung|kollektion	colección|recogida	2.644e-04	3	0.466	1.199e-04	8.711e-05	5.747e-05
remen	NOUN	treatment	behandlung	tratamiento	2.641e-04	3	0.423	1.276e-04	6.909e-05	6.740e-05
komar	VERB	compare	vergleichen	comparar	2.638e-04	3	0.559	1.457e-04	7.629e-05	4.188e-05
dunes	NOUN	desire	wunsch|begehren	deseo	2.623e-04	3	0.535	3.893e-05	1.288e-04	9.457e-05
habol	INTJ	hi	hallo	hola	2.617e-04	3	0.420	1.177e-04	6.804e-05	7.594e-05
lanam	ADJ	slow	langsam	lento	2.612e-04	3	0.497	6.190e-05	1.592e-04	4.008e-05
fatil	VERB	fail	scheitern|versagen	fallar|fracasar	2.611e-04	3	0.577	1.593e-04	5.941e-05	4.245e-05
temen	NOUN	item	posten	elemento	2.610e-04	3	0.458	1.088e-04	4.603e-05	1.062e-04
hebah	INTJ	yeah			2.600e-04	3	0.600	2.600e-04	0.000e+00	0.000e+00
marak	NOUN	mark	mark	marca	2.600e-04	3	0.800	1.023e-04	6.367e-05	9.399e-05
kolet	ADJ	complete	komplett		2.600e-04	3	0.714	9.856e-05	1.614e-04	0.000e+00
genan	NOUN	generation	generation	generación	2.596e-04	3	0.500	9.553e-05	7.845e-05	8.560e-05
babit	NOUN		bitte		2.594e-04	3	0.600	0.000e+00	2.594e-04	0.000e+00
togur	NOUN	tour	tour|rundgang	gira|recorrido|tour	2.592e-04	3	0.680	1.130e-04	7.488e-05	7.140e-05
badon	NOUN	bathroom	bad	baño	2.591e-04	3	0.571	4.395e-05	1.410e-04	7.415e-05
sufir	VERB	suffer	erleiden	sufrir	2.589e-04	3	0.753	9.865e-05	2.473e-05	1.355e-04
satud	VERB	study		estudiar	2.587e-04	3	0.585	1.281e-04	0.000e+00	1.306e-04
dikus	VERB	discuss	diskutieren|besprechen	discutir	2.586e-04	3	0.569	1.109e-04	9.346e-05	5.420e-05
terot	ADP	despite	trotz		2.585e-04	3	0.504	9.330e-05	1.652e-04	0.000e+00
runad	ADV	round	rund		2.581e-04	3	0.768	4.077e-05	2.173e-04	0.000e+00
nusen	VERB		nutzen		2.578e-04	3	0.833	0.000e+00	2.578e-04	0.000e+00
malag	ADV	wrong		mal	2.568e-04	3	0.550	3.217e-05	0.000e+00	2.247e-04
karus	VERB	cause	verursachen		2.566e-04	3	0.694	2.019e-04	5.462e-05	0.000e+00
simal	ADJ	simple	einfacher	simple	2.566e-04	3	0.788	1.419e-04	5.601e-06	1.090e-04
kanat	NOUN	candidate	kandidat|anwärter	candidato|candidata	2.560e-04	3	0.622	9.151e-05	4.945e-05	1.150e-04
turil	NOUN	trial	verhandlung	juicio	2.559e-04	3	0.442	1.060e-04	4.792e-05	1.020e-04
sodat	NOUN	soldier	soldat	soldado	2.558e-04	3	0.643	8.805e-05	8.969e-05	7.803e-05
loril	NOUN	oil	öl	petróleo|aceite|óleo	2.557e-04	3	0.482	1.487e-04	3.711e-05	6.991e-05
dusen	ADV	outside	außen|draussen		2.555e-04	3	0.609	9.014e-05	1.653e-04	0.000e+00
tatal	ADJ	actual	tatsächlich		2.553e-04	3	0.538	7.901e-05	1.762e-04	0.000e+00
denif	VERB	identify	ermitteln|identifizieren	identificar	2.552e-04	3	0.482	1.064e-04	8.436e-05	6.452e-05
fehen	VERB	lack	fehlen		2.547e-04	3	0.700	4.070e-05	2.140e-04	0.000e+00
modus	NOUN	mode	modus	modo	2.546e-04	3	0.637	5.783e-05	2.363e-05	1.732e-04
ranes	NOUN	race	rennen	raza	2.544e-04	3	0.600	1.346e-04	7.217e-05	4.771e-05
ravel	VERB	travel	reisen	viajar	2.542e-04	3	0.487	1.101e-04	4.789e-05	9.631e-05
sutes	NOUN	protection	schutz	protección	2.536e-04	3	0.435	8.389e-05	8.540e-05	8.431e-05
nitut	NOUN	institute	institut	instituto	2.536e-04	3	0.625	7.042e-05	8.495e-05	9.820e-05
deras	ADV		anders		2.532e-04	3	0.500	0.000e+00	2.532e-04	0.000e+00
makil	NOUN	email	email	correo	2.532e-04	3	0.508	1.858e-04	8.841e-06	5.855e-05
hopun	NOUN	hope	hoffnung	esperanza	2.530e-04	3	0.465	7.402e-05	8.851e-05	9.045e-05
defin	ADV	definitely	unbedingt	definitivamente	2.526e-04	3	0.432	1.071e-04	1.040e-04	4.145e-05
koner	VERB	convert	umwandeln|konvertieren	convertir	2.525e-04	3	0.556	3.244e-05	1.709e-05	2.030e-04
renin	NOUN	girlfriend	freundin	novia	2.524e-04	3	0.438	5.346e-05	1.289e-04	7.007e-05
begin	NOUN	beginning	beginn	comienzo	2.521e-04	3	0.711	7.415e-05	1.147e-04	6.323e-05
sinag	VERB	sing	singen	cantar	2.521e-04	3	0.560	9.521e-05	7.578e-05	8.107e-05
sotir	NOUN	shot		tiro	2.520e-04	3	0.600	1.959e-04	0.000e+00	5.616e-05
salul	NOUN	soul	seele	alma	2.517e-04	3	0.472	9.017e-05	5.928e-05	1.023e-04
marig	NOUN	marriage	ehe|heirat|eheschließung	matrimonio	2.512e-04	3	0.468	9.959e-05	8.587e-05	6.570e-05
deral	ADJ	federal		federal	2.511e-04	3	0.714	1.507e-04	0.000e+00	1.004e-04
damed	NOUN	media		media	2.508e-04	3	0.600	2.232e-04	0.000e+00	2.758e-05
fesil	ADJ	professional	professionell	profesional	2.506e-04	3	0.455	1.207e-04	4.067e-05	8.916e-05
dirar	NOUN	journal	zeitschrift|journal|fachzeitschrift	diario	2.499e-04	3	0.535	7.502e-05	6.775e-05	1.072e-04
nalis	NOUN	analysis	analyse	análisis	2.498e-04	3	0.675	9.762e-05	5.946e-05	9.274e-05
disan	NOUN	distance	abstand|distanz	distancia	2.497e-04	3	0.650	8.656e-05	7.734e-05	8.579e-05
veset	NOUN	west	westen|west	oeste|occidente	2.484e-04	3	0.700	7.994e-05	1.087e-04	5.974e-05
kolek	VERB	collect	sammeln|abholen|einsammeln	recoger	2.482e-04	3	0.491	9.496e-05	9.521e-05	5.800e-05
perat	VERB	operate	betreiben|operieren	operar	2.479e-04	3	0.576	1.084e-04	9.440e-05	4.505e-05
nirad	NOUN	entry	eingang|eintrag|einreise|eintragung	entrada	2.476e-04	3	0.478	5.223e-05	6.887e-05	1.265e-04
romer	VERB	promote	fördern|werben	promover|promocionar	2.476e-04	3	0.465	7.756e-05	9.827e-05	7.175e-05
patop	ADJ	top	top		2.475e-04	3	0.600	1.933e-04	5.424e-05	0.000e+00
hanen	VERB	hang	hängen|aufhängen	colgar	2.474e-04	3	0.645	9.717e-05	1.256e-04	2.470e-05
dagil	ADJ	daily	täglich	diario	2.473e-04	3	0.548	9.195e-05	1.026e-04	5.276e-05
defen	NOUN	defense	verteidigung|verteidigungsministerium	defensa	2.473e-04	3	0.755	9.497e-05	3.213e-05	1.202e-04
konom	NOUN	economy	volkswirtschaft	economía	2.472e-04	3	0.812	9.135e-05	7.052e-06	1.488e-04
simel	NOUN	sky	himmel	cielo	2.472e-04	3	0.636	6.766e-05	7.821e-05	1.013e-04
konen	NOUN	concern	sorge|bedenken	preocupación|inquietud	2.471e-04	3	0.401	9.016e-05	1.084e-04	4.858e-05
pubik	NOUN	republic	republik	república	2.467e-04	3	0.625	4.675e-05	4.784e-05	1.521e-04
berak	VERB	observe	beobachten|beachten	observar	2.461e-04	3	0.441	4.564e-05	1.166e-04	8.390e-05
nehen	VERB	arise	entstehen		2.461e-04	3	0.493	2.765e-05	2.184e-04	0.000e+00
ramir	ADJ	weird	komisch	raro	2.459e-04	3	0.430	7.372e-05	6.200e-05	1.102e-04
belov	ADV	below	darunter	debajo	2.451e-04	3	0.433	9.421e-05	9.100e-05	5.994e-05
dikar	VERB	indicate	angeben	indicar	2.451e-04	3	0.516	8.258e-05	5.138e-05	1.112e-04
heril	NOUN	hill	berg|hügel|anhöhe	cerro|colina	2.451e-04	3	0.470	1.059e-04	1.002e-04	3.901e-05
peret	NOUN	port	hafen|port	puerto	2.450e-04	3	0.544	7.299e-05	4.461e-05	1.274e-04
tebor	NOUN	theory	theorie	teoría	2.447e-04	3	0.800	1.032e-04	5.999e-05	8.151e-05
medim	ADJ	medium		medio|mediano	2.447e-04	3	0.630	2.663e-05	0.000e+00	2.181e-04
miler	NOUN	mile	meile	kilómetro|milla	2.445e-04	3	0.564	1.550e-04	1.636e-05	7.310e-05
kinom	NOUN	income	einkommen	ingreso	2.443e-04	3	0.403	1.095e-04	3.101e-05	1.038e-04
sukek	NOUN	search	suche	búsqueda	2.439e-04	3	0.514	7.529e-05	1.090e-04	5.965e-05
pesen	VERB	present	präsentieren		2.436e-04	3	0.585	1.610e-04	8.264e-05	0.000e+00
saden	NOUN	injury	schaden|verletzte|schädigung	herida|perjuicio	2.432e-04	3	0.489	9.207e-05	1.087e-04	4.246e-05
sobal	VERB	steal	stehlen|klauen	robar	2.429e-04	3	0.502	9.617e-05	5.788e-05	8.885e-05
kates	NOUN	cat	katze|kater	gato|gata	2.429e-04	3	0.608	9.943e-05	7.685e-05	6.660e-05
rovet	NOUN	growth	wachstum|zunahme|zuwachs	crecimiento	2.428e-04	3	0.412	1.194e-04	4.913e-05	7.423e-05
doket	NOUN	document	dokument|schriftstück	documento	2.427e-04	3	0.620	7.452e-05	5.079e-05	1.174e-04
kulul	ADJ	cultural	kulturell	cultural	2.427e-04	3	0.625	6.272e-05	5.184e-05	1.281e-04
huret	VERB	hurt	verletzen		2.425e-04	3	0.591	1.339e-04	1.086e-04	0.000e+00
bener	VERB	obtain		obtener	2.421e-04	3	0.551	7.199e-05	0.000e+00	1.701e-04
renen	VERB	earn	verdienen		2.415e-04	3	0.502	8.281e-05	1.587e-04	0.000e+00
ropes	NOUN	proposal	vorschlag	propuesta	2.413e-04	3	0.449	5.055e-05	7.513e-05	1.156e-04
netad	ADV	instead	stattdessen		2.413e-04	3	0.503	1.942e-04	4.709e-05	0.000e+00
fabit	NOUN	faith	vertrauen|glauben	fe	2.409e-04	3	0.358	7.377e-05	8.249e-05	8.459e-05
kones	NOUN	context	zusammenhang|kontext	contexto	2.408e-04	3	0.395	5.189e-05	1.303e-04	5.855e-05
gasit	NOUN	guest	gast	invitado|huésped|invitada	2.402e-04	3	0.644	7.176e-05	1.259e-04	4.259e-05
murer	NOUN	murder	mord|ermordung	asesinato|homicidio	2.400e-04	3	0.419	8.854e-05	6.310e-05	8.836e-05
rigen	NOUN	origin	herkunft|entstehung|ursprung	origen	2.397e-04	3	0.573	5.189e-05	8.244e-05	1.054e-04
hoven	NOUN	young	jung	joven	2.394e-04	3	0.711	8.496e-06	6.241e-05	1.685e-04
kanit	ADV	quite	ganz		2.394e-04	3	0.525	1.500e-04	8.933e-05	0.000e+00
sahen	VERB	count	zählen		2.393e-04	3	0.536	8.528e-05	1.541e-04	0.000e+00
meten	NOUN	competition	wettbewerb	competencia|competición	2.393e-04	3	0.416	9.827e-05	5.370e-05	8.729e-05
benef	NOUN	benefit		beneficio|provecho	2.391e-04	3	0.690	1.374e-04	0.000e+00	1.017e-04
reson	NOUN	responsibility	verantwortung	responsabilidad	2.390e-04	3	0.322	7.845e-05	6.508e-05	9.550e-05
feren	NOUN	reference	bezug|referenz	referencia	2.390e-04	3	0.505	6.388e-05	7.767e-05	9.741e-05
nadem	SCONJ		nachdem		2.379e-04	3	0.833	0.000e+00	2.379e-04	0.000e+00
solut	ADJ	absolute	absolut	absoluto	2.378e-04	3	0.714	3.465e-05	1.496e-04	5.351e-05
rinek	VERB	drink	trinken	beber	2.375e-04	3	0.509	1.109e-04	7.828e-05	4.836e-05
duner	NOUN	owner	besitzer	dueño|dueña	2.375e-04	3	0.539	1.253e-04	4.105e-05	7.109e-05
resun	NOUN	restaurant	küche|restaurant	restaurante	2.371e-04	3	0.425	7.799e-05	1.138e-04	4.530e-05
penal	NOUN	penalty	sanktion	pena|penal|penalización	2.371e-04	3	0.644	4.486e-05	1.526e-05	1.769e-04
lonor	NOUN	floor	etage|stockwerk	planta	2.369e-04	3	0.376	1.095e-04	1.893e-05	1.085e-04
fisik	ADJ	physical	körperlich|physisch	físico	2.359e-04	3	0.733	9.222e-05	5.835e-05	8.532e-05
gebit	NOUN	zone	gebiet|zone		2.357e-04	3	0.461	7.332e-05	1.624e-04	0.000e+00
bekan	ADJ	known	bekannt|bekannter	conocido	2.355e-04	3	0.519	2.278e-05	1.428e-04	6.997e-05
gekeg	ADJ	parallel	gleichzeitig|parallel	paralelo	2.355e-04	3	0.347	1.816e-05	1.962e-04	2.110e-05
kolad	ADJ	cold	kalt	frío	2.352e-04	3	0.503	1.083e-04	7.904e-05	4.788e-05
misef	PRON	myself			2.349e-04	3	0.833	2.349e-04	0.000e+00	0.000e+00
gumet	NOUN	argument	streit|argument	argumento|argumentación	2.342e-04	3	0.560	7.265e-05	9.753e-05	6.406e-05
nolav	VERB	involve	einbeziehen	implicar|involucrar	2.341e-04	3	0.409	1.498e-04	1.558e-05	6.873e-05
fikas	VERB	fix	korrigieren|beheben	arreglar|fijar	2.341e-04	3	0.551	1.278e-04	3.531e-05	7.099e-05
kafof	NOUN	coffee	kaffee|kaffeemaschine	café	2.338e-04	3	0.596	8.080e-05	8.514e-05	6.786e-05
konan	VERB	contain		contener	2.337e-04	3	0.635	1.474e-04	0.000e+00	8.637e-05
peluk	NOUN	fight		lucha|pelea	2.336e-04	3	0.466	5.232e-05	0.000e+00	1.813e-04
verus	ADP	versus	versus		2.334e-04	3	0.833	2.295e-04	3.917e-06	0.000e+00
ripet	NOUN	airport	flughafen|flugplatz	aeropuerto	2.333e-04	3	0.323	8.672e-05	8.266e-05	6.394e-05
ketar	NOUN	secretary	generalsekretär|sekretär|sekretärin	secretario|secretaría|secretaria	2.331e-04	3	0.610	1.030e-04	2.109e-05	1.090e-04
rarat	NOUN	earth	erde		2.328e-04	3	0.420	1.283e-04	1.045e-04	0.000e+00
tobus	NOUN	bus	bus	autobús|bus	2.326e-04	3	0.616	8.716e-05	9.040e-05	5.504e-05
visin	NOUN	vision	sicht|vision	visión	2.326e-04	3	0.600	5.407e-05	1.095e-04	6.904e-05
gefat	NOUN	gift	geschenk|schenkung	regalo|obsequio	2.325e-04	3	0.453	9.408e-05	6.978e-05	6.868e-05
filen	VERB	fill	füllen|ausfüllen	llenar|rellenar	2.325e-04	3	0.541	1.277e-04	5.025e-05	5.452e-05
sakin	NOUN	skin	haut	piel	2.322e-04	3	0.376	9.073e-05	7.301e-05	6.844e-05
kosut	NOUN	coast	küste|westküste	costa	2.319e-04	3	0.698	8.269e-05	3.184e-05	1.174e-04
relaf	PRON	yourself			2.317e-04	3	0.375	2.317e-04	0.000e+00	0.000e+00
komur	NOUN	computer	computer	computadora|ordenador	2.317e-04	3	0.568	1.280e-04	6.029e-05	4.341e-05
regas	NOUN	gas	gas|erdgas	gas	2.316e-04	3	0.602	1.179e-04	4.989e-05	6.381e-05
nenar	VERB			intentar	2.313e-04	3	0.625	0.000e+00	0.000e+00	2.313e-04
konar	NOUN	coach	trainer	entrenador	2.312e-04	3	0.453	1.221e-04	8.025e-05	2.890e-05
difik	ADJ	difficult	schwierig		2.310e-04	3	0.477	1.306e-04	1.004e-04	0.000e+00
mager	NOUN	manager	manager|geschäftsführerin	administrador|gerente|gestor	2.306e-04	3	0.606	1.372e-04	4.842e-05	4.507e-05
defed	VERB	defend	verteidigen	defender	2.301e-04	3	0.611	6.796e-05	4.933e-05	1.128e-04
verek	NOUN	comparison	vergleich	comparación	2.298e-04	3	0.438	4.304e-05	1.486e-04	3.823e-05
beden	VERB	imply	bedeuten	insinuar	2.296e-04	3	0.549	2.440e-05	2.009e-04	4.261e-06
riter	CCONJ	either	entweder		2.295e-04	3	0.663	1.557e-04	7.384e-05	0.000e+00
sigen	NOUN	sign		señal|signo	2.294e-04	3	0.613	1.212e-04	0.000e+00	1.082e-04
mobil	ADJ	mobile	mobil	celular|móvil	2.293e-04	3	0.756	7.901e-05	5.291e-05	9.742e-05
raneg	NOUN	range	reichweite	alcance|gama|cordillera	2.290e-04	3	0.589	1.483e-04	1.912e-05	6.161e-05
nemen	NOUN	increase	erhöhung	aumento|incremento	2.288e-04	3	0.380	9.554e-05	2.259e-05	1.107e-04
lovad	NOUN	lawyer	anwalt|anwältin	abogado|jurista	2.288e-04	3	0.387	7.957e-05	5.836e-05	9.090e-05
desud	NOUN	debt	schuld|verschuldung	deuda|endeudamiento	2.285e-04	3	0.504	6.559e-05	9.883e-05	6.410e-05
nuvan	ADV		wann	cuándo	2.285e-04	3	0.553	0.000e+00	1.751e-04	5.338e-05
makad	NOUN	mayor	bürgermeister|oberbürgermeister|bürgermeisterin	alcalde|alcaldía|intendente|alcaldesa	2.282e-04	3	0.309	4.940e-05	7.902e-05	9.982e-05
porar	VERB	import	importieren	importar	2.279e-04	3	0.596	1.295e-05	1.058e-05	2.044e-04
gamog	ADP	among			2.277e-04	3	0.600	2.277e-04	0.000e+00	0.000e+00
kenat	ADJ	cheap	günstig|billiger	barato	2.273e-04	3	0.418	8.205e-05	1.009e-04	4.429e-05
saris	ADJ	sad	traurig	triste	2.270e-04	3	0.409	7.723e-05	6.942e-05	8.031e-05
refus	VERB	refuse	ablehnen|weigern|verweigern	rechazar|denegar	2.269e-04	3	0.545	8.869e-05	8.199e-05	5.619e-05
tobah	SCONJ	though			2.259e-04	3	0.600	2.259e-04	0.000e+00	0.000e+00
peses	NOUN	species	gattung|spezies|tierart	especie	2.248e-04	3	0.580	7.901e-05	3.318e-05	1.126e-04
horas	NOUN	horse	pferd	caballo	2.247e-04	3	0.390	9.472e-05	7.062e-05	5.934e-05
sided	NOUN	speed	geschwindigkeit|schnelligkeit	velocidad|rapidez	2.246e-04	3	0.487	1.028e-04	4.560e-05	7.625e-05
posib	ADJ	impossible	unmöglich	imposible	2.244e-04	3	0.529	6.729e-05	5.741e-05	9.974e-05
besen	VERB	possess	besitzen	poseer	2.244e-04	3	0.525	2.416e-05	1.418e-04	5.842e-05
reden	VERB	rejoice	freuen		2.243e-04	3	0.664	3.214e-06	2.211e-04	0.000e+00
dekad	NOUN	decade	jahrzehnt	década	2.239e-04	3	0.734	7.935e-05	6.706e-05	7.753e-05
gener	VERB	generate	erzeugen|generieren	generar	2.239e-04	3	0.615	5.364e-05	5.317e-05	1.171e-04
ravis	VERB	raise	anheben	elevar|criar	2.236e-04	3	0.644	1.739e-04	7.904e-06	4.177e-05
reles	VERB	release	freigeben		2.235e-04	3	0.805	2.108e-04	1.263e-05	0.000e+00
menem	NOUN	enemy	gegner	enemigo	2.234e-04	3	0.613	8.392e-05	7.613e-05	6.336e-05
revev	NOUN	review	bewertung|rezension	examen	2.234e-04	3	0.592	1.339e-04	4.110e-05	4.834e-05
salik	ADJ	usual	üblich|gewöhnlich	habitual|usual	2.232e-04	3	0.414	4.654e-05	1.369e-04	3.980e-05
titin	NOUN	institution	institution	institución	2.232e-04	3	0.455	7.109e-05	3.633e-05	1.158e-04
lanal	ADJ	annual	jährlich	anual	2.231e-04	3	0.502	9.720e-05	6.944e-05	5.646e-05
digal	ADJ	digital	digital	digital	2.231e-04	3	0.714	7.544e-05	7.237e-05	7.525e-05
viner	NOUN	winter	winter	invierno	2.230e-04	3	0.753	9.137e-05	8.722e-05	4.443e-05
katak	VERB	attack	angreifen	atacar	2.229e-04	3	0.548	9.989e-05	3.874e-05	8.426e-05
lakas	NOUN	lake	see	lago	2.227e-04	3	0.401	9.084e-05	8.992e-05	4.195e-05
gevin	NOUN	profit	gewinn|profit	ganancia	2.226e-04	3	0.595	7.588e-05	1.181e-04	2.866e-05
segur	NOUN	insurance	versicherung	seguro	2.226e-04	3	0.543	9.720e-05	3.970e-05	8.571e-05
budet	NOUN	budget	haushalt|budget	presupuesto	2.226e-04	3	0.538	7.990e-05	7.077e-05	7.191e-05
nifik	ADJ	significant	erheblich|signifikant	significativo|significante	2.223e-04	3	0.389	1.066e-04	7.623e-05	3.951e-05
lisas	NOUN	usage	einsatz|benutzung	utilización	2.222e-04	3	0.521	1.897e-05	1.860e-04	1.730e-05
vatal	NOUN	advantage	vorteil	ventaja	2.222e-04	3	0.472	8.136e-05	8.637e-05	5.447e-05
famos	ADJ	famous	berühmt	famoso	2.220e-04	3	0.691	7.723e-05	5.568e-05	8.911e-05
veked	NOUN	weekend	wochenende		2.217e-04	3	0.604	1.075e-04	1.143e-04	0.000e+00
setad	NOUN	stand	stand	stand	2.211e-04	3	0.600	2.398e-05	1.908e-04	6.272e-06
bekil	NOUN	bill	schein	factura	2.208e-04	3	0.543	1.824e-04	1.777e-05	2.061e-05
dabad	NOUN			dio	2.207e-04	3	0.200	0.000e+00	0.000e+00	2.207e-04
pusen	VERB	push	drücken|pressen	empujar	2.206e-04	3	0.545	1.202e-04	8.483e-05	1.557e-05
vebin	NOUN	wine	wein	vino	2.205e-04	3	0.660	6.842e-05	6.662e-05	8.548e-05
valiv	ADJ	alive	lebend	vivo	2.204e-04	3	0.577	6.417e-05	2.991e-05	1.263e-04
masil	NOUN	mail	post|mail	correspondencia	2.202e-04	3	0.524	5.185e-05	1.603e-04	8.081e-06
befen	VERB	employ	beschäftigen	emplear	2.202e-04	3	0.340	4.552e-05	1.139e-04	6.071e-05
sapad	NOUN		spd		2.201e-04	3	0.600	0.000e+00	2.201e-04	0.000e+00
valod	NOUN	wood	wald	madera|leña	2.201e-04	3	0.578	6.729e-05	9.395e-05	5.883e-05
kedit	NOUN	credit	kredit|guthaben	crédito	2.199e-04	3	0.813	1.069e-04	3.757e-05	7.544e-05
vebar	VERB	wear			2.199e-04	3	0.800	2.199e-04	0.000e+00	0.000e+00
pesif	ADJ	specific	spezifisch	específico	2.199e-04	3	0.607	1.194e-04	4.273e-05	5.777e-05
senar	NOUN	centre	zentrum|mittelpunkt|stadtzentrum		2.197e-04	3	0.632	1.135e-04	1.062e-04	0.000e+00
kesim	NOUN	claim	anspruch	reclamo|reclamación	2.192e-04	3	0.372	9.932e-05	9.221e-05	2.766e-05
sonas	SCONJ	once	sobald		2.192e-04	3	0.562	1.354e-04	8.378e-05	0.000e+00
siden	NOUN	accident	unfall	accidente	2.191e-04	3	0.404	7.343e-05	7.754e-05	6.809e-05
garen	NOUN	garden	garten	jardín	2.190e-04	3	0.753	8.649e-05	7.989e-05	5.265e-05
radil	ADJ	traditional	traditionell	tradicional	2.190e-04	3	0.455	7.723e-05	6.434e-05	7.744e-05
selen	ADJ	rare	selten|seltener		2.189e-04	3	0.581	6.573e-05	1.532e-04	0.000e+00
tesat	VERB	test	testen	probar	2.189e-04	3	0.498	8.703e-05	5.206e-05	7.980e-05
kasin	NOUN	occasion	gelegenheit	ocasión	2.188e-04	3	0.531	4.709e-05	6.433e-05	1.073e-04
beneg	NOUN	meaning	bedeutung	significado	2.185e-04	3	0.385	6.712e-05	1.170e-04	3.441e-05
funin	NOUN	function		función	2.183e-04	3	0.677	9.134e-05	0.000e+00	1.270e-04
repos	NOUN	response	reaktion		2.182e-04	3	0.595	1.412e-04	7.703e-05	0.000e+00
ritor	NOUN	writer	schriftsteller|schriftstellerin	escritor|escritora	2.180e-04	3	0.602	9.430e-05	3.359e-05	9.016e-05
komel	ADJ	commercial	kommerziell	comercial	2.178e-04	3	0.556	8.421e-05	2.678e-05	1.068e-04
liver	VERB	deliver	ausliefern	entregar	2.177e-04	3	0.490	1.080e-04	1.463e-05	9.511e-05
masat	NOUN	crew	mannschaft|besatzung	tripulación	2.177e-04	3	0.458	6.457e-05	1.427e-04	1.044e-05
nebin	NOUN		nein		2.176e-04	3	0.800	0.000e+00	2.176e-04	0.000e+00
feres	NOUN	conference	konferenz	conferencia	2.176e-04	3	0.556	1.236e-04	2.843e-05	6.550e-05
devit	NOUN	device	gerät	dispositivo	2.175e-04	3	0.561	9.564e-05	8.962e-05	3.221e-05
vides	NOUN	evidence	nachweis|beweismittel	evidencia	2.171e-04	3	0.670	1.477e-04	2.253e-05	4.685e-05
felor	NOUN	flower	blume	flor	2.169e-04	3	0.575	7.812e-05	4.214e-05	9.663e-05
terav	NOUN	track		vía|atletismo	2.167e-04	3	0.388	1.010e-04	0.000e+00	1.157e-04
gasin	NOUN	magazine	magazin	revista	2.164e-04	3	0.466	7.444e-05	4.367e-05	9.831e-05
ditok	NOUN	joke	witz	broma|chiste	2.163e-04	3	0.403	7.511e-05	6.917e-05	7.206e-05
rehat	VERB	treat	behandeln		2.163e-04	3	0.479	1.186e-04	9.775e-05	0.000e+00
hesun	ADJ	healthy	gesund	sano|saludable	2.162e-04	3	0.476	7.877e-05	8.154e-05	5.589e-05
kaber	VERB			caer	2.162e-04	3	0.800	0.000e+00	0.000e+00	2.162e-04
legin	NOUN	leg	bein	pierna	2.159e-04	3	0.506	1.032e-04	6.212e-05	5.059e-05
vesen	ADJ	western	westlich	occidental	2.159e-04	3	0.549	1.138e-04	5.175e-05	5.035e-05
gesam	ADV	overall	insgesamt	globalmente	2.159e-04	3	0.510	4.278e-05	1.716e-04	1.501e-06
selul	NOUN	cell	zelle	célula|celda	2.157e-04	3	0.649	1.454e-04	3.502e-05	3.527e-05
motor	NOUN	engine	motor|suchmaschine	motor	2.157e-04	3	0.502	1.022e-04	5.740e-05	5.606e-05
purop	NOUN		europa		2.154e-04	3	0.800	0.000e+00	2.154e-04	0.000e+00
sehut	NOUN	set	set	conjunto|plató	2.151e-04	3	0.532	1.077e-04	2.367e-05	8.370e-05
kator	NOUN	actor	schauspieler|akteur|darsteller	actor	2.151e-04	3	0.486	7.790e-05	7.129e-05	6.590e-05
divid	NOUN	individual	individuum|einzel|einzelperson	individuo|individual	2.150e-04	3	0.528	1.263e-04	3.321e-05	5.551e-05
pagen	NOUN	payment	zahlung|zahlungsmittel	pago|pagos	2.150e-04	3	0.549	8.470e-05	2.679e-05	1.035e-04
ruhig	ADJ	quiet	ruhig	tranquilo|callado	2.145e-04	3	0.548	4.030e-05	9.641e-05	7.781e-05
konol	VERB	control	steuern	controlar	2.143e-04	3	0.575	1.153e-04	2.525e-05	7.373e-05
bolas	NOUN	bag	tasche	bolsa	2.140e-04	3	0.513	9.888e-05	5.443e-05	6.073e-05
sitat	NOUN	seat	sitz	asiento	2.140e-04	3	0.583	1.011e-04	7.569e-05	3.727e-05
selet	ADJ	smart	intelligent|klug|schlau	inteligente	2.140e-04	3	0.381	8.788e-05	6.202e-05	6.411e-05
kepok	DET			poco	2.136e-04	3	0.600	0.000e+00	0.000e+00	2.136e-04
babar	NOUN	bar	bar	bar|barra	2.132e-04	3	0.600	1.228e-04	1.881e-05	7.160e-05
litik	NOUN	politics	politiker		2.131e-04	3	0.583	8.269e-05	1.304e-04	0.000e+00
hatar	VERB	hate	hassen	odiar	2.128e-04	3	0.565	1.755e-04	1.455e-05	2.280e-05
lisen	VERB	listen	anhören|listen|zuhören		2.127e-04	3	0.805	1.914e-04	2.124e-05	0.000e+00
tuged	NOUN	youth	jugend|jugendliche	juventud	2.125e-04	3	0.370	6.726e-05	9.729e-05	4.792e-05
depen	VERB	depend	abhängen	depender	2.123e-04	3	0.695	9.598e-05	1.355e-05	1.027e-04
delat	ADV	forward	vorwärts	adelante	2.122e-04	3	0.445	9.384e-05	7.632e-06	1.108e-04
serig	NOUN	spring	frühjahr|frühling	primavera|manantial|resorte	2.121e-04	3	0.424	1.123e-04	5.597e-05	4.388e-05
nalog	ADP	along	entlang		2.121e-04	3	0.561	1.642e-04	4.788e-05	0.000e+00
fisal	NOUN	official	beamter	funcionario|funcionaria	2.121e-04	3	0.462	1.048e-04	3.762e-05	6.969e-05
reken	VERB		reichen		2.120e-04	3	0.833	0.000e+00	2.120e-04	0.000e+00
kagor	NOUN	category	kategorie	categoría	2.119e-04	3	0.714	6.434e-05	7.253e-05	7.500e-05
fomar	VERB			formar	2.117e-04	3	0.833	0.000e+00	0.000e+00	2.117e-04
berig	NOUN	bridge	brücke|steg	puente	2.116e-04	3	0.352	7.979e-05	6.857e-05	6.322e-05
halon	NOUN	hall	halle|hall	salón	2.114e-04	3	0.643	9.060e-05	7.501e-05	4.579e-05
ligis	ADJ	religious	religiös	religioso	2.114e-04	3	0.599	7.901e-05	4.633e-05	8.602e-05
felig	NOUN	flight	flug	vuelo	2.108e-04	3	0.443	9.888e-05	5.404e-05	5.785e-05
behet	NOUN	object	objekt	objeto	2.107e-04	3	0.455	6.208e-05	5.230e-05	9.632e-05
neran	ADJ	internal	intern|innere	interno	2.105e-04	3	0.493	5.100e-05	7.166e-05	8.787e-05
meter	NOUN	meter	meter	medidor	2.103e-04	3	0.995	3.824e-05	1.702e-04	1.899e-06
minir	NOUN	ministry	ministerium	ministerio|cancillería	2.103e-04	3	0.616	5.209e-05	3.271e-05	1.255e-04
genev	ADV	kinda	irgendwie		2.103e-04	3	0.495	4.341e-05	1.668e-04	0.000e+00
kinek	NOUN	corner	ecke|eck	esquina|rincón	2.102e-04	3	0.397	7.555e-05	7.935e-05	5.526e-05
runod	NOUN	round	runde|rund	ronda|redonda	2.099e-04	3	0.702	7.215e-05	1.083e-04	2.947e-05
vahos	PRON	whose			2.096e-04	3	0.800	2.096e-04	0.000e+00	0.000e+00
dakod	VERB	accord			2.095e-04	3	0.600	2.095e-04	0.000e+00	0.000e+00
golad	ADJ	glad	froh	contento	2.094e-04	3	0.368	8.861e-05	7.803e-05	4.280e-05
fakor	NOUN	factor	faktor	factor	2.094e-04	3	0.833	9.873e-05	4.638e-05	6.431e-05
komit	VERB	commit	verpflichten|begehen	cometer	2.092e-04	3	0.520	6.442e-05	8.464e-05	6.013e-05
musem	NOUN	museum	museum	museo|museos	2.092e-04	3	0.771	6.591e-05	8.630e-05	5.696e-05
satat	VERB	state			2.088e-04	3	0.800	2.088e-04	0.000e+00	0.000e+00
bired	NOUN	bird	vogel	ave|pájaro	2.088e-04	3	0.417	9.207e-05	6.649e-05	5.021e-05
berin	NOUN	brain	gehirn|hirn	cerebro	2.084e-04	3	0.509	1.103e-04	5.472e-05	4.344e-05
minan	NOUN	administration		administración	2.083e-04	3	0.357	9.747e-05	0.000e+00	1.108e-04
nesin	NOUN	investment	investition	inversión	2.082e-04	3	0.467	9.798e-05	3.068e-05	7.952e-05
sesin	NOUN	session	sitzung|session	sesión	2.080e-04	3	0.757	9.229e-05	4.946e-05	6.620e-05
sifik	ADJ	scientific	wissenschaftlich	científico	2.075e-04	3	0.452	5.223e-05	9.700e-05	5.828e-05
rorut	NOUN	route	strecke	ruta	2.072e-04	3	0.517	6.517e-05	7.564e-05	6.640e-05
bahen	NOUN	railway	bahn	ferrocarril	2.069e-04	3	0.619	4.004e-05	1.473e-04	1.954e-05
peris	NOUN	journalist	journalist|journalistin	periodista	2.067e-04	3	0.408	4.855e-05	6.888e-05	8.924e-05
genus	NOUN	agency	agentur|reisebüro	agencia	2.065e-04	3	0.593	1.214e-04	2.768e-05	5.745e-05
resen	ADJ	present	anwesend	presente	2.065e-04	3	0.691	8.079e-05	2.265e-05	1.031e-04
mabis	NOUN	mass	masse	masa|misa	2.062e-04	3	0.600	6.288e-05	6.413e-05	7.923e-05
belak	NOUN	beach	strand	playa	2.062e-04	3	0.494	1.030e-04	3.659e-05	6.660e-05
sunak	ADV		zunächst		2.059e-04	3	0.714	0.000e+00	2.059e-04	0.000e+00
geros	ADJ	dangerous	gefährlich	peligroso	2.057e-04	3	0.457	6.886e-05	7.610e-05	6.079e-05
danek	ADP		dank		2.056e-04	3	0.800	0.000e+00	2.056e-04	0.000e+00
sules	ADJ	sweet	süß	dulce	2.056e-04	3	0.512	9.073e-05	6.094e-05	5.388e-05
koges	NOUN	congress		congreso	2.055e-04	3	0.714	8.861e-05	0.000e+00	1.169e-04
dekat	ADJ	democratic	demokratisch	democrático	2.055e-04	3	0.500	5.993e-05	7.958e-05	6.597e-05
torol	NOUN	tool	werkzeug|tool	herramienta	2.053e-04	3	0.440	8.392e-05	3.881e-05	8.260e-05
kulas	NOUN	ass	hintern	culo	2.053e-04	3	0.429	1.325e-04	1.420e-05	5.855e-05
komet	ADV	completely		totalmente	2.052e-04	3	0.505	1.118e-04	0.000e+00	9.342e-05
figur	NOUN	figure		figura|cifra	2.051e-04	3	0.845	7.934e-05	0.000e+00	1.257e-04
holab	NOUN	holiday	urlaub	vacaciones|feriado	2.049e-04	3	0.420	6.467e-05	8.273e-05	5.753e-05
kener	ADJ	expensive	teuer|teurer	caro	2.046e-04	3	0.475	5.468e-05	9.728e-05	5.267e-05
tupid	ADJ	stupid	dumm	estúpido	2.045e-04	3	0.565	9.720e-05	8.167e-05	2.565e-05
foreg	ADJ	foreign		extranjero	2.044e-04	3	0.537	1.339e-04	0.000e+00	7.045e-05
subir	VERB	climb	klettern	subir	2.043e-04	3	0.792	3.326e-05	1.087e-05	1.602e-04
gebar	NOUN	neighborhood	gegend	barrio|vecindad	2.043e-04	3	0.439	4.476e-05	6.155e-05	9.795e-05
mogen	ADV		morgen		2.042e-04	3	0.833	0.000e+00	2.042e-04	0.000e+00
rofer	NOUN	professor	professor|professorin	profesora|catedrático	2.041e-04	3	0.604	9.789e-05	7.752e-05	2.868e-05
sigeg	NOUN	victory	sieg|siegen		2.040e-04	3	0.588	6.747e-05	1.365e-04	0.000e+00
ropon	VERB	propose	vorschlagen	proponer	2.035e-04	3	0.591	7.884e-05	2.519e-05	9.945e-05
gegal	ADJ		egal		2.034e-04	3	0.800	0.000e+00	2.034e-04	0.000e+00
parir	NOUN	pair	paaren	par	2.032e-04	3	0.666	6.932e-05	4.144e-06	1.297e-04
lenel	ADJ		einzeln		2.030e-04	3	0.429	0.000e+00	2.030e-04	0.000e+00
siluh	NOUN	silence	ruhe|stille	silencio	2.030e-04	3	0.452	2.678e-05	9.721e-05	7.898e-05
setuf	NOUN	stuff	zeug|sachen		2.029e-04	3	0.745	1.555e-04	4.736e-05	0.000e+00
pakut	NOUN	impact	auswirkung	impacto|repercusión	2.029e-04	3	0.423	9.538e-05	4.427e-05	6.323e-05
dabar	NOUN	dr		dra	2.028e-04	3	0.400	1.942e-04	0.000e+00	8.658e-06
rolus	ADJ	proud	stolz	orgulloso	2.027e-04	3	0.406	6.729e-05	9.238e-05	4.304e-05
gates	VERB	guess	raten|erraten	adivinar	2.026e-04	3	0.580	1.683e-04	2.830e-05	6.069e-06
dobel	ADJ	double	doppelt	doble	2.026e-04	3	0.676	8.781e-05	5.622e-05	5.859e-05
menor	ADJ	minor		menor	2.024e-04	3	0.954	4.654e-05	0.000e+00	1.559e-04
sakar	VERB			sacar	2.024e-04	3	1.000	0.000e+00	0.000e+00	2.024e-04
fokus	VERB	focus	konzentrieren	centrar	2.023e-04	3	0.660	1.300e-04	4.552e-05	2.684e-05
fabas	VERB	face			2.023e-04	3	0.600	2.023e-04	0.000e+00	0.000e+00
dader	VERB	order		ordenar	2.023e-04	3	0.549	1.422e-04	0.000e+00	6.006e-05
maker	DET		mancher		2.022e-04	3	0.833	0.000e+00	2.022e-04	0.000e+00
fabil	NOUN	fall	herbst	caída	2.022e-04	3	0.421	9.696e-05	6.508e-05	4.012e-05
diver	NOUN	driver	fahrer|treiber	conductor|chófer	2.018e-04	3	0.575	1.032e-04	6.707e-05	3.153e-05
levat	VERB	lift	heben	levantar	2.018e-04	3	0.461	5.208e-05	5.010e-05	9.964e-05
baber	NOUN		bayer		2.012e-04	3	0.800	0.000e+00	2.012e-04	0.000e+00
nevin	NUM	nine	neun	nueve	2.011e-04	3	0.544	8.269e-05	6.212e-05	5.624e-05
ligin	NOUN	religion	religion	religión	2.010e-04	3	0.625	7.045e-05	7.313e-05	5.745e-05
vehan	NOUN	behavior	verhalten	comportamiento	2.008e-04	3	0.398	6.334e-05	8.710e-05	5.032e-05
daben	ADV		denn		2.007e-04	3	0.600	0.000e+00	2.007e-04	0.000e+00
datin	NOUN	foundation	stiftung	fundación	2.007e-04	3	0.408	8.251e-05	6.104e-05	5.715e-05
kapan	NOUN	captain	kapitän|hauptmann|captain	capitán|capitana	2.003e-04	3	0.700	8.660e-05	5.314e-05	6.054e-05
pasat	NOUN	past	vergangenheit	pasado	2.000e-04	3	0.564	7.208e-05	7.301e-05	5.493e-05
vinad	NOUN	wind	wind	viento	2.000e-04	3	0.682	7.547e-05	6.568e-05	5.884e-05
pulan	NOUN	plane	flugzeug	avión	2.000e-04	3	0.404	7.477e-05	5.372e-05	7.147e-05
reses	NOUN	presence	gegenwart|präsenz|vorhandensein	presencia	1.998e-04	3	0.622	6.021e-05	4.603e-05	9.359e-05
sekul	ADJ	sexual	sexuell	sexual	1.998e-04	3	0.714	7.377e-05	4.699e-05	7.902e-05
kulir	VERB	comply		cumplir	1.997e-04	3	0.678	1.408e-05	0.000e+00	1.856e-04
vener	NOUN	winner	sieger|gewinner|preisträger|gewinnerin	ganador|vencedor|ganadora	1.997e-04	3	0.563	7.042e-05	7.537e-05	5.391e-05
kulav	NOUN	key	schlüssel	clave|llave|tecla	1.993e-04	3	0.455	6.686e-05	3.215e-05	1.003e-04
kabok	ADJ	okay	ok		1.993e-04	3	0.400	2.770e-05	1.716e-04	0.000e+00
maned	NOUN	command	befehl|kommando	mando|comando|comandancia	1.992e-04	3	0.545	5.726e-05	5.274e-05	8.923e-05
soset	NOUN	east	osten|ost	oriente	1.992e-04	3	0.427	5.536e-05	1.085e-04	3.529e-05
bevut	ADJ	aware	bewußt	consciente	1.991e-04	3	0.509	6.729e-05	1.008e-04	3.097e-05
daman	NOUN	damage	beschädigung	daño	1.991e-04	3	0.672	8.289e-05	5.431e-06	1.107e-04
feser	VERB			ofrecer	1.990e-04	3	0.714	0.000e+00	0.000e+00	1.990e-04
komer	NOUN	purchase	kauf|erwerb	compra	1.989e-04	3	0.414	4.159e-05	7.485e-05	8.249e-05
befid	VERB		befinden		1.989e-04	3	0.625	0.000e+00	1.989e-04	0.000e+00
relad	ADJ	related	verwandt	relacionado	1.988e-04	3	0.628	1.273e-04	1.501e-05	5.646e-05
fakil	NOUN	file	datei	archivo|expediente|fichero	1.987e-04	3	0.438	8.885e-05	2.430e-05	8.554e-05
himef	PRON	himself			1.986e-04	3	0.714	1.986e-04	0.000e+00	0.000e+00
deser	VERB	disappear	verschwinden	desaparecer	1.985e-04	3	0.394	3.133e-05	8.705e-05	8.013e-05
navit	VERB	invite	einladen	invitar	1.985e-04	3	0.434	6.823e-05	5.908e-05	7.118e-05
bokin	NOUN	construction	bau		1.982e-04	3	0.270	1.041e-04	9.410e-05	0.000e+00
faris	ADJ	fresh	frisch	fresco	1.981e-04	3	0.669	6.802e-05	9.918e-05	3.088e-05
derop	VERB	drop	ablegen		1.980e-04	3	0.732	1.774e-04	2.063e-05	0.000e+00
vilit	ADJ	willing	bereit|gewillt	dispuesto	1.976e-04	3	0.411	5.859e-05	8.255e-05	5.649e-05
seres	VERB	express	ausdrücken	expresar	1.976e-04	3	0.487	8.802e-05	2.419e-05	8.538e-05
kadok	ADJ	ok	okay		1.976e-04	3	0.400	8.715e-05	1.104e-04	0.000e+00
kurir	VERB			ocurrir	1.971e-04	3	0.833	0.000e+00	0.000e+00	1.971e-04
romis	VERB	promise	versprechen	prometer	1.970e-04	3	0.477	8.219e-05	6.428e-05	5.051e-05
lemel	NOUN	employee	arbeitnehmer	empleado|empleada	1.969e-04	3	0.452	1.074e-04	3.077e-05	5.876e-05
naten	VERB	attend	teilnehmen	asistir	1.966e-04	3	0.404	9.531e-05	4.932e-05	5.201e-05
rosim	ADJ	upcoming	kommenden	próximo	1.965e-04	3	0.644	2.444e-05	4.184e-06	1.678e-04
fikar	VERB			significar	1.964e-04	3	0.500	0.000e+00	0.000e+00	1.964e-04
huvev	NOUN	egg	ei	huevo	1.961e-04	3	0.367	6.741e-05	5.567e-05	7.307e-05
mosel	ADV	mostly	meistens	principalmente|mayormente	1.961e-04	3	0.458	7.193e-05	5.171e-05	7.243e-05
relas	VERB	replace	ersetzen	reemplazar	1.959e-04	3	0.571	9.776e-05	7.437e-05	2.380e-05
veter	NOUN	weather	wetter	clima|meteorología	1.957e-04	3	0.691	7.679e-05	7.045e-05	4.847e-05
farom	NOUN	farm	hof|farm|bauernhof	granja|finca	1.955e-04	3	0.455	7.812e-05	8.737e-05	3.006e-05
sinah	NOUN	close	nähe|nah|schließen	cierre	1.955e-04	3	0.487	2.249e-05	1.353e-04	3.766e-05
kofik	NOUN	conflict	konflikt	conflicto	1.954e-04	3	0.625	5.892e-05	5.744e-05	7.902e-05
rateg	NOUN	strategy	strategie	estrategia	1.952e-04	3	0.683	8.316e-05	4.285e-05	6.918e-05
hinas	ADP	beyond	hinaus|jenseits		1.950e-04	3	0.503	7.842e-05	1.166e-04	0.000e+00
sufas	NOUN	surface	fläche	superficie	1.950e-04	3	0.524	7.544e-05	6.827e-05	5.128e-05
salen	VERB		erzählen		1.948e-04	3	0.625	0.000e+00	1.948e-04	0.000e+00
libar	NOUN	library	bibliothek	biblioteca|bibliotecas	1.947e-04	3	0.525	9.620e-05	3.789e-05	6.063e-05
figer	NOUN	finger	finger	dedo	1.946e-04	3	0.631	6.590e-05	6.650e-05	6.222e-05
regun	NOUN	regulation	regelung|verordnung|regulierung	reglamento|regulación|reglamentación	1.945e-04	3	0.490	6.205e-05	7.965e-05	5.277e-05
labut	ADP		laut		1.944e-04	3	0.800	0.000e+00	1.944e-04	0.000e+00
kuret	ADJ	fourth	vierte	cuarto	1.944e-04	3	0.427	5.769e-05	5.517e-05	8.151e-05
kegen	NOUN	queen	königin|queen	reina	1.943e-04	3	0.604	8.080e-05	5.005e-05	6.340e-05
kupar	VERB	occupy	besetzen	ocupar	1.941e-04	3	0.561	2.954e-05	4.817e-05	1.164e-04
venig	DET		wenig		1.940e-04	3	1.000	0.000e+00	1.940e-04	0.000e+00
novel	NOUN	novel	roman	novela	1.936e-04	3	0.696	5.218e-05	7.356e-05	6.789e-05
kisis	NOUN	crisis	krise	crisis	1.934e-04	3	0.787	5.069e-05	3.834e-05	1.044e-04
beral	ADV	anywhere	überall		1.930e-04	3	0.572	6.051e-05	1.325e-04	0.000e+00
beren	VERB	burn	brennen|verbrennen	quemar	1.929e-04	3	0.507	8.584e-05	6.519e-05	4.186e-05
demok	NOUN	democracy	demokratie	democracia	1.926e-04	3	0.625	3.616e-05	6.876e-05	8.773e-05
nenog	ADJ	narrow	eng|schmal	estrecho|angosto	1.923e-04	3	0.434	2.952e-05	1.454e-04	1.746e-05
fipes	NOUN	fish	fisch|fischen	pez|pescado	1.919e-04	3	0.560	9.154e-05	4.914e-05	5.117e-05
senik	ADJ	essential	wesentlich	esencial	1.915e-04	3	0.534	4.218e-05	1.164e-04	3.290e-05
geran	VERB	grab	greifen|schnappen	agarrar	1.915e-04	3	0.479	6.256e-05	9.958e-05	2.933e-05
repol	ADJ	responsible	verantwortlich	responsable	1.914e-04	3	0.384	8.470e-05	8.275e-05	2.397e-05
ginal	ADJ	regional	regional	regional	1.913e-04	3	0.625	5.859e-05	5.967e-05	7.306e-05
refom	NOUN	reform	reform	reforma|reformas	1.913e-04	3	0.832	5.067e-05	3.443e-05	1.062e-04
kepet	NOUN	expert	experte	experto|perito|experta	1.910e-04	3	0.569	7.319e-05	6.756e-05	5.025e-05
nesug	NOUN	investigation	untersuchung|ermittlung		1.910e-04	3	0.354	8.080e-05	1.102e-04	0.000e+00
mulil	ADJ	multiple	mehrfach	múltiple|múltiples	1.904e-04	3	0.539	9.285e-05	5.776e-05	3.983e-05
hofel	NOUN	hell	hölle|hell	infierno	1.904e-04	3	0.555	1.237e-04	3.928e-05	2.733e-05
posin	NOUN	opposition	widerstand|opposition	oposición	1.902e-04	3	0.463	4.151e-05	7.729e-05	7.136e-05
merar	NOUN	temperature	temperatur	temperatura	1.902e-04	3	0.500	7.265e-05	6.969e-05	4.781e-05
serin	ADV	certainly	sicherlich	ciertamente	1.900e-04	3	0.562	1.116e-04	5.668e-05	2.177e-05
halat	ADV		halt		1.897e-04	3	0.800	0.000e+00	1.897e-04	0.000e+00
super	ADJ	super	super	super	1.896e-04	3	1.000	7.048e-06	1.552e-04	2.733e-05
sesit	ADJ	solid	fest|solide	sólido	1.894e-04	3	0.512	4.935e-05	1.175e-04	2.262e-05
saton	NOUN	stone	stein	stone	1.890e-04	3	0.611	9.319e-05	8.911e-05	6.719e-06
laden	NOUN	load	laden	carga	1.889e-04	3	0.550	5.054e-05	7.011e-05	6.826e-05
lafuf	NOUN	run	lauf		1.889e-04	3	0.550	7.871e-05	1.102e-04	0.000e+00
pefil	NOUN	profile	profil	perfil	1.886e-04	3	0.723	8.243e-05	4.236e-05	6.381e-05
kiman	ADJ	clean	sauber	limpio	1.885e-04	3	0.388	8.644e-05	4.866e-05	5.341e-05
koken	NOUN	consequence	konsequenz	consecuencia	1.883e-04	3	0.526	4.598e-05	4.295e-05	9.937e-05
disel	NOUN	display	darstellung|anzeige|display	mostrar	1.882e-04	3	0.505	4.942e-05	1.344e-04	4.452e-06
kerus	NOUN	cross	kreuz|überqueren	cruz	1.880e-04	3	0.674	6.384e-05	5.046e-05	7.369e-05
venal	ADV	eventually	irgendwann	eventualmente	1.880e-04	3	0.470	8.470e-05	9.182e-05	1.143e-05
rafik	NOUN	traffic	verkehr	tráfico|trafico	1.879e-04	3	0.589	7.901e-05	6.650e-05	4.242e-05
biten	VERB	beg	bitten	rogar	1.878e-04	3	0.905	1.518e-05	1.639e-04	8.731e-06
matek	NOUN	match	treffer	coincidencia	1.877e-04	3	0.671	1.508e-04	2.323e-05	1.361e-05
magin	VERB	imagine		imaginar	1.876e-04	3	0.743	1.059e-04	0.000e+00	8.170e-05
halab	ADJ	half	halb		1.875e-04	3	0.780	1.836e-05	1.691e-04	0.000e+00
kehan	NOUN	complaint	klage|beschwerde	denuncia|queja	1.873e-04	3	0.358	4.230e-05	6.534e-05	7.969e-05
geder	NOUN	gender	geschlecht	género	1.873e-04	3	0.721	4.549e-05	4.383e-05	9.801e-05
kakos	ADP	across			1.873e-04	3	0.600	1.873e-04	0.000e+00	0.000e+00
feras	NOUN	sentence	satz	frase	1.872e-04	3	0.532	5.747e-05	5.135e-05	7.833e-05
motiv	NOUN	motive	motiv	motivo	1.872e-04	3	1.000	1.571e-05	4.778e-05	1.237e-04
daduk	ADV	thereby	dadurch		1.871e-04	3	0.780	1.194e-05	1.751e-04	0.000e+00
raral	ADV	early	früher	temprano	1.870e-04	3	0.529	1.474e-04	7.186e-06	3.245e-05
serek	ADJ		österreich		1.870e-04	3	0.625	0.000e+00	1.870e-04	0.000e+00
kular	ADJ	particular		particular	1.869e-04	3	0.500	1.116e-04	0.000e+00	7.530e-05
holen	VERB	fetch	holen		1.869e-04	3	0.973	4.988e-06	1.819e-04	0.000e+00
berer	NOUN	beer	bier|biergarten	cerveza	1.867e-04	3	0.644	6.477e-05	8.162e-05	4.027e-05
ritik	ADJ	critical	kritisch	crítico	1.863e-04	3	0.677	7.544e-05	8.088e-05	2.999e-05
honor	NOUN	honor	ehre	honor	1.862e-04	3	0.737	4.818e-05	6.123e-05	7.680e-05
manag	VERB	manage	verwalten	administrar|gestionar	1.858e-04	3	0.809	1.407e-04	1.205e-05	3.305e-05
risin	ADJ	christian	christlich	cristiano	1.857e-04	3	0.587	8.470e-05	5.702e-05	4.394e-05
perir	ADJ	superior	überlegen	superior	1.855e-04	3	0.573	3.214e-05	2.378e-05	1.296e-04
letat	ADJ		letzt		1.855e-04	3	0.800	0.000e+00	1.855e-04	0.000e+00
pelas	NOUN	square		plaza|cuadrado	1.853e-04	3	0.700	2.330e-05	0.000e+00	1.620e-04
terus	VERB	trust	trauen|vertrauen		1.851e-04	3	0.525	1.329e-04	5.218e-05	0.000e+00
simer	NOUN	bedroom	zimmer|schlafzimmer	dormitorio	1.849e-04	3	0.713	3.812e-05	1.377e-04	9.065e-06
fesal	NOUN	festival	festival|volksfest	festival	1.849e-04	3	0.619	6.686e-05	4.974e-05	6.827e-05
gerig	ADJ	slight	gering	leve	1.847e-04	3	0.698	2.510e-05	1.464e-04	1.319e-05
hider	VERB	hide	verstecken|verbergen	ocultar|esconder	1.847e-04	3	0.347	6.823e-05	5.922e-05	5.723e-05
vesin	NOUN	neighbor	nachbar	vecino|prójimo	1.847e-04	3	0.475	3.381e-05	6.413e-05	8.672e-05
talag	NOUN	installation	anlage|installation|einbau	instalación	1.845e-04	3	0.473	1.618e-05	1.137e-04	5.467e-05
tadig	ADJ	continuous	ständig|kontinuierlich	continuo	1.843e-04	3	0.502	1.808e-05	1.339e-04	3.234e-05
dekar	VERB	declare		declarar	1.841e-04	3	0.699	6.522e-05	0.000e+00	1.189e-04
silik	ADJ	pretty	ziemlich|hübsch		1.840e-04	3	0.449	3.133e-05	1.527e-04	0.000e+00
lerer	ADJ	empty	leer	vacío	1.839e-04	3	0.514	4.341e-05	1.074e-04	3.308e-05
ganis	VERB	organize	organisieren|ordnen	organizar	1.838e-04	3	0.530	3.853e-05	5.727e-05	8.798e-05
volig	ADJ		völlig		1.836e-04	3	1.000	0.000e+00	1.836e-04	0.000e+00
fulam	ADV	fully		completamente|plenamente	1.836e-04	3	0.413	8.660e-05	0.000e+00	9.701e-05
pelat	NOUN	silver	silber	plata	1.835e-04	3	0.568	2.804e-05	3.917e-05	1.163e-04
sevak	ADJ	weak	schwach	débil	1.835e-04	3	0.613	6.400e-05	8.369e-05	3.578e-05
gator	NOUN	gate	tor		1.834e-04	3	0.600	5.524e-05	1.281e-04	0.000e+00
nerin	NOUN	conversation	unterhaltung	conversación	1.834e-04	3	0.403	8.504e-05	3.112e-05	6.719e-05
hirik	ADJ	historical		histórico	1.829e-04	3	0.588	5.468e-05	0.000e+00	1.283e-04
pobil	NOUN	possibility		posibilidad	1.828e-04	3	0.486	5.680e-05	0.000e+00	1.260e-04
tokar	VERB			tocar	1.828e-04	3	1.000	0.000e+00	0.000e+00	1.828e-04
tater	NOUN	theatre	theater	teatro	1.825e-04	3	0.690	4.081e-05	7.016e-05	7.154e-05
konep	NOUN	concept	konzeption	concepto	1.825e-04	3	0.705	8.604e-05	8.188e-06	8.827e-05
habin	ADP		hin		1.823e-04	3	0.600	0.000e+00	1.823e-04	0.000e+00
kasik	ADJ	sick	krank	enfermo	1.823e-04	3	0.452	8.519e-05	7.826e-05	1.886e-05
gilas	NOUN	glass	glas	vaso|vidrio	1.821e-04	3	0.668	8.444e-05	4.816e-05	4.951e-05
marar	VERB	mark	markieren	marcar	1.821e-04	3	0.662	1.002e-04	1.995e-05	6.197e-05
separ	VERB	separate	trennen	separar	1.818e-04	3	0.501	5.386e-05	7.087e-05	5.711e-05
radin	NOUN	tradition	tradition|überlieferung	tradición	1.815e-04	3	0.539	4.933e-05	6.865e-05	6.352e-05
farit	NOUN	physician	arzt|mediziner		1.814e-04	3	0.509	2.913e-05	1.523e-04	0.000e+00
hiles	NOUN	ice	eis	hielo	1.813e-04	3	0.429	1.086e-04	4.603e-05	2.666e-05
gativ	ADJ	negative	negativ	negativo	1.813e-04	3	0.714	5.233e-05	7.491e-05	5.407e-05
kesin	NOUN	expression	ausdruck	expresión	1.812e-04	3	0.401	4.890e-05	5.007e-05	8.220e-05
tened	NOUN	trend	trend	tendencia	1.812e-04	3	0.588	5.948e-05	4.863e-05	7.306e-05
repek	NOUN			respecto	1.809e-04	3	0.714	0.000e+00	0.000e+00	1.809e-04
habul	NOUN			julio	1.809e-04	3	0.600	0.000e+00	0.000e+00	1.809e-04
guset	NOUN	taste	geschmack	gusto	1.807e-04	3	0.608	3.746e-05	4.227e-05	1.010e-04
nerel	ADJ	variable	unterschiedlich|variabel|variablen	variable	1.804e-04	3	0.391	1.473e-05	1.520e-04	1.364e-05
relin	NOUN	revolution	revolution	revolución	1.803e-04	3	0.500	4.319e-05	4.201e-05	9.514e-05
tiket	NOUN	ticket	ticket|eintrittskarte	billete|boleto	1.802e-04	3	0.876	8.984e-05	4.726e-05	4.307e-05
falur	NOUN	failure	ausfall|versagen|scheitern	fracaso|fallo	1.800e-04	3	0.526	6.949e-05	4.505e-05	6.548e-05
hasod	NOUN	hatred	haß	odio	1.800e-04	3	0.490	1.250e-05	7.478e-05	9.274e-05
seran	ADJ	strange	seltsam	extraño	1.797e-04	3	0.580	5.114e-05	2.367e-05	1.049e-04
konet	NOUN	concert	konzert	concierto	1.794e-04	3	0.686	5.003e-05	7.333e-05	5.606e-05
titud	NOUN	attitude	einstellung	actitud	1.793e-04	3	0.624	5.379e-05	5.431e-05	7.117e-05
lasik	ADJ	classic	klassisch	clásico	1.793e-04	3	0.751	3.906e-05	8.862e-05	5.159e-05
terud	NOUN	background	hintergrund|vorgeschichte	trasfondo	1.790e-04	3	0.388	7.262e-05	1.030e-04	3.449e-06
revel	VERB	reveal	offenbaren	revelar	1.790e-04	3	0.755	1.078e-04	1.115e-05	6.003e-05
reset	ADJ	recent		reciente	1.790e-04	3	0.796	1.228e-04	0.000e+00	5.619e-05
resin	NOUN	creation	gründung|schaffung|schöpfung	creación	1.789e-04	3	0.478	4.429e-05	5.118e-05	8.347e-05
tipan	NOUN	participation	teilnahme|mitwirkung	participación	1.786e-04	3	0.379	2.388e-05	4.786e-05	1.069e-04
temit	VERB	admit	zugeben|eingestehen	admitir	1.785e-04	3	0.470	9.365e-05	3.084e-05	5.406e-05
marin	NOUN	meat	fleisch	carne	1.784e-04	3	0.364	5.102e-05	5.408e-05	7.333e-05
leben	VERB	experience	erleben		1.783e-04	3	0.579	5.834e-05	1.200e-04	0.000e+00
surem	ADJ	supreme	höchste|oberste	supremo	1.781e-04	3	0.508	5.468e-05	7.502e-05	4.839e-05
volek	NOUN	folk	volk|volksmusik	folk	1.779e-04	3	0.741	4.341e-05	1.323e-04	2.227e-06
rekes	NOUN	request	antrag	solicitud	1.777e-04	3	0.363	7.205e-05	6.559e-05	4.006e-05
resel	ADV	recently	kürzlich	recientemente	1.775e-04	3	0.559	1.172e-04	2.394e-05	3.639e-05
volav	NOUN	wave	welle	onda|ola	1.774e-04	3	0.415	6.567e-05	3.609e-05	7.567e-05
birad	NOUN	birthday	geburtstag	cumpleaños	1.771e-04	3	0.436	6.417e-05	7.253e-05	4.038e-05
neral	ADJ	wonderful	wunderbar	maravilloso	1.771e-04	3	0.417	7.901e-05	5.459e-05	4.348e-05
talin	ADJ	italian	italienisch	italiano	1.769e-04	3	0.636	5.100e-05	8.686e-05	3.906e-05
defir	VERB	define	definieren	definir	1.769e-04	3	0.705	7.814e-05	3.891e-05	5.981e-05
pefer	VERB	prefer	bevorzugen|vorziehen	preferir	1.764e-04	3	0.659	6.961e-05	2.038e-05	8.638e-05
koleg	NOUN	colleague	kollege|kollegin	colega	1.761e-04	3	0.951	3.242e-05	1.154e-04	2.823e-05
rison	NOUN	prison	gefängnis	cárcel	1.761e-04	3	0.451	7.796e-05	3.408e-05	6.403e-05
kelen	ADJ	excellent	hervorragend|exzellent|ausgezeichnet	excelente	1.761e-04	3	0.566	5.994e-05	3.231e-05	8.382e-05
poses	NOUN		prozeß		1.759e-04	3	0.833	0.000e+00	1.759e-04	0.000e+00
bulok	NOUN	block	block	bloque|cuadra	1.758e-04	3	0.739	9.884e-05	3.028e-05	4.668e-05
linen	VERB	succeed	gelingen	triunfar	1.757e-04	3	0.487	4.193e-05	1.230e-04	1.076e-05
lafom	NOUN	platform	plattform	plataforma|andén	1.756e-04	3	0.591	6.953e-05	4.048e-05	6.564e-05
roder	NOUN	producer	hersteller|produzent	productor|productora	1.756e-04	3	0.467	5.513e-05	7.205e-05	4.838e-05
bahar	VERB	download	herunterladen	bajar|descargar	1.756e-04	3	0.687	4.318e-05	5.652e-06	1.267e-04
negar	VERB	deny	bestreiten	negar	1.755e-04	3	0.590	6.440e-05	2.554e-05	8.559e-05
lesud	NOUN	pleasure	freude	placer	1.755e-04	3	0.428	4.539e-05	8.768e-05	4.244e-05
forus	NOUN	focus	schwerpunkt|fokus|focus	concentración	1.755e-04	3	0.554	6.106e-05	7.870e-05	3.574e-05
fukig	NOUN	refugee	flüchtling	refugiado	1.754e-04	3	0.477	3.097e-05	1.294e-04	1.501e-05
peber	NOUN		september		1.751e-04	3	0.556	0.000e+00	1.751e-04	0.000e+00
mabad	NOUN		mai		1.751e-04	3	0.200	0.000e+00	1.751e-04	0.000e+00
helar	NOUN	hero	held	héroe	1.747e-04	3	0.600	7.845e-05	4.934e-05	4.692e-05
panes	ADJ	japanese	japanisch	japonés	1.744e-04	3	0.630	7.209e-05	5.705e-05	4.529e-05
leges	ADJ	less	weniger		1.744e-04	3	0.587	1.615e-04	1.292e-05	0.000e+00
reviv	VERB	review	überprüfen	revisar	1.741e-04	3	0.569	8.405e-05	4.770e-05	4.234e-05
nedin	PART		nein		1.741e-04	3	0.800	0.000e+00	1.741e-04	0.000e+00
nimor	NOUN	mood	stimmung	humor|ánimo	1.739e-04	3	0.382	3.069e-05	5.442e-05	8.874e-05
valer	VERB			valer	1.738e-04	3	1.000	0.000e+00	0.000e+00	1.738e-04
kabad	DET			cuyo	1.738e-04	3	0.200	0.000e+00	0.000e+00	1.738e-04
lirar	NOUN	literature	literatur	literatura	1.738e-04	3	0.556	4.654e-05	7.135e-05	5.586e-05
selik	ADV	exclusively	ausschliesslich|ausschließlich	exclusivamente	1.736e-04	3	0.435	1.942e-05	1.304e-04	2.386e-05
lenir	NOUN	lie	lügen|lüge	mentira|miente	1.736e-04	3	0.386	4.779e-05	5.443e-05	7.136e-05
nesig	VERB	investigate	untersuchen	investigar	1.735e-04	3	0.430	5.156e-05	6.099e-05	6.097e-05
rufen	VERB	shout	rufen		1.733e-04	3	0.899	1.742e-05	1.559e-04	0.000e+00
kaner	NOUN	cancer	krebs	cáncer	1.733e-04	3	0.736	9.941e-05	2.651e-05	4.736e-05
lelaf	NOUN	leaf	blatt	hoja	1.732e-04	3	0.411	6.044e-05	5.715e-05	5.560e-05
pelan	NOUN	plant	pflanze	vegetal	1.731e-04	3	0.611	1.072e-04	5.930e-05	6.565e-06
nelik	ADJ		endlich		1.731e-04	3	0.667	0.000e+00	1.731e-04	0.000e+00
kabap	NOUN	cape	kap	cabo	1.730e-04	3	0.600	2.344e-05	8.567e-06	1.409e-04
kosun	NOUN	constitution	verfassung	constitución|constitucional	1.729e-04	3	0.400	4.170e-05	3.408e-05	9.714e-05
ritun	NOUN	establishment	einrichtung|errichtung	establecimiento	1.729e-04	3	0.368	3.707e-05	1.014e-04	3.439e-05
kenap	ADJ	tight	knapp	ajustado|apretado	1.724e-04	3	0.579	3.797e-05	1.212e-04	1.320e-05
basik	ADJ	basic		básico	1.723e-04	3	1.000	8.660e-05	0.000e+00	8.568e-05
medum	NOUN	medium	medium	mediano	1.720e-04	3	0.829	1.879e-05	1.509e-04	2.346e-06
kapel	NOUN	chapter	kapitel	capítulo|capitulo	1.720e-04	3	0.637	6.395e-05	3.601e-05	7.206e-05
saner	NOUN	share	anteil		1.717e-04	3	0.457	7.956e-05	9.212e-05	0.000e+00
kaden	NOUN	chain	kette	cadena	1.716e-04	3	0.738	6.428e-05	3.208e-05	7.525e-05
sudem	ADV		zudem		1.716e-04	3	1.000	0.000e+00	1.716e-04	0.000e+00
raned	NOUN	edge	rand|kante	borde|arista	1.713e-04	3	0.420	7.511e-05	6.785e-05	2.836e-05
kaleg	NOUN	challenge	herausforderung	reto	1.713e-04	3	0.553	9.545e-05	4.082e-05	3.499e-05
dumap	VERB	jump	springen	saltar	1.712e-04	3	0.436	8.540e-05	4.784e-05	3.797e-05
disin	NOUN	medicine	medizin|arzneimittel	medicina	1.712e-04	3	0.691	5.993e-05	5.055e-05	6.070e-05
gutod	NOUN	good	gut|guter	bueno|buena	1.709e-04	3	0.579	5.547e-05	1.064e-04	9.051e-06
tipis	ADJ	typical	typisch	típico	1.707e-04	3	0.838	4.341e-05	8.178e-05	4.555e-05
gagel	NOUN	angel	engel|angel	ángel	1.707e-04	3	0.600	5.178e-05	5.070e-05	6.819e-05
vebug	NOUN	advertising	werbung|werbeagentur	publicidad	1.706e-04	3	0.432	3.872e-05	8.310e-05	4.876e-05
dedik	VERB	dedicate	widmen	dedicar	1.706e-04	3	0.578	1.928e-05	4.234e-05	1.090e-04
ferud	ADP		aufgrund		1.705e-04	3	0.500	0.000e+00	1.705e-04	0.000e+00
vaker	VERB	wake	wecken|aufwachen	despertar	1.701e-04	3	0.450	6.731e-05	3.697e-05	6.583e-05
sapuh	NOUN	shoe	schuh	zapato	1.700e-04	3	0.444	6.642e-05	6.992e-05	3.370e-05
tanin	VERB	train	trainieren	entrenar	1.700e-04	3	0.530	1.098e-04	3.662e-05	2.360e-05
mekan	ADJ	mexican	mexikanisch	mexicano	1.699e-04	3	0.619	2.868e-05	8.103e-06	1.332e-04
forut	NOUN	fruit	frucht|obst	fruto|fruta|frutas	1.699e-04	3	0.650	5.457e-05	5.028e-05	6.501e-05
puper	ADV	super	super	súper	1.696e-04	3	0.800	1.198e-04	2.116e-05	2.863e-05
putip	NOUN	tip	tip	punta	1.696e-04	3	0.546	8.203e-05	4.185e-05	4.572e-05
kabar	VERB	care			1.695e-04	3	0.600	1.695e-04	0.000e+00	0.000e+00
direk	ADV	directly		directamente	1.694e-04	3	0.590	8.861e-05	0.000e+00	8.081e-05
hanal	VERB	handle	handhaben	manejar	1.692e-04	3	0.674	1.118e-04	3.921e-06	5.354e-05
mabaf	NOUN			mayo	1.690e-04	3	0.200	0.000e+00	0.000e+00	1.690e-04
pover	ADJ	powerful	mächtig	poderoso	1.689e-04	3	0.467	7.901e-05	3.829e-05	5.158e-05
tamok	ADV	neither		tampoco	1.688e-04	3	0.795	7.733e-06	0.000e+00	1.610e-04
biden	VERB		bilden		1.687e-04	3	0.833	0.000e+00	1.687e-04	0.000e+00
korib	VERB	contribute	beitragen	contribuir	1.687e-04	3	0.429	7.131e-05	4.112e-05	5.623e-05
rinig	NOUN	ring	ring	anillo	1.686e-04	3	0.741	8.287e-05	6.108e-05	2.469e-05
dison	NOUN	division	division|geschäftsbereich	división	1.685e-04	3	0.611	9.519e-05	1.684e-05	5.646e-05
dadap	NOUN	dad		papa	1.684e-04	3	0.524	1.042e-04	0.000e+00	6.421e-05
natin	NOUN	option	option		1.684e-04	3	0.500	1.277e-04	4.070e-05	0.000e+00
keten	VERB	extend	verlängern|ausdehnen	extender	1.678e-04	3	0.477	8.663e-05	3.968e-05	4.146e-05
kerem	ADJ	extreme	extrem	extremo	1.676e-04	3	0.571	4.442e-05	8.846e-05	3.476e-05
seren	NOUN	screen	bildschirm	pantalla	1.676e-04	3	0.374	9.095e-05	1.626e-05	6.042e-05
monan	NOUN	mountain	gebirge	montaña	1.675e-04	3	0.650	9.519e-05	1.314e-05	5.920e-05
lanet	NOUN	planet	planet	planeta	1.675e-04	3	0.833	6.596e-05	3.798e-05	6.353e-05
rakis	ADJ	practical	praktisch	práctico	1.674e-04	3	0.621	3.370e-05	8.828e-05	4.542e-05
derin	NOUN	description	beschreibung	descripción	1.674e-04	3	0.437	6.921e-05	5.276e-05	4.542e-05
ralin	NOUN	rain	regen	lluvia	1.671e-04	3	0.475	6.111e-05	4.613e-05	5.984e-05
terir	NOUN	territory	territorium	territorio	1.670e-04	3	0.701	5.613e-05	1.018e-05	1.007e-04
katol	ADJ	catholic	katholisch	católico	1.669e-04	3	0.714	3.962e-05	8.101e-05	4.626e-05
nabad	PART		na		1.668e-04	3	0.200	0.000e+00	1.668e-04	0.000e+00
gesen	ADV		gestern		1.668e-04	3	0.714	0.000e+00	1.668e-04	0.000e+00
dakad	NOUN		cdu		1.668e-04	3	0.400	0.000e+00	1.668e-04	0.000e+00
relar	VERB			resultar	1.668e-04	3	0.625	0.000e+00	0.000e+00	1.668e-04
denok	ADV	nonetheless	dennoch|nichtsdestotrotz		1.667e-04	3	0.790	3.646e-05	1.303e-04	0.000e+00
bevor	SCONJ		bevor		1.667e-04	3	1.000	0.000e+00	1.667e-04	0.000e+00
siman	VERB	estimate	schätzen	estimar	1.665e-04	3	0.472	6.188e-05	6.978e-05	3.485e-05
korar	VERB	cry	heulen	llorar	1.664e-04	3	0.551	9.521e-05	4.201e-06	6.694e-05
pesat	NOUN			puesto	1.657e-04	3	0.600	0.000e+00	0.000e+00	1.657e-04
varet	NOUN	variety	vielfalt|sorte|abwechslung	variedad	1.657e-04	3	0.575	7.266e-05	4.757e-05	4.543e-05
voder	VERB	wonder	wundern		1.653e-04	3	0.772	1.266e-04	3.867e-05	0.000e+00
labih	VERB	laugh		reír	1.650e-04	3	0.505	1.258e-04	0.000e+00	3.921e-05
sakal	NOUN	scale	maßstab|skala|waage	escala|balanza	1.650e-04	3	0.654	7.544e-05	3.528e-05	5.430e-05
kamep	NOUN	camp	lager	campamento	1.650e-04	3	0.606	8.245e-05	5.930e-05	2.323e-05
tesin	NOUN	intention	absicht|intention	intención	1.649e-04	3	0.470	3.828e-05	4.756e-05	7.909e-05
reren	NOUN	representative	vertretung	representante|representatividad	1.648e-04	3	0.402	6.401e-05	1.331e-05	8.748e-05
perov	VERB	approve	genehmigen	aprobar	1.648e-04	3	0.385	6.302e-05	1.814e-05	8.364e-05
metal	ADJ	mental	geistig|mentale	mental	1.648e-04	3	0.701	7.544e-05	4.312e-05	4.622e-05
pilat	NOUN	plate	platte|kennzeichen|teller	plato	1.647e-04	3	0.678	5.814e-05	6.601e-05	4.056e-05
kopet	VERB	complete		completar	1.647e-04	3	0.675	1.243e-04	0.000e+00	4.038e-05
didul	ADJ	individual	individuell	individual	1.646e-04	3	0.500	5.739e-05	5.418e-05	5.304e-05
lamen	NOUN	parliament	parlament	parlamento	1.646e-04	3	0.535	6.138e-05	6.236e-05	4.084e-05
makim	ADJ	maximum	maximal	máximo	1.645e-04	3	0.727	3.230e-05	5.134e-05	8.083e-05
koman	VERB	accompany	begleiten	acompañar	1.645e-04	3	0.413	2.707e-05	6.237e-05	7.501e-05
viken	VERB		wirken		1.644e-04	3	0.833	0.000e+00	1.644e-04	0.000e+00
vilen	NOUN	violence		violencia	1.641e-04	3	0.714	6.272e-05	0.000e+00	1.014e-04
labal	ADV			allá	1.640e-04	3	0.400	0.000e+00	0.000e+00	1.640e-04
larun	NOUN	explanation	erklärung|erläuterung	explicación	1.638e-04	3	0.388	3.711e-05	7.691e-05	4.980e-05
holok	NOUN	hole	loch	agujero|hueco|hoyo	1.634e-04	3	0.492	7.613e-05	4.508e-05	4.223e-05
vorat	ADJ	worth	wert		1.633e-04	3	0.768	1.374e-04	2.589e-05	0.000e+00
benen	VERB	denote	bezeichnen	denotar	1.633e-04	3	0.550	3.828e-06	1.581e-04	1.416e-06
bavob	ADV		wobei		1.633e-04	3	0.600	0.000e+00	1.633e-04	0.000e+00
pelen	NOUN	play	spielen	play	1.630e-04	3	0.448	1.215e-04	2.465e-05	1.690e-05
kekag	NOUN	exchange	börse|austausch	intercambio	1.630e-04	3	0.367	7.901e-05	5.062e-05	3.339e-05
nunit	VERB	unite	vereinen|vereinigen		1.629e-04	3	0.654	1.257e-04	3.720e-05	0.000e+00
lesen	VERB	afford	leisten		1.629e-04	3	0.527	4.276e-05	1.201e-04	0.000e+00
serat	DET			cierto	1.629e-04	3	0.600	0.000e+00	0.000e+00	1.629e-04
tineh	NOUN	participant	teilnehmer	participante	1.628e-04	3	0.362	3.474e-05	9.200e-05	3.607e-05
rader	VERB	modify	verändern|modifizieren	modificar	1.628e-04	3	0.412	2.904e-05	9.849e-05	3.528e-05
dadul	NOUN	adult	erwachsen|erwachsene|erwachsener	adulto|adulta	1.628e-04	3	0.487	9.271e-05	3.817e-05	3.191e-05
habad	INTJ	hey		hey	1.627e-04	3	0.200	1.473e-04	0.000e+00	1.541e-05
kokur	VERB	occur	auftreten		1.626e-04	3	0.574	1.093e-04	5.334e-05	0.000e+00
roped	NOUN	clothes	bekleidung	ropa	1.625e-04	3	0.493	5.859e-05	4.496e-06	9.946e-05
rahit	NOUN	ride	fahrt	paseo	1.623e-04	3	0.448	6.026e-05	7.032e-05	3.174e-05
dinid	ADV	inside	innen	adentro	1.622e-04	3	0.474	7.270e-05	5.083e-05	3.867e-05
meser	VERB	measure	messen	medir	1.620e-04	3	0.704	6.326e-05	6.302e-05	3.571e-05
setan	ADJ	certain			1.618e-04	3	0.714	1.618e-04	0.000e+00	0.000e+00
meles	PRON	themselves			1.618e-04	3	0.556	1.618e-04	0.000e+00	0.000e+00
tekik	NOUN	tech	technologie	técnico	1.618e-04	3	0.657	5.468e-05	3.435e-05	7.272e-05
lonag	ADV	along	entlang	junto	1.616e-04	3	0.459	1.036e-04	3.830e-06	5.415e-05
sobad	VERB	sound			1.609e-04	3	0.600	1.609e-04	0.000e+00	0.000e+00
hesis	NOUN	exercise	übung|ausübung	ejercicio	1.607e-04	3	0.474	3.893e-05	4.427e-05	7.753e-05
kopar	NOUN	copy	kopie	copia|ejemplar	1.607e-04	3	0.574	7.658e-05	2.026e-05	6.385e-05
letal	NOUN	metal	metall|metal	metal	1.603e-04	3	0.800	8.371e-05	4.040e-05	3.619e-05
peser	NOUN	priest	pfarrer|priester	cura|sacerdote	1.601e-04	3	0.402	3.527e-05	6.478e-05	6.006e-05
kikal	ADV	quickly		rápidamente	1.598e-04	3	0.619	1.116e-04	0.000e+00	4.825e-05
samol	NOUN	sample	probe|stichprobe	muestra	1.597e-04	3	0.351	6.070e-05	3.672e-05	6.228e-05
namik	ADV	namely	nämlich		1.595e-04	3	0.816	1.172e-05	1.478e-04	0.000e+00
kekap	VERB	escape	fliehen|entkommen|entfliehen	escapar	1.592e-04	3	0.419	6.391e-05	4.281e-05	5.250e-05
mehor	ADV			mejor	1.592e-04	3	1.000	0.000e+00	0.000e+00	1.592e-04
linad	NOUN	left	links|linke	izquierda|izquierdo	1.591e-04	3	0.392	2.694e-05	6.113e-05	7.103e-05
ritim	NOUN	criticism	kritik		1.591e-04	3	0.643	3.448e-05	1.246e-04	0.000e+00
fabir	ADJ	fair	fair		1.591e-04	3	0.800	1.118e-04	4.729e-05	0.000e+00
sakil	NOUN	skill	geschick	habilidad|destreza	1.590e-04	3	0.601	9.508e-05	7.466e-06	5.644e-05
dageg	ADV		dagegen		1.590e-04	3	0.714	0.000e+00	1.590e-04	0.000e+00
ditor	NOUN	editor	redaktion|redakteur|herausgeber	editor|editora|redactor	1.589e-04	3	0.632	5.881e-05	5.399e-05	4.606e-05
verag	ADJ	average	durchschnittlich	promedio	1.587e-04	3	0.588	1.066e-04	5.007e-05	2.107e-06
detar	VERB	highlight	hervorheben	destacar|resaltar	1.587e-04	3	0.467	3.507e-05	2.467e-06	1.211e-04
nabol	VERB	enable	ermöglichen	activar|habilitar	1.586e-04	3	0.328	5.572e-05	7.849e-05	2.437e-05
pesar	VERB	regret	bedauern	pesar|lamentar	1.586e-04	3	0.758	2.677e-05	1.216e-05	1.196e-04
suris	NOUN	surprise	überraschung|erstaunen	sorpresa	1.581e-04	3	0.483	6.148e-05	4.376e-05	5.289e-05
misam	NOUN			mismo	1.580e-04	3	0.800	0.000e+00	0.000e+00	1.580e-04
hesav	ADJ	heavy	schwerer	pesado	1.579e-04	3	0.709	1.097e-04	1.097e-05	3.728e-05
label	ADP			al	1.574e-04	3	0.400	0.000e+00	0.000e+00	1.574e-04
fekiv	ADJ	effective	effektiv|wirksam	eficaz	1.573e-04	3	0.589	8.660e-05	4.837e-05	2.236e-05
foras	VERB	force	erzwingen	forzar	1.571e-04	3	0.753	1.352e-04	6.609e-06	1.532e-05
diseb	NOUN			diciembre	1.571e-04	3	0.625	0.000e+00	0.000e+00	1.571e-04
ketub	NOUN			octubre	1.571e-04	3	0.500	0.000e+00	0.000e+00	1.571e-04
somit	ADV	hence	somit		1.569e-04	3	0.829	2.678e-05	1.302e-04	0.000e+00
ralis	VERB	realize	realisieren		1.569e-04	3	0.767	1.294e-04	2.755e-05	0.000e+00
helat	NOUN	heat	hitze	calor	1.569e-04	3	0.482	7.383e-05	2.532e-05	5.771e-05
fukin	ADJ	fucking		maldito	1.567e-04	3	0.685	1.218e-04	0.000e+00	3.499e-05
gugus	NOUN		august		1.567e-04	3	0.667	0.000e+00	1.567e-04	0.000e+00
narel	ADV	nearly	nahezu		1.566e-04	3	0.600	1.116e-04	4.496e-05	0.000e+00
ranor	NOUN	transportation	transport	transporte	1.565e-04	3	0.503	4.151e-05	2.628e-05	8.870e-05
nober	NOUN		november		1.565e-04	3	0.625	0.000e+00	1.565e-04	0.000e+00
sobiv	ADJ	obvious	offensichtlich	obvio	1.564e-04	3	0.319	4.765e-05	6.919e-05	3.959e-05
fimar	VERB	assert	durchsetzen	afirmar	1.563e-04	3	0.435	1.149e-05	4.959e-05	9.524e-05
sovoh	CCONJ		sowohl		1.562e-04	3	0.833	0.000e+00	1.562e-04	0.000e+00
sebis	ADJ		scheiß		1.562e-04	3	0.800	0.000e+00	1.562e-04	0.000e+00
sanat	ADJ		sankt		1.562e-04	3	0.800	0.000e+00	1.562e-04	0.000e+00
bekak	NOUN	break	bruch	descanso	1.562e-04	3	0.547	1.105e-04	1.602e-05	2.962e-05
dinan	ADJ	indian		indio	1.561e-04	3	0.458	9.073e-05	0.000e+00	6.538e-05
vedig	NOUN	wedding	hochzeit|trauung	boda	1.559e-04	3	0.490	7.544e-05	4.402e-05	3.648e-05
meror	NOUN	improvement	verbesserung|besserung	mejora|mejoramiento|mejoría	1.559e-04	3	0.414	5.524e-05	5.416e-05	4.650e-05
nenur	NOUN	encounter	begegnung	encuentro	1.558e-04	3	0.443	2.335e-05	2.949e-05	1.030e-04
basis	NOUN	basis	basis		1.557e-04	3	1.000	8.107e-05	7.466e-05	0.000e+00
futur	ADJ	future		futuro	1.557e-04	3	1.000	8.905e-05	0.000e+00	6.665e-05
labit	NOUN	collaboration	zusammenarbeit|mitarbeit	colaboración	1.555e-04	3	0.329	2.365e-05	8.142e-05	5.048e-05
fabes	NOUN	phase	phase	fase	1.555e-04	3	0.600	5.631e-05	5.289e-05	4.625e-05
rohen	VERB	threaten	drohen|bedrohen	amenazar	1.555e-04	3	0.541	4.613e-05	7.640e-05	3.292e-05
beron	ADJ	brown	braun	marrón	1.551e-04	3	0.534	9.632e-05	5.089e-05	7.906e-06
danis	NOUN	dance	tanz|dance	baile	1.551e-04	3	0.683	8.357e-05	4.011e-05	3.141e-05
nisir	VERB	initiate	einleiten|initiieren	iniciar	1.549e-04	3	0.611	1.704e-05	2.445e-05	1.134e-04
kelar	ADV	sure	sicher	claro|seguro	1.549e-04	3	0.565	2.696e-05	1.369e-05	1.142e-04
kater	NOUN	highway	autobahn|landstraße|highway	carretera|autovía	1.549e-04	3	0.312	4.295e-05	5.262e-05	5.931e-05
dohar	NOUN	ear	ohr	oído|oreja	1.547e-04	3	0.431	5.558e-05	6.141e-05	3.775e-05
genas	ADV	equally	ebenso|genauso|gleichermaßen	igualmente	1.547e-04	3	0.394	2.734e-05	8.488e-05	4.244e-05
seket	ADJ	secret	geheim|heimlich	secreto	1.546e-04	3	0.614	5.571e-05	5.927e-05	3.960e-05
relon	NOUN	resolution	auflösung|resolution	resolución	1.546e-04	3	0.455	4.900e-05	4.982e-05	5.574e-05
mapar	NOUN	map	landkarte	mapa|mapas	1.543e-04	3	0.595	9.352e-05	4.946e-06	5.586e-05
sofar	NOUN	software	software	software	1.542e-04	3	0.714	6.573e-05	4.402e-05	4.443e-05
raner	VERB	gather	versammeln	reunir	1.541e-04	3	0.522	5.969e-05	1.510e-05	7.930e-05
derug	NOUN	leadership	führung	liderazgo	1.540e-04	3	0.397	6.588e-05	6.825e-05	1.985e-05
kusan	NOUN	circumstance	umstand	circunstancia	1.539e-04	3	0.443	4.341e-05	6.599e-05	4.454e-05
foden	VERB		fordern		1.538e-04	3	0.714	0.000e+00	1.538e-04	0.000e+00
tarak	NOUN	task		tarea	1.536e-04	3	0.600	6.886e-05	0.000e+00	8.479e-05
surav	NOUN	survey	umfrage	encuesta	1.536e-04	3	0.476	6.584e-05	4.126e-05	4.646e-05
balus	NOUN		abschluß		1.533e-04	3	0.667	0.000e+00	1.533e-04	0.000e+00
fuken	VERB		funktionieren		1.533e-04	3	0.385	0.000e+00	1.533e-04	0.000e+00
femal	ADJ	female	weiblich	femenino	1.532e-04	3	0.541	4.405e-05	5.597e-05	5.322e-05
debar	ADJ	dear	lieber|lieben	querido	1.532e-04	3	0.550	6.573e-05	5.081e-05	3.668e-05
gider	NOUN	guide	führer|guide|leitfaden	guía	1.532e-04	3	0.420	6.255e-05	4.879e-05	4.186e-05
pebor	ADJ			peor	1.532e-04	3	0.800	0.000e+00	0.000e+00	1.532e-04
vesom	ADJ	awesome	krass	impresionante	1.531e-04	3	0.557	9.285e-05	2.848e-05	3.178e-05
dusid	ADP	outside	außerhalb		1.530e-04	3	0.429	7.113e-05	8.188e-05	0.000e+00
reser	VERB	deserve	verdient	merecer	1.528e-04	3	0.684	6.785e-05	2.847e-06	8.206e-05
karag	VERB	charge			1.527e-04	3	0.800	1.527e-04	0.000e+00	0.000e+00
lapil	NOUN		april		1.526e-04	3	0.600	0.000e+00	1.526e-04	0.000e+00
geman	ADJ	german		alemán	1.526e-04	3	0.775	9.943e-05	0.000e+00	5.319e-05
sidet	NOUN	incident	ereignis|vorfall|zwischenfall	incidente	1.525e-04	3	0.333	3.872e-05	8.626e-05	2.755e-05
gareg	VERB	argue	streiten|argumentieren	argumentar	1.525e-04	3	0.448	8.984e-05	4.503e-05	1.765e-05
bilin	NUM	billion			1.525e-04	3	0.833	1.525e-04	0.000e+00	0.000e+00
repir	NOUN	empire	reich	imperio	1.524e-04	3	0.548	3.872e-05	7.436e-05	3.936e-05
lolik	ADJ	sudden	plötzlich	repentino	1.524e-04	3	0.536	1.634e-05	1.293e-04	6.749e-06
velag	NOUN	publisher	verlag|verleger	editorial	1.523e-04	3	0.526	2.812e-05	9.107e-05	3.309e-05
funar	VERB			funcionar	1.523e-04	3	0.556	0.000e+00	0.000e+00	1.523e-04
ritir	NOUN	critic	kritiker	crítica	1.522e-04	3	0.660	3.729e-05	2.567e-05	8.923e-05
belet	NOUN	beauty	schönheit	belleza	1.522e-04	3	0.605	6.272e-05	3.338e-05	5.605e-05
neruk	NOUN	impression	eindruck	impresión	1.518e-04	3	0.351	3.072e-05	7.925e-05	4.179e-05
diput	NOUN	deputy	stellvertreter	diputado|adjunto	1.516e-04	3	0.685	4.534e-05	1.207e-05	9.419e-05
bigen	ADV	btw	übrigens		1.513e-04	3	0.589	1.283e-05	1.384e-04	0.000e+00
sered	VERB	spread	verteilen	difundir	1.512e-04	3	0.452	7.017e-05	5.496e-05	2.612e-05
lised	ADJ		anschließend		1.511e-04	3	0.500	0.000e+00	1.511e-04	0.000e+00
polit	NOUN	politician	politikerin	político	1.508e-04	3	0.623	5.491e-05	7.466e-06	8.846e-05
vivin	NOUN	housing	gehäuse|wohnungsbau	vivienda	1.508e-04	3	0.464	6.573e-05	1.525e-05	6.978e-05
vinag	NOUN	wing	flügel	ala	1.507e-04	3	0.460	7.611e-05	3.258e-05	4.205e-05
medat	ADJ	immediate	unmittelbar	inmediato	1.507e-04	3	0.499	3.694e-05	6.868e-05	4.506e-05
voren	ADV	front	vorne|vorn	frente	1.507e-04	3	0.648	5.561e-06	9.608e-05	4.902e-05
bokat	NOUN	boat	boot	bote|embarcación	1.505e-04	3	0.684	7.711e-05	4.904e-05	2.432e-05
veder	CCONJ	neither	weder		1.504e-04	3	0.884	3.480e-05	1.156e-04	0.000e+00
kepan	VERB	expand	erweitern|expandieren	ampliar|expandir	1.504e-04	3	0.395	6.403e-05	5.068e-05	3.569e-05
babil	NOUN			abril	1.501e-04	3	0.600	0.000e+00	0.000e+00	1.501e-04
vekom	ADJ	welcome	willkommen	bienvenido	1.501e-04	3	0.570	5.192e-05	7.347e-05	2.467e-05
setok	NOUN	stock	bestand|vorrat	caldo	1.501e-04	3	0.640	1.122e-04	3.160e-05	6.213e-06
lagal	ADJ	illegal	illegal	ilegal	1.500e-04	3	0.667	5.346e-05	4.588e-05	5.069e-05
komin	NOUN	commission	kommission		1.498e-04	3	0.625	9.811e-05	5.171e-05	0.000e+00
lenit	NOUN	length	länge	longitud	1.497e-04	3	0.614	7.502e-05	5.449e-05	2.024e-05
sirek	ADV	approx	ca|circa		1.495e-04	3	0.262	3.616e-06	1.459e-04	0.000e+00
talak	NOUN	talk	vortrag	habla	1.494e-04	3	0.445	6.608e-05	5.392e-05	2.944e-05
solul	ADV	absolutely	absolut	absolutamente	1.494e-04	3	0.497	1.066e-04	3.247e-06	3.956e-05
lekik	ADJ	electric	elektrisch	eléctrico	1.494e-04	3	0.590	5.170e-05	4.138e-05	5.629e-05
kapur	VERB	capture	erfassen|einfangen	capturar	1.491e-04	3	0.455	5.026e-05	7.395e-05	2.489e-05
libul	NOUN		juli		1.491e-04	3	0.600	0.000e+00	1.491e-04	0.000e+00
tober	NOUN		oktober		1.491e-04	3	0.714	0.000e+00	1.491e-04	0.000e+00
nibun	NOUN		juni		1.491e-04	3	0.600	0.000e+00	1.491e-04	0.000e+00
seten	NOUN	judgment	urteil	sentencia	1.490e-04	3	0.452	2.493e-05	7.212e-05	5.195e-05
gelab	NOUN	belief	glaube	creencia	1.487e-04	3	0.416	5.201e-05	6.573e-05	3.101e-05
komen	VERB	comment	kommentieren	comentar	1.486e-04	3	0.642	3.595e-05	2.938e-05	8.323e-05
lapul	VERB	pull			1.485e-04	3	0.600	1.485e-04	0.000e+00	0.000e+00
sinil	NOUN	single	single	sencillo|soltera	1.485e-04	3	0.738	4.186e-05	6.827e-05	3.839e-05
seret	NOUN	secret	geheimnis	secreto	1.485e-04	3	0.678	5.991e-05	3.776e-05	5.084e-05
relun	NOUN	introduction	vorstellung	introducción	1.484e-04	3	0.385	3.917e-05	8.023e-05	2.904e-05
palas	VERB	place			1.484e-04	3	0.800	1.484e-04	0.000e+00	0.000e+00
timud	ADJ	tired	müde	cansado	1.483e-04	3	0.504	5.388e-05	6.148e-05	3.297e-05
negen	NOUN	intelligence	intelligenz|geheimdienst|nachrichtendienst	inteligencia	1.483e-04	3	0.466	5.591e-05	4.024e-05	5.218e-05
gonor	NOUN	governor	gouverneur|statthalter	gobernador	1.483e-04	3	0.531	5.725e-05	1.563e-05	7.538e-05
lesun	NOUN	reading	lesen|lesung|lektüre	lectura	1.480e-04	3	0.533	4.319e-05	5.390e-05	5.094e-05
temin	NOUN	appointment	termin|ernennung	nombramiento|designación	1.480e-04	3	0.525	4.443e-05	7.852e-05	2.507e-05
labor	NOUN	labor	labor	parto|labor	1.478e-04	3	0.938	6.645e-05	1.631e-05	6.506e-05
manan	ADV			mañana	1.475e-04	3	1.000	0.000e+00	0.000e+00	1.475e-04
minal	ADJ	criminal	kriminell	penal|criminal	1.475e-04	3	0.604	5.017e-05	1.568e-05	8.163e-05
varis	ADJ	various			1.473e-04	3	0.714	1.473e-04	0.000e+00	0.000e+00
setig	NOUN	witness	zeuge|zeugen	testigo|testigos	1.472e-04	3	0.485	4.485e-05	4.818e-05	5.417e-05
habun	NOUN			junio	1.471e-04	3	0.600	0.000e+00	0.000e+00	1.471e-04
nesen	VERB	deploy	einsetzen	desplegar	1.469e-04	3	0.497	1.986e-05	1.202e-04	6.883e-06
neles	NOUN			inglés	1.469e-04	3	0.667	0.000e+00	0.000e+00	1.469e-04
kasil	NOUN	chair	stuhl|sessel|lehrstuhl	silla	1.468e-04	3	0.485	6.460e-05	4.578e-05	3.645e-05
biret	NOUN	birth	geburt	nacimiento|natalidad	1.468e-04	3	0.538	6.573e-05	3.739e-05	4.366e-05
lemen	NOUN	element	element		1.468e-04	3	0.714	8.805e-05	5.870e-05	0.000e+00
masiv	ADJ	massive	massiv	masivo	1.466e-04	3	1.000	5.859e-05	5.787e-05	3.011e-05
gerav	ADJ	severe	schwerwiegend	grave|severo	1.465e-04	3	0.532	4.051e-05	6.147e-06	9.980e-05
limit	VERB	limit	begrenzen	limitar	1.463e-04	3	0.798	7.988e-05	1.473e-05	5.165e-05
teles	ADV	partly	teilweise	parcialmente	1.459e-04	3	0.492	2.232e-05	1.112e-04	1.241e-05
romen	NOUN	promotion	förderung|beförderung	promoción|ascenso	1.459e-04	3	0.367	2.868e-05	5.957e-05	5.766e-05
kelin	NOUN	china	porzellan		1.459e-04	3	0.592	1.406e-04	5.289e-06	0.000e+00
pedik	NOUN	newspaper	tageszeitung	periódico	1.458e-04	3	0.357	6.428e-05	1.351e-05	6.799e-05
milek	NOUN	milk	milch	leche	1.457e-04	3	0.723	5.140e-05	3.834e-05	5.598e-05
nesan	NOUN	understanding	verständnis|verständigung	comprensión|entendimiento	1.457e-04	3	0.351	6.380e-05	5.227e-05	2.962e-05
senat	NOUN	cent	cent	centavo	1.456e-04	3	0.786	1.010e-04	2.910e-05	1.554e-05
hekon	ADJ	done	geschafft	hecho	1.453e-04	3	0.506	5.837e-05	4.671e-06	8.223e-05
ladan	VERB	load	laden	cargar	1.453e-04	3	0.596	3.377e-05	7.683e-05	3.467e-05
bitan	NOUN	inhabitant	einwohner	habitante	1.452e-04	3	0.475	1.306e-05	5.005e-05	8.213e-05
manam	VERB	name			1.452e-04	3	0.600	1.452e-04	0.000e+00	0.000e+00
repet	VERB	repeat	wiederholen	repetir	1.452e-04	3	0.645	5.921e-05	3.203e-05	5.393e-05
nabon	ADV	non			1.451e-04	3	0.600	1.451e-04	0.000e+00	0.000e+00
suvor	ADV	formerly	zuvor|ehemals	antiguamente	1.450e-04	3	0.784	1.942e-05	1.216e-04	3.956e-06
reger	VERB	register	anmelden|registrieren		1.449e-04	3	0.492	8.357e-05	6.138e-05	0.000e+00
taget	NOUN	target	zielgruppe	blanco	1.447e-04	3	0.442	7.445e-05	1.570e-05	5.456e-05
regim	NOUN	scheme		régimen	1.446e-04	3	0.598	5.346e-05	0.000e+00	9.116e-05
never	VERB	answer	antworten	contestar	1.445e-04	3	0.513	7.785e-05	2.214e-05	4.455e-05
forum	NOUN	forum	forum	foro	1.443e-04	3	0.837	3.468e-05	5.087e-05	5.875e-05
vilet	ADJ	violent	heftig|gewalttätig|gewaltsam	violento	1.443e-04	3	0.397	3.214e-05	6.966e-05	4.246e-05
noveb	NOUN			noviembre	1.441e-04	3	0.625	0.000e+00	0.000e+00	1.441e-04
vilad	ADJ	wild	wild	salvaje|silvestre	1.441e-04	3	0.682	4.899e-05	6.055e-05	3.451e-05
fagur	VERB	figure			1.440e-04	3	0.800	1.440e-04	0.000e+00	0.000e+00
varen	VERB	warn	warnen	advertir|avisar	1.436e-04	3	0.560	2.857e-05	5.257e-05	6.248e-05
berad	NOUN	brand	marke|brand		1.432e-04	3	0.451	5.223e-05	9.099e-05	0.000e+00
panir	NOUN	painting	gemälde|malerei	cuadro	1.432e-04	3	0.323	5.927e-05	3.395e-05	5.000e-05
varin	NOUN	warning	achtung	aviso|advertencia	1.431e-04	3	0.439	5.014e-05	3.917e-05	5.379e-05
baren	VERB	ban	sperren	prohibir	1.430e-04	3	0.381	5.251e-05	4.594e-05	4.454e-05
ditin	NOUN	addition	zusatz|zugabe	adición	1.429e-04	3	0.626	1.209e-04	1.648e-05	5.586e-06
nativ	NOUN	initiative	initiative	iniciativa	1.428e-04	3	0.556	3.727e-05	4.340e-05	6.216e-05
sisen	NOUN	existence	existenz|bestehen|dasein	existencia	1.427e-04	3	0.536	3.962e-05	4.647e-05	5.666e-05
radel	NOUN	wheel	rad	rueda	1.427e-04	3	0.466	5.513e-05	4.707e-05	4.053e-05
karal	ADV	clearly		claramente	1.426e-04	3	0.481	9.285e-05	0.000e+00	4.980e-05
pirit	NOUN	spirit		espíritu	1.426e-04	3	0.785	8.504e-05	0.000e+00	5.753e-05
lekon	ADJ	electronic	elektronisch	electrónico	1.425e-04	3	0.500	3.962e-05	3.091e-05	7.202e-05
bidun	NOUN	formation	bildung|formation		1.424e-04	3	0.500	3.914e-05	1.033e-04	0.000e+00
roded	VERB	surround	umgeben|umstellen	rodear	1.424e-04	3	0.432	7.014e-05	3.147e-05	4.080e-05
leser	NOUN	reader	leser	lector	1.423e-04	3	0.670	5.312e-05	4.851e-05	4.069e-05
varim	ADJ	warm	warm	cálido|tibio	1.420e-04	3	0.743	5.794e-05	6.580e-05	1.829e-05
denit	NOUN	identity	identität	identidad	1.417e-04	3	0.567	4.988e-05	3.469e-05	5.716e-05
lemit	NOUN	limit	limit|begrenzung|grenzwert	límite|limite	1.417e-04	3	0.753	4.890e-05	1.773e-05	7.504e-05
pimar	ADJ	primary	primär	primario	1.415e-04	3	0.833	8.067e-05	1.995e-05	4.084e-05
hamed	NUM	half		medio	1.414e-04	3	0.590	6.883e-06	0.000e+00	1.345e-04
ratis	NOUN	ratio	verhältnis|ratio	proporción|coeficiente	1.414e-04	3	0.469	2.611e-05	9.108e-05	2.417e-05
falag	NOUN	flag	flagge	bandera	1.413e-04	3	0.517	5.411e-05	2.410e-05	6.312e-05
satus	DET			tus	1.411e-04	3	0.600	0.000e+00	0.000e+00	1.411e-04
rovid	NOUN	crowd	publikum	multitud|muchedumbre	1.411e-04	3	0.364	6.418e-05	4.816e-05	2.874e-05
naser	VERB			nacer	1.410e-04	3	1.000	0.000e+00	0.000e+00	1.410e-04
voher	ADV	prior	vorher		1.410e-04	3	0.769	1.437e-05	1.266e-04	0.000e+00
komod	ADJ	comfortable	angenehm|komfortabel	cómodo|confortable	1.409e-04	3	0.397	5.100e-05	5.492e-05	3.497e-05
tatus	NOUN	status	status	estatus|status	1.409e-04	3	0.824	8.269e-05	3.917e-05	1.900e-05
manet	ADJ	permanent	dauerhaft|permanent	permanente	1.408e-04	3	0.501	4.151e-05	5.379e-05	4.550e-05
selaf	PRON	itself			1.406e-04	3	0.500	1.406e-04	0.000e+00	0.000e+00
gugut	ADJ	august			1.406e-04	3	0.667	1.406e-04	0.000e+00	0.000e+00
lapur	NOUN	lane	spur	carril	1.406e-04	3	0.494	5.193e-05	7.750e-05	1.118e-05
seder	VERB			suceder	1.405e-04	3	0.714	0.000e+00	0.000e+00	1.405e-04
manin	VERB	maintain	pflegen		1.403e-04	3	0.510	1.067e-04	3.358e-05	0.000e+00
kebit	VERB	quit	aufgeben	renunciar	1.403e-04	3	0.353	4.432e-05	5.557e-05	4.041e-05
hofal	ADV	hopefully	hoffentlich	ojalá|ojala	1.403e-04	3	0.520	4.051e-05	6.508e-05	3.469e-05
samel	NOUN	assembly	versammlung	asamblea	1.402e-04	3	0.556	4.542e-05	2.154e-05	7.325e-05
nener	NOUN			enero	1.402e-04	3	0.800	0.000e+00	0.000e+00	1.402e-04
gagos	NOUN			agosto	1.402e-04	3	0.600	0.000e+00	0.000e+00	1.402e-04
pekiv	NOUN	perspective	perspektive	perspectiva	1.400e-04	3	0.500	4.917e-05	4.319e-05	4.764e-05
litar	NOUN	military	militär	militar	1.396e-04	3	0.714	5.830e-05	3.331e-05	4.796e-05
giner	NOUN	engineering	ingenieur|engineering	ingeniería|ingenieros	1.395e-04	3	0.461	7.042e-05	3.252e-05	3.652e-05
teris	ADV	otherwise	ansonsten|andernfalls		1.394e-04	3	0.487	8.470e-05	5.469e-05	0.000e+00
ledil	ADV	merely	lediglich	meramente	1.394e-04	3	0.562	2.611e-05	1.074e-04	5.855e-06
turis	NOUN	tourist	tourismus|tourist	turismo|turista	1.393e-04	3	0.745	3.047e-05	4.224e-05	6.662e-05
tover	NOUN	tower	turm	torre	1.393e-04	3	0.661	4.698e-05	2.571e-05	6.660e-05
pobar	VERB			apoyar	1.391e-04	3	0.667	0.000e+00	0.000e+00	1.391e-04
dabik	DET			dicho	1.390e-04	3	0.600	0.000e+00	0.000e+00	1.390e-04
rumen	NOUN	instrument	instrument	instrumento	1.389e-04	3	0.500	4.364e-05	4.464e-05	5.059e-05
relam	NOUN	release	release|freigabe	lanzamiento	1.388e-04	3	0.542	9.013e-05	1.460e-05	3.408e-05
botal	NOUN	bottle	flasche	botella	1.388e-04	3	0.594	5.881e-05	4.757e-05	3.240e-05
rakin	VERB	practice	üben	practicar	1.388e-04	3	0.397	4.848e-05	5.224e-05	3.806e-05
setar	NOUN	subway		metro	1.387e-04	3	0.564	1.250e-05	0.000e+00	1.262e-04
sepim	NOUN	exception	ausnahme	excepción	1.386e-04	3	0.372	3.541e-05	6.307e-05	4.016e-05
munip	NOUN	municipality	kommune|stadtverwaltung	municipio|municipalidad	1.385e-04	3	0.521	1.119e-05	3.286e-05	9.441e-05
mides	ADV		zumindest		1.384e-04	3	0.556	0.000e+00	1.384e-04	0.000e+00
rekit	NOUN	requirement	anforderung	requisito	1.384e-04	3	0.471	6.908e-05	3.532e-05	3.399e-05
vetal	NOUN	valley	tal	valle	1.384e-04	3	0.600	5.859e-05	2.666e-05	5.314e-05
bapan	NOUN	bread	brot	pan	1.384e-04	3	0.441	3.527e-05	3.739e-05	6.570e-05
guvad	NOUN	guard	wache	guardia|guarda	1.383e-04	3	0.586	6.328e-05	9.620e-06	6.543e-05
lenat	NOUN	alternative	alternative	alternativa	1.383e-04	3	0.500	3.549e-05	5.709e-05	4.573e-05
safop	NOUN	shop	shop|einkaufen		1.382e-04	3	0.593	9.189e-05	4.634e-05	0.000e+00
merer	NOUN	employer	arbeitgeber	empresario|empleador	1.381e-04	3	0.388	3.839e-05	4.363e-05	5.608e-05
difit	NOUN	difficulty	schwierigkeit	dificultad	1.381e-04	3	0.463	4.196e-05	4.540e-05	5.069e-05
fogen	VERB		erfolgen		1.379e-04	3	0.625	0.000e+00	1.379e-04	0.000e+00
kanar	VERB			alcanzar	1.378e-04	3	0.625	0.000e+00	0.000e+00	1.378e-04
tadik	ADJ	thick	dick	grueso|espeso	1.378e-04	3	0.530	3.337e-05	8.822e-05	1.618e-05
midel	ADJ	middle	mittlere		1.378e-04	3	0.728	1.046e-04	3.317e-05	0.000e+00
rasor	ADJ	sorry			1.377e-04	3	0.600	1.377e-04	0.000e+00	0.000e+00
lekin	NOUN	selection	selektion	selección	1.377e-04	3	0.556	5.188e-05	3.408e-06	8.241e-05
tadim	NOUN	stadium	stadion|stadium	estadio	1.377e-04	3	0.525	5.127e-05	4.609e-05	4.035e-05
pater	NOUN	pattern	muster	patrón|pauta	1.376e-04	3	0.663	6.919e-05	2.654e-05	4.190e-05
geleb	ADJ	yellow	gelb	amarillo	1.376e-04	3	0.440	5.031e-05	5.053e-05	3.677e-05
nered	ADJ	interested		interesado	1.376e-04	3	0.516	9.710e-05	0.000e+00	4.048e-05
famod	NOUN	fashion	mode	moda	1.375e-04	3	0.554	6.323e-05	2.989e-05	4.443e-05
dores	NOUN	address	adresse|anschrift	domicilio	1.375e-04	3	0.562	6.099e-05	5.513e-05	2.137e-05
dereb	DET		derselbe		1.374e-04	3	0.714	0.000e+00	1.374e-04	0.000e+00
feber	NOUN			febrero	1.372e-04	3	0.833	0.000e+00	0.000e+00	1.372e-04
dulit	NOUN	duty	pflicht		1.371e-04	3	0.559	8.057e-05	5.656e-05	0.000e+00
dadun	NOUN	ad		anuncio	1.369e-04	3	0.400	8.749e-05	0.000e+00	4.940e-05
koven	VERB	convince	überzeugen	convencer	1.368e-04	3	0.368	3.694e-05	7.373e-05	2.612e-05
nabot	VERB	note			1.367e-04	3	0.600	1.367e-04	0.000e+00	0.000e+00
potan	NOUN	importance	wichtigkeit	importancia	1.367e-04	3	0.537	4.051e-05	5.538e-06	9.065e-05
pelir	NOUN	danger	gefährdung	peligro	1.366e-04	3	0.538	5.207e-05	8.856e-06	7.564e-05
sufil	ADJ	useful	hilfreich	útil	1.364e-04	3	0.496	5.859e-05	2.398e-05	5.387e-05
sereg	NOUN	strength	stärke|festigkeit	fortaleza	1.364e-04	3	0.421	7.796e-05	3.503e-05	2.343e-05
lihev	ADJ	live	live|wohnen		1.363e-04	3	0.556	5.413e-05	8.218e-05	0.000e+00
malil	NOUN	evil	übel	mal|malvado	1.363e-04	3	0.517	3.507e-05	1.014e-05	9.104e-05
nalek	NOUN	neck	hals|nacken	cuello	1.362e-04	3	0.423	4.765e-05	4.561e-05	4.292e-05
desen	ADV		mindestens		1.361e-04	3	0.500	0.000e+00	1.361e-04	0.000e+00
somev	ADV	somewhere	irgendwo		1.360e-04	3	0.439	6.138e-05	7.466e-05	0.000e+00
matin	NOUN	marketing	marketing|vermarktung	marketing|comercialización|mercadeo|mercadotecnia	1.360e-04	3	0.521	6.729e-05	4.125e-05	2.746e-05
foged	ADJ		folgend		1.359e-04	3	0.714	0.000e+00	1.359e-04	0.000e+00
serik	NOUN	strike	schlag|streik	huelga	1.358e-04	3	0.438	5.174e-05	5.741e-05	2.664e-05
molon	NOUN	moon	mond	luna	1.357e-04	3	0.565	5.591e-05	3.329e-05	4.654e-05
ritis	VERB	criticize	kritisieren	criticar	1.357e-04	3	0.490	1.116e-05	5.933e-05	6.517e-05
suriv	VERB	survive	überleben|überstehen	sobrevivir	1.357e-04	3	0.574	7.233e-05	2.632e-05	3.702e-05
torem	NOUN	storm	sturm|unwetter	tormenta	1.356e-04	3	0.513	5.435e-05	4.622e-05	3.505e-05
leker	ADJ	left	linker	izquierdo	1.353e-04	3	0.494	4.654e-05	4.283e-05	4.594e-05
tohot	NOUN	tooth	zahn	diente|muela	1.351e-04	3	0.442	5.580e-05	3.603e-05	4.323e-05
siker	VERB	secure	sichern		1.348e-04	3	0.736	5.634e-05	7.847e-05	0.000e+00
salid	NOUN	output	ausgang	salida	1.348e-04	3	0.646	3.002e-05	2.066e-05	8.412e-05
nenen	NOUN	independence	unabhängigkeit	independencia	1.348e-04	3	0.421	4.241e-05	1.870e-05	7.366e-05
lativ	ADJ	relative	relativ	relativo|pariente	1.347e-04	3	0.703	1.204e-05	8.507e-05	3.761e-05
digir	VERB			dirigir	1.345e-04	3	0.714	0.000e+00	0.000e+00	1.345e-04
falas	ADJ	false		falso	1.345e-04	3	0.800	4.765e-05	0.000e+00	8.684e-05
kofin	NOUN	confidence	zuversicht	confianza	1.345e-04	3	0.579	4.988e-05	5.408e-06	7.917e-05
kohol	NOUN	alcohol	alkohol	alcohol	1.344e-04	3	0.714	4.542e-05	5.289e-05	3.608e-05
rilat	ADJ	bright	hell|strahlend	brillante|luminoso	1.344e-04	3	0.448	5.141e-05	3.900e-05	4.395e-05
kamon	NOUN	champion	weltmeister|champion	campeón|campeona	1.343e-04	3	0.602	4.654e-05	3.332e-05	5.442e-05
sepeb	NOUN			septiembre	1.342e-04	3	0.556	0.000e+00	0.000e+00	1.342e-04
natir	ADJ	entire			1.341e-04	3	0.600	1.341e-04	0.000e+00	0.000e+00
raris	NOUN	root	wurzel	raíz	1.341e-04	3	0.429	5.195e-05	2.940e-05	5.270e-05
hokup	NOUN	up	hoch	arriba	1.340e-04	3	0.403	1.233e-04	7.727e-06	2.982e-06
sutof	NOUN	substance	stoff|substanz|wirkstoff	sustancia	1.339e-04	3	0.561	2.847e-05	8.291e-05	2.256e-05
rabad	ADP	re			1.339e-04	3	0.200	1.339e-04	0.000e+00	0.000e+00
bemen	ADJ		bestimmen		1.338e-04	3	0.625	0.000e+00	1.338e-04	0.000e+00
salus	NOUN		schluss		1.338e-04	3	0.800	0.000e+00	1.338e-04	0.000e+00
dutot	NOUN	dead	tote	muerto	1.337e-04	3	0.483	2.246e-06	5.739e-05	7.402e-05
venur	NOUN	adventure	erlebnis|abenteuer	aventura	1.336e-04	3	0.518	3.214e-05	6.340e-05	3.807e-05
nekon	ADJ	unknown	unbekannt	desconocido	1.335e-04	3	0.451	3.783e-05	5.732e-05	3.836e-05
kasol	NOUN	castle	burg|schloß|castle	castillo	1.335e-04	3	0.468	3.147e-05	6.019e-05	4.182e-05
reben	VERB	surrender	ergeben		1.335e-04	3	0.681	1.321e-05	1.202e-04	0.000e+00
rores	NOUN	progress	fortschritt	progreso	1.333e-04	3	0.623	6.309e-05	3.583e-05	3.441e-05
forem	VERB	inform	informieren		1.332e-04	3	0.414	4.954e-05	8.369e-05	0.000e+00
rekin	NOUN	reaction		reacción	1.332e-04	3	0.625	7.935e-05	0.000e+00	5.387e-05
dutin	VERB	justify	begründen|rechtfertigen	justificar	1.332e-04	3	0.323	2.240e-05	7.574e-05	3.503e-05
visir	NOUN	visitor	besucher	visitante	1.331e-04	3	0.474	4.587e-05	6.215e-05	2.509e-05
pigel	NOUN	mirror	spiegel	espejo	1.331e-04	3	0.457	3.543e-05	6.650e-05	3.113e-05
hiris	ADJ		historisch		1.330e-04	3	0.625	0.000e+00	1.330e-04	0.000e+00
karan	NOUN	chairman	vorsitzende|vorstandsvorsitzender	presidenta	1.329e-04	3	0.455	7.042e-05	3.751e-05	2.495e-05
sedat	NOUN	headquarters	zentrale|hauptquartier|hauptsitz	sede|cuartel	1.327e-04	3	0.437	2.556e-05	2.727e-05	7.983e-05
konas	NOUN	contrast	gegensatz|kontrast	contraste	1.326e-04	3	0.465	3.482e-05	8.202e-05	1.579e-05
refek	VERB	reflect	spiegeln|reflektieren|widerspiegeln	reflejar	1.326e-04	3	0.562	6.597e-05	2.992e-05	3.674e-05
tehin	ADV		weiterhin		1.325e-04	3	0.556	0.000e+00	1.325e-04	0.000e+00
tabav	NOUN		tv		1.325e-04	3	0.400	0.000e+00	1.325e-04	0.000e+00
kabam	NOUN		km		1.325e-04	3	0.400	0.000e+00	1.325e-04	0.000e+00
misem	PRON			mismo	1.324e-04	3	0.800	0.000e+00	0.000e+00	1.324e-04
renat	NOUN	threat	bedrohung	amenaza	1.323e-04	3	0.491	6.573e-05	1.993e-05	4.662e-05
komis	NOUN	commitment	engagement	compromiso	1.321e-04	3	0.395	3.703e-05	3.766e-05	5.745e-05
meren	NOUN	emergency	notfall|notruf	emergencia	1.321e-04	3	0.513	6.264e-05	2.551e-05	4.397e-05
bahik	NOUN	bike	fahrrad	moto|bici	1.321e-04	3	0.363	4.649e-05	4.618e-05	3.945e-05
leson	NOUN	lesson	lehre	lección	1.321e-04	3	0.752	5.971e-05	3.861e-05	3.380e-05
kanet	PRON			cuanto	1.321e-04	3	0.600	0.000e+00	0.000e+00	1.321e-04
helig	ADJ		ehemalig		1.319e-04	3	0.625	0.000e+00	1.319e-04	0.000e+00
behor	NOUN	best	best|schönste|beste	mejor	1.318e-04	3	0.595	1.602e-06	5.205e-05	7.817e-05
terib	ADJ	terrible	furchtbar	terrible	1.318e-04	3	0.745	5.725e-05	1.999e-05	5.457e-05
balan	NOUN	balance	bilanz	equilibrio|balance|saldo	1.318e-04	3	0.651	6.153e-05	1.904e-05	5.122e-05
dakof	NOUN	roof	dach	techo|azotea	1.318e-04	3	0.428	4.386e-05	5.166e-05	3.624e-05
renah	NOUN	recording	aufnahme	grabación	1.317e-04	3	0.334	3.598e-05	7.135e-05	2.437e-05
rasin	NOUN	translation	übersetzung	traducción	1.317e-04	3	0.403	3.320e-05	4.983e-05	4.863e-05
leren	NOUN	learning	lernen|erlernen	aprendizaje	1.316e-04	3	0.582	5.969e-05	4.810e-05	2.386e-05
ganor	VERB	ignore	ignorieren	ignorar	1.316e-04	3	0.485	7.118e-05	3.686e-05	2.360e-05
gavul	ADJ	gay	schwul	gay	1.315e-04	3	0.209	7.928e-05	2.856e-06	4.936e-05
tasik	NOUN	statistic	statistik	estadística	1.312e-04	3	0.541	4.756e-05	4.899e-05	3.466e-05
sabit	INTJ	shit			1.311e-04	3	0.600	1.311e-04	0.000e+00	0.000e+00
koter	NOUN	opposite	gegenteil	contrario|enfrente	1.308e-04	3	0.384	1.916e-05	4.603e-05	6.565e-05
vagar	NOUN	wage	lohn	salario	1.308e-04	3	0.457	5.055e-05	3.113e-05	4.912e-05
setis	NOUN	scientist	wissenschaftler|informatiker	científico|científica	1.306e-04	3	0.453	5.334e-05	4.219e-05	3.502e-05
senad	NOUN	senate	senat	senado	1.305e-04	3	0.852	7.042e-05	2.636e-05	3.370e-05
deres	NOUN	dress	kleidung	vestido	1.304e-04	3	0.500	7.083e-05	3.408e-05	2.550e-05
parev	ADJ	prior		previo	1.304e-04	3	0.503	6.465e-05	0.000e+00	6.575e-05
rerag	NOUN	average	durchschnitt	promedio	1.304e-04	3	0.371	5.526e-05	2.473e-05	5.039e-05
deber	NOUN		dezember		1.302e-04	3	0.625	0.000e+00	1.302e-04	0.000e+00
beler	ADJ		berliner		1.302e-04	3	0.625	0.000e+00	1.302e-04	0.000e+00
sitig	ADJ	explicit	eindeutig|ausdrücklich|explizit	explícito	1.301e-04	3	0.348	1.018e-05	1.126e-04	7.317e-06
bonud	NOUN	bond	bindung|anleihe	vínculo|lazo	1.300e-04	3	0.499	6.417e-05	2.441e-05	4.147e-05
rufam	NOUN	reputation	ruf|bekanntheit	fama|reputación|renombre	1.300e-04	3	0.464	3.415e-05	4.965e-05	4.619e-05
komed	VERB	recommend		recomendar	1.300e-04	3	0.588	9.156e-05	0.000e+00	3.843e-05
pener	NOUN	prisoner	gefangene|gefangenschaft	preso|prisionero	1.299e-04	3	0.434	4.375e-05	2.412e-05	6.199e-05
hetur	NOUN	height	körpergröße	altura	1.298e-04	3	0.479	5.359e-05	3.408e-06	7.279e-05
sirit	NOUN	shirt	shirt	camiseta|camisa|playera	1.298e-04	3	0.580	6.618e-05	1.207e-05	5.153e-05
kanab	NOUN	indication	angabe	indicación	1.297e-04	3	0.526	1.283e-05	1.056e-04	1.124e-05
debal	VERB	deal			1.297e-04	3	0.800	1.297e-04	0.000e+00	0.000e+00
lasal	NOUN	assault	anschlag|überfall|körperverletzung	agresión|asalto	1.294e-04	3	0.364	3.406e-05	5.608e-05	3.930e-05
mapin	VERB	aim	zielen	apuntar	1.292e-04	3	0.314	5.464e-05	2.184e-05	5.269e-05
koket	ADJ	concrete	konkret	concreto	1.289e-04	3	0.714	1.315e-05	7.976e-05	3.598e-05
dasel	VERB	constitute	darstellen		1.288e-04	3	0.493	1.800e-05	1.108e-04	0.000e+00
babus	NOUN	abuse	mißbrauch|missbrauch	abuso	1.287e-04	3	0.650	5.647e-05	3.500e-05	3.727e-05
pukas	VERB	purchase		adquirir	1.287e-04	3	0.550	7.581e-05	0.000e+00	5.291e-05
vekel	VERB	switch	wechseln		1.287e-04	3	0.470	4.410e-05	8.458e-05	0.000e+00
larag	NOUN	long		largo|larga	1.286e-04	3	0.788	3.972e-06	0.000e+00	1.246e-04
rotes	NOUN	protest	protest	protesta	1.286e-04	3	0.714	3.861e-05	4.355e-05	4.642e-05
reker	VERB	recover	erholen	recuperar	1.284e-04	3	0.584	4.935e-05	1.567e-05	6.340e-05
hater	PRON	whatever			1.282e-04	3	0.625	1.282e-04	0.000e+00	0.000e+00
sevis	NOUN	advice	beratung	asesoramiento|consejos	1.279e-04	3	0.458	8.635e-05	3.276e-05	8.737e-06
fisel	ADJ		offiziell		1.278e-04	3	0.714	0.000e+00	1.278e-04	0.000e+00
derik	NOUN	drink	trinken	bebida	1.278e-04	3	0.481	6.887e-05	2.981e-05	2.912e-05
raser	NOUN	transfer	übertragung|transfer|verlegung	transferencia|traslado|traspaso	1.278e-04	3	0.465	4.777e-05	3.739e-05	4.259e-05
neror	NOUN	interior	innenraum	interior	1.277e-04	3	0.612	2.377e-05	6.784e-06	9.713e-05
babof	ADV	off	ab		1.276e-04	3	0.400	1.240e-04	3.576e-06	0.000e+00
kupos	VERB	expose	aussetzen	exponer	1.276e-04	3	0.455	4.838e-05	3.117e-05	4.804e-05
sufed	ADJ	pleased	zufrieden|erfreut	satisfecho	1.271e-04	3	0.456	3.255e-05	7.701e-05	1.757e-05
sosat	VERB	associate	verknüpfen	asociar	1.271e-04	3	0.621	7.738e-05	8.417e-06	4.130e-05
selar	NOUN	celebrity	star	celebridad|famoso	1.270e-04	3	0.540	3.515e-05	7.992e-05	1.193e-05
huded	NUM	hundred	hundert	cien	1.269e-04	3	0.542	5.725e-05	3.744e-05	3.221e-05
fasil	ADV	easily		fácilmente	1.268e-04	3	0.730	9.073e-05	0.000e+00	3.608e-05
talen	NOUN	talent	talent|begabung	talento	1.267e-04	3	0.818	5.918e-05	2.594e-05	4.156e-05
nanar	NOUN		januar		1.266e-04	3	0.667	0.000e+00	1.266e-04	0.000e+00
fesat	ADP		fest		1.266e-04	3	0.800	0.000e+00	1.266e-04	0.000e+00
ligen	VERB		klingen		1.266e-04	3	0.714	0.000e+00	1.266e-04	0.000e+00
turen	NOUN	turn	wende	turno	1.263e-04	3	0.704	6.960e-05	2.015e-05	3.657e-05
hesas	NOUN	heel	absatz|ferse	talón|tacón	1.263e-04	3	0.452	1.901e-05	9.964e-05	7.644e-06
detid	ADJ	determined	bestimmt	determinado|decidido	1.263e-04	3	0.481	1.928e-05	4.750e-05	5.950e-05
losan	NOUN	loan	darlehen	préstamo	1.261e-04	3	0.649	8.961e-05	7.644e-06	2.883e-05
kosur	NOUN	consumer	verbraucher|verbraucherschutz	consumidor	1.259e-04	3	0.507	6.785e-05	2.573e-05	3.230e-05
level	ADV		jeweils		1.259e-04	3	0.571	0.000e+00	1.259e-04	0.000e+00
defon	NOUN	definition	definition	definición	1.258e-04	3	0.500	4.978e-05	3.370e-05	4.235e-05
duril	ADJ	industrial	industriell	industrial	1.258e-04	3	0.500	5.725e-05	1.334e-05	5.519e-05
perar	VERB	overcome	überwinden	superar	1.258e-04	3	0.542	2.472e-05	2.150e-05	7.953e-05
sevar	NOUN	black	schwarz|schwarze	negro|negra	1.257e-04	3	0.443	1.623e-05	4.351e-05	6.593e-05
harad	ADV	hard		duro	1.256e-04	3	0.780	1.214e-04	0.000e+00	4.281e-06
ganig	NOUN	gang	gang|bande	pandilla	1.255e-04	3	0.728	4.126e-05	8.153e-05	2.674e-06
fatur	VERB	feature			1.255e-04	3	0.833	1.255e-04	0.000e+00	0.000e+00
pepok	NOUN			época	1.253e-04	3	0.800	0.000e+00	0.000e+00	1.253e-04
masim	ADV			encima	1.252e-04	3	0.600	0.000e+00	0.000e+00	1.252e-04
fetel	VERB	detect	feststellen	detectar	1.252e-04	3	0.477	2.533e-05	7.726e-05	2.262e-05
desig	VERB	design			1.251e-04	3	0.833	1.251e-04	0.000e+00	0.000e+00
kesar	ADJ	extra	extra	extra	1.251e-04	3	0.400	9.418e-05	4.048e-06	2.688e-05
beken	ADJ		bekennen		1.251e-04	3	0.714	0.000e+00	1.251e-04	0.000e+00
labol	INTJ	lol			1.250e-04	3	0.600	1.250e-04	0.000e+00	0.000e+00
labad	INTJ	la			1.250e-04	3	0.200	1.250e-04	0.000e+00	0.000e+00
rosed	NOUN	procedure	vorgehensweise|prozedur	procedimiento	1.250e-04	3	0.503	5.625e-05	1.228e-05	5.646e-05
kokok	VERB	cook	kochen	cocinar	1.250e-04	3	0.674	8.308e-05	1.862e-05	2.327e-05
noris	NOUN	noise	geräusch|lärm	ruido	1.249e-04	3	0.442	4.589e-05	3.576e-05	4.325e-05
seken	VERB		stecken		1.248e-04	3	0.833	0.000e+00	1.248e-04	0.000e+00
daber	VERB		dauern		1.248e-04	3	0.667	0.000e+00	1.248e-04	0.000e+00
lebon	NOUN	lion	löwe	león	1.248e-04	3	0.662	3.672e-05	2.473e-05	6.332e-05
dasir	NOUN			decir	1.248e-04	3	0.800	0.000e+00	0.000e+00	1.248e-04
tanek	NOUN	tank	panzer|tank|behälter	tanque|cisterna	1.247e-04	3	0.713	6.227e-05	3.785e-05	2.457e-05
ferag	NOUN	assignment	auftrag	asignación|cesión	1.246e-04	3	0.393	2.532e-05	8.196e-05	1.734e-05
soret	NOUN	sort	sortieren		1.246e-04	3	0.793	1.222e-04	2.355e-06	0.000e+00
seson	NOUN	extension	ausbau|ausdehnung|ausweitung	extensión|prórroga	1.246e-04	3	0.393	3.952e-05	4.462e-05	4.045e-05
falen	VERB		gefallen		1.245e-04	3	0.714	0.000e+00	1.245e-04	0.000e+00
makol	NOUN	male	männchen	macho|varón	1.245e-04	3	0.565	7.644e-05	7.999e-06	4.005e-05
munal	ADJ	municipal	kommunal	municipal	1.245e-04	3	0.576	1.942e-05	1.574e-05	8.933e-05
moned	NOUN	coin	münze	moneda	1.243e-04	3	0.648	3.761e-05	2.283e-05	6.391e-05
tavis	ADV	twice	zweimal		1.243e-04	3	0.551	7.723e-05	4.709e-05	0.000e+00
kakis	NOUN	cash	bargeld	efectivo	1.240e-04	3	0.498	9.083e-05	1.526e-05	1.786e-05
nupon	ADP	upon			1.238e-04	3	0.800	1.238e-04	0.000e+00	0.000e+00
taler	NOUN	workshop	werkstatt|workshop	taller	1.238e-04	3	0.481	2.421e-05	4.004e-05	5.954e-05
karer	NOUN	quarter	viertel|quartal	trimestre	1.235e-04	3	0.591	6.454e-05	5.016e-05	8.786e-06
darin	ADV	herein	darin		1.234e-04	3	0.979	5.100e-06	1.183e-04	0.000e+00
total	NOUN	total	gesamtzahl|gesamt	total	1.233e-04	3	0.962	4.317e-05	6.173e-06	7.397e-05
balog	NOUN	blog		blog	1.232e-04	3	0.800	6.987e-05	0.000e+00	5.338e-05
salat	NOUN	salt	salz	sal	1.231e-04	3	0.672	4.442e-05	2.704e-05	5.169e-05
latin	ADJ	latin	lateinisch	latino	1.231e-04	3	0.952	3.370e-05	1.576e-05	7.366e-05
banon	VERB	abandon		abandonar	1.231e-04	3	0.604	3.749e-05	0.000e+00	8.558e-05
salin	ADV	solo	alleine		1.231e-04	3	0.575	1.514e-05	1.079e-04	0.000e+00
nabet	ADJ		nett		1.231e-04	3	0.600	0.000e+00	1.231e-04	0.000e+00
hamer	NOUN	hunger	hunger|hungern	hambre	1.230e-04	3	0.687	1.004e-05	3.408e-05	7.892e-05
toren	NOUN	tournament	turnier	torneo	1.230e-04	3	0.563	4.051e-05	4.578e-05	3.671e-05
semel	ADV	extremely	äußerst	extremadamente	1.230e-04	3	0.437	6.886e-05	3.563e-05	1.849e-05
ponen	NOUN	component	bestandteil|bauteil	componente	1.229e-04	3	0.432	5.401e-05	3.976e-05	2.917e-05
patir	VERB	depart	abweichen	partir	1.229e-04	3	0.748	9.274e-06	6.083e-06	1.075e-04
tadat	NOUN	update	update	actualización	1.229e-04	3	0.517	6.339e-05	3.177e-05	2.769e-05
hetig	ADJ		heutig		1.228e-04	3	0.833	0.000e+00	1.228e-04	0.000e+00
manit	NOUN	humanity	menschheit|menschlichkeit	humanidad	1.228e-04	3	0.538	2.798e-05	4.246e-05	5.237e-05
koles	ADJ	complex	komplex	complejo	1.227e-04	3	0.611	5.302e-05	3.704e-05	3.265e-05
varat	NOUN	commodity	ware|rohstoff	mercancía	1.226e-04	3	0.454	1.407e-05	9.291e-05	1.560e-05
nerik	NOUN	instruction	unterricht	instrucción	1.224e-04	3	0.399	4.151e-05	4.402e-05	3.688e-05
kiler	NOUN	kilometer	kilometer		1.224e-04	3	0.556	3.349e-05	8.886e-05	0.000e+00
kikas	ADJ	quick	rasch		1.223e-04	3	0.545	8.844e-05	3.391e-05	0.000e+00
hadin	ADV		hin		1.223e-04	3	0.600	0.000e+00	1.223e-04	0.000e+00
habah	INTJ			ah	1.223e-04	3	0.400	0.000e+00	0.000e+00	1.223e-04
higal	ADV	highly	höchst	altamente	1.222e-04	3	0.614	8.660e-05	1.755e-05	1.809e-05
sonag	NOUN		sonntag		1.222e-04	3	0.833	0.000e+00	1.222e-04	0.000e+00
daram	NOUN	drama	drama|schauspiel	drama	1.222e-04	3	0.746	5.223e-05	3.702e-05	3.290e-05
solis	VERB	request	anfordern	solicitar	1.219e-04	3	0.393	4.435e-05	5.658e-06	7.192e-05
taruk	NOUN	truck	lkw|lastwagen	camión	1.219e-04	3	0.372	4.877e-05	4.178e-05	3.131e-05
korag	VERB	encourage	ermutigen	animar|alentar	1.218e-04	3	0.445	7.484e-05	3.408e-06	4.358e-05
lovel	ADJ	lovely	herrlich	precioso	1.217e-04	3	0.504	6.138e-05	1.258e-05	4.773e-05
kover	NOUN	cover	cover|deckung|abdeckung	portada	1.215e-04	3	0.724	6.863e-05	2.816e-05	2.475e-05
paket	NOUN	package	paket	paquete	1.215e-04	3	0.857	4.352e-05	4.049e-05	3.747e-05
fakut	NOUN	faculty	fakultät	facultad|profesorado|claustro	1.215e-04	3	0.639	2.588e-05	1.496e-05	8.063e-05
toruk	VERB	touch	berühren		1.214e-04	3	0.660	9.062e-05	3.082e-05	0.000e+00
golep	NOUN	stroke	schlaganfall	golpe|derrame	1.212e-04	3	0.594	2.076e-05	7.301e-06	9.311e-05
raber	ADV			ayer	1.211e-04	3	0.600	0.000e+00	0.000e+00	1.211e-04
taret	NOUN	launch	start		1.211e-04	3	0.519	2.451e-05	9.654e-05	0.000e+00
retit	NOUN	retirement	rente|ruhestand	retiro|jubilación	1.210e-04	3	0.530	3.783e-05	4.954e-05	3.367e-05
ribun	NOUN	distribution	verteilung	distribución	1.210e-04	3	0.414	4.877e-05	1.870e-05	5.356e-05
palen	ADJ	packed		lleno	1.210e-04	3	0.600	9.486e-06	0.000e+00	1.115e-04
kosan	ADJ	constant	konstant|beständig	constante	1.209e-04	3	0.612	3.550e-05	3.105e-05	5.437e-05
sitar	VERB	cite	zitieren	citar	1.209e-04	3	0.728	4.125e-05	3.287e-05	4.676e-05
linak	ADJ		link		1.208e-04	3	0.800	0.000e+00	1.208e-04	0.000e+00
falar	ADJ	familiar	vertraut	familiar	1.208e-04	3	0.599	4.542e-05	6.164e-06	6.917e-05
febar	NOUN		februar		1.207e-04	3	0.714	0.000e+00	1.207e-04	0.000e+00
rakek	NOUN		frankreich		1.207e-04	3	0.556	0.000e+00	1.207e-04	0.000e+00
votar	VERB			votar	1.205e-04	3	1.000	0.000e+00	0.000e+00	1.205e-04
foret	NOUN	forest	forst	bosque	1.204e-04	3	0.542	5.591e-05	9.620e-06	5.491e-05
desar	VERB			desear	1.204e-04	3	0.833	0.000e+00	0.000e+00	1.204e-04
tatat	NOUN	estate	anwesen	patrimonio	1.204e-04	3	0.445	7.377e-05	9.620e-06	3.698e-05
reten	VERB	pretend	vorgeben	pretender|fingir	1.203e-04	3	0.581	3.524e-05	1.074e-05	7.429e-05
resev	NOUN	reserve	reserve|naturschutzgebiet	reserva	1.203e-04	3	0.816	4.544e-05	2.152e-05	5.331e-05
nalar	VERB			señalar	1.202e-04	3	0.714	0.000e+00	0.000e+00	1.202e-04
dopat	VERB	adopt	adoptieren	adoptar	1.201e-04	3	0.581	6.222e-05	2.532e-06	5.540e-05
faret	ADJ	fat	fett	gordo	1.201e-04	3	0.516	6.731e-05	2.748e-05	2.530e-05
nesir	VERB	invest	investieren	invertir	1.199e-04	3	0.426	4.062e-05	4.716e-05	3.215e-05
soler	VERB			soler	1.199e-04	3	1.000	0.000e+00	0.000e+00	1.199e-04
finof	NOUN	info	info|infos		1.199e-04	3	0.582	4.442e-05	7.549e-05	0.000e+00
mukal	ADJ	musical	musikalisch	musical	1.199e-04	3	0.652	2.712e-05	4.668e-05	4.610e-05
pepad	ADJ	appropriate	geeignet	adecuado	1.198e-04	3	0.367	5.223e-05	7.726e-06	5.982e-05
dadar	VERB			andar	1.197e-04	3	0.600	0.000e+00	0.000e+00	1.197e-04
kopan	NOUN	corporation	konzern	corporación	1.197e-04	3	0.447	5.993e-05	3.413e-05	2.565e-05
filof	NOUN	philosophy	philosophie	filosofía	1.197e-04	3	0.714	3.638e-05	4.461e-05	3.867e-05
tenik	NOUN	technique		técnica	1.196e-04	3	0.833	6.908e-05	0.000e+00	5.050e-05
kaser	NOUN	emperor	kaiser	emperador	1.195e-04	3	0.601	2.167e-05	7.174e-05	2.608e-05
pevar	VERB	preserve	bewahren	conservar|preservar	1.195e-04	3	0.461	3.890e-05	2.774e-05	5.282e-05
lesal	VERB	shall			1.194e-04	3	0.600	1.194e-04	0.000e+00	0.000e+00
surer	NOUN	surgery	operation	cirugía	1.191e-04	3	0.471	5.127e-05	4.760e-05	2.028e-05
rural	ADJ	rural	ländlich	rural	1.191e-04	3	0.853	4.341e-05	2.039e-05	5.527e-05
perol	NOUN	personality	persönlichkeit	personalidad	1.189e-04	3	0.444	3.962e-05	3.207e-05	4.721e-05
lokat	VERB	locate	lokalisieren	localizar	1.186e-04	3	0.865	9.052e-05	3.715e-06	2.439e-05
netal	VERB	install	installieren	instalar	1.186e-04	3	0.537	4.914e-05	2.807e-05	4.142e-05
pilot	NOUN	pilot	pilot	piloto	1.185e-04	3	1.000	5.040e-05	3.384e-05	3.431e-05
nenis	ADJ	intense	intensiv	intenso	1.184e-04	3	0.500	2.734e-05	5.438e-05	3.664e-05
labas	VERB		laß		1.183e-04	3	0.600	0.000e+00	1.183e-04	0.000e+00
sabus	NOUN		us		1.183e-04	3	0.400	0.000e+00	1.183e-04	0.000e+00
raton	NOUN	attorney	rechtsanwalt|staatsanwalt	abogada|procurador	1.183e-04	3	0.446	6.607e-05	3.601e-05	1.622e-05
gurar	VERB	insure		asegurar	1.182e-04	3	0.612	3.646e-06	0.000e+00	1.145e-04
ranik	NOUN	branch	zweig	rama|sucursal|ramal	1.181e-04	3	0.445	5.898e-05	1.392e-05	4.516e-05
sesur	VERB	ensure	sicherstellen|gewährleisten		1.179e-04	3	0.460	7.514e-05	4.280e-05	0.000e+00
kimen	NOUN	equipment	ausstattung	equipamiento	1.179e-04	3	0.508	8.470e-05	2.469e-05	8.479e-06
renon	NOUN	recognition	anerkennung	reconocimiento	1.179e-04	3	0.408	3.292e-05	3.041e-05	5.452e-05
fuden	ADJ	fundamental	grundlegend	fundamental	1.177e-04	3	0.432	2.388e-05	2.859e-05	6.521e-05
bever	VERB	assess	bewerten|beurteilen	evaluar	1.176e-04	3	0.396	2.806e-05	6.925e-05	2.033e-05
kobin	VERB	combine	kombinieren	combinar	1.176e-04	3	0.751	8.338e-05	1.497e-05	1.926e-05
desin	NOUN	destination		destino	1.175e-04	3	0.746	2.696e-05	0.000e+00	9.055e-05
lapel	NOUN	apple	apfel	manzana	1.175e-04	3	0.519	7.435e-05	2.123e-05	2.191e-05
sinov	NOUN	snow	schnee	nieve|nevado	1.175e-04	3	0.568	5.204e-05	3.337e-05	3.206e-05
gerun	NOUN	green	grün|grüne	verde	1.174e-04	3	0.649	3.219e-05	7.306e-05	1.216e-05
morov	NOUN	tomorrow			1.174e-04	3	0.714	1.174e-04	0.000e+00	0.000e+00
fenol	ADJ	friendly	freundlich	amistoso	1.173e-04	3	0.480	4.935e-05	6.085e-05	7.090e-06
subel	NOUN	soil	erdboden	suelo	1.173e-04	3	0.684	2.935e-05	3.427e-06	8.449e-05
vagen	NOUN	cart	wagen|karren	carro	1.172e-04	3	0.645	1.380e-05	6.701e-05	3.638e-05
raket	VERB	attract	anziehen	atraer	1.171e-04	3	0.353	5.063e-05	2.943e-05	3.702e-05
kulep	NOUN	guilt		culpa|culpabilidad	1.170e-04	3	0.700	1.507e-05	0.000e+00	1.020e-04
baban	ADJ	urban		urbano	1.170e-04	3	0.600	4.988e-05	0.000e+00	6.713e-05
gaset	NOUN	expense		gasto	1.168e-04	3	0.620	4.096e-05	0.000e+00	7.584e-05
dalas	NOUN	deadline	frist|stichtag	plazo	1.167e-04	3	0.478	1.741e-05	1.946e-05	7.987e-05
selad	NOUN	salary	gehalt|vergütung	sueldo	1.167e-04	3	0.489	3.422e-05	4.262e-05	3.986e-05
serah	NOUN	ray	strahl	rayo|ray	1.166e-04	3	0.225	6.662e-05	6.263e-06	4.374e-05
serom	NOUN	electricity	strom	electricidad	1.166e-04	3	0.510	3.002e-05	6.161e-05	2.495e-05
femar	NOUN	female	weibchen	hembra|femenino	1.165e-04	3	0.727	9.433e-05	8.188e-06	1.397e-05
naros	NOUN	nose	nase	nariz	1.164e-04	3	0.646	3.931e-05	5.053e-05	2.660e-05
kanel	VERB	cancel	abbrechen|absagen	cancelar|anular	1.164e-04	3	0.508	3.714e-05	4.288e-05	3.640e-05
buned	NOUN	covenant	bund	pacto	1.164e-04	3	0.564	7.083e-06	8.098e-05	2.831e-05
fenar	VERB	confront	konfrontieren	enfrentar|afrontar|confrontar	1.164e-04	3	0.469	1.798e-05	1.080e-05	8.759e-05
mitel	NOUN	appropriation	mittel	apropiación	1.163e-04	3	0.930	5.290e-06	1.068e-04	4.145e-06
seden	ADJ		verscheiden		1.162e-04	3	0.556	0.000e+00	1.162e-04	0.000e+00
pekar	VERB	seize	ergreifen	aprovechar	1.160e-04	3	0.410	1.902e-05	2.288e-05	7.414e-05
dinat	NOUN		dienst		1.160e-04	3	0.667	0.000e+00	1.160e-04	0.000e+00
diner	NOUN	dinner	abendessen	cena	1.160e-04	3	0.693	7.108e-05	1.633e-05	2.859e-05
sugir	VERB	emerge		surgir	1.160e-04	3	0.498	4.668e-05	0.000e+00	6.930e-05
salud	NOUN	greeting	gruß|begrüßung	saludo	1.159e-04	3	0.769	1.057e-05	1.946e-05	8.588e-05
fasen	VERB	grasp	fassen		1.159e-04	3	0.918	1.188e-05	1.040e-04	0.000e+00
supul	NOUN	supply	versorgung	suministro	1.158e-04	3	0.541	6.489e-05	2.840e-05	2.249e-05
niner	NOUN	engineer	techniker	ingeniero	1.157e-04	3	0.569	6.395e-05	1.242e-05	3.938e-05
serit	NOUN	script	schrift|drehbuch	guión	1.157e-04	3	0.492	3.128e-05	6.952e-05	1.494e-05
demad	ADJ	armed	bewaffnet	armado	1.157e-04	3	0.509	3.884e-05	7.799e-06	6.909e-05
human	NOUN	human		humanos|humano	1.157e-04	3	0.927	6.449e-05	0.000e+00	5.123e-05
beles	ADV		beispielsweise		1.156e-04	3	0.385	0.000e+00	1.156e-04	0.000e+00
degen	ADV		deswegen		1.156e-04	3	0.625	0.000e+00	1.156e-04	0.000e+00
reber	DET		euer		1.156e-04	3	0.600	0.000e+00	1.156e-04	0.000e+00
rinal	NOUN	courtroom	saal|gerichtssaal	tribunal	1.155e-04	3	0.566	4.241e-06	2.073e-05	9.055e-05
domig	NOUN			domingo	1.155e-04	3	0.833	0.000e+00	0.000e+00	1.155e-04
senor	NOUN	senator	senator	senador	1.155e-04	3	0.714	5.647e-05	1.540e-05	4.361e-05
palot	NOUN	plot	handlung	trama|complot	1.155e-04	3	0.457	4.898e-05	4.816e-05	1.832e-05
siram	NOUN	signature	unterschrift|signatur	firma	1.154e-04	3	0.455	2.614e-05	2.542e-05	6.384e-05
berik	VERB		berichten		1.153e-04	3	0.625	0.000e+00	1.153e-04	0.000e+00
tonig	NOUN	tonight			1.153e-04	3	0.714	1.153e-04	0.000e+00	0.000e+00
kalav	ADJ	key		clave	1.152e-04	3	0.239	1.078e-04	0.000e+00	7.437e-06
rovil	NOUN	row	zeile	fila|hilera	1.150e-04	3	0.484	5.250e-05	2.465e-05	3.782e-05
dusir	ADJ	outside	außen	exterior	1.148e-04	3	0.395	4.006e-05	6.149e-06	6.859e-05
dudis	ADJ	jewish	jüdisch	judío	1.147e-04	3	0.639	4.542e-05	4.567e-05	2.359e-05
kekar	VERB			echar	1.147e-04	3	0.800	0.000e+00	0.000e+00	1.147e-04
dasil	NOUN	jail	knast	prisión	1.143e-04	3	0.484	4.654e-05	1.455e-05	5.319e-05
vuder	NOUN	wonder	wunder	maravilla	1.142e-04	3	0.608	3.332e-05	5.668e-05	2.420e-05
mesen	VERB	implement	umsetzen|implementieren	implementar	1.140e-04	3	0.522	4.568e-05	6.085e-05	7.505e-06
penun	NOUN	opening	eröffnung|öffnen	apertura	1.140e-04	3	0.471	4.527e-05	3.158e-05	3.713e-05
sukar	NOUN	sugar	zucker	azúcar	1.139e-04	3	0.808	5.346e-05	3.183e-05	2.863e-05
hadol	PART			hola	1.139e-04	3	0.600	0.000e+00	0.000e+00	1.139e-04
lises	NOUN	license	lizenz|konzession	licencia	1.138e-04	3	0.819	4.448e-05	2.131e-05	4.799e-05
setud	NOUN	studio	studio|atelier		1.137e-04	3	0.756	6.506e-05	4.866e-05	0.000e+00
fabun	ADJ	fun			1.137e-04	3	0.600	1.137e-04	0.000e+00	0.000e+00
hones	ADJ	honest		sincero|honesto	1.137e-04	3	0.707	5.993e-05	0.000e+00	5.377e-05
kalik	VERB	click	klicken		1.137e-04	3	0.709	7.926e-05	3.440e-05	0.000e+00
sepun	NOUN	timing	zeitpunkt|timing		1.135e-04	3	0.464	2.261e-05	9.088e-05	0.000e+00
beruf	NOUN	occupation	beruf	profesión	1.134e-04	3	0.607	2.070e-05	6.583e-05	2.692e-05
pesit	VERB	appreciate		apreciar	1.134e-04	3	0.588	8.024e-05	0.000e+00	3.317e-05
lanis	NOUN	alliance	bündnis|allianz	alianza	1.133e-04	3	0.486	2.801e-05	3.978e-05	4.549e-05
neken	ADJ		entsprechen		1.133e-04	3	0.500	0.000e+00	1.133e-04	0.000e+00
serem	NOUN	ceremony	feier|zeremonie	ceremonia	1.133e-04	3	0.594	3.534e-05	4.880e-05	2.911e-05
sekan	ADJ	nearby	nahe	cercano	1.132e-04	3	0.656	1.761e-05	1.399e-05	8.158e-05
ranig	NOUN	rank	rang|rangliste	rango	1.132e-04	3	0.727	3.608e-05	5.154e-05	2.555e-05
ranom	VERB	transform	verwandeln|wandeln	transformar	1.132e-04	3	0.422	3.380e-05	4.500e-05	3.435e-05
siner	NOUN	singer	sänger	cantante|cantor	1.131e-04	3	0.563	4.415e-05	3.157e-05	3.742e-05
risad	NOUN	friendship	freundschaft	amistad	1.131e-04	3	0.425	3.256e-05	3.254e-05	4.802e-05
serer	NOUN	server	server	servidor	1.130e-04	3	0.745	4.464e-05	3.827e-05	3.012e-05
nigen	ADV		wenigstens		1.130e-04	3	0.500	0.000e+00	1.130e-04	0.000e+00
nereg	ADV		unterwegs		1.130e-04	3	0.556	0.000e+00	1.130e-04	0.000e+00
kekut	VERB	execute	ausführen|hinrichten	ejecutar	1.130e-04	3	0.398	3.457e-05	4.858e-05	2.982e-05
tirar	VERB	withdraw	zurückziehen	retirar	1.129e-04	3	0.512	3.015e-05	2.275e-05	5.998e-05
mikas	VERB	mix	mischen	mezclar	1.129e-04	3	0.656	7.042e-05	1.547e-05	2.698e-05
sibol	NOUN	symbol	symbol	símbolo	1.128e-04	3	0.833	3.527e-05	3.781e-05	3.974e-05
perof	NOUN	professional	profi	profesional|profesionalidad	1.128e-04	3	0.471	2.084e-05	4.260e-05	4.934e-05
tabaf	NOUN	tea	tee	té	1.127e-04	3	0.200	5.993e-05	3.337e-05	1.938e-05
kutiv	ADJ	executive		ejecutivo	1.127e-04	3	0.574	8.269e-05	0.000e+00	2.996e-05
voter	NOUN	voter	wähler	votante|elector	1.126e-04	3	0.623	3.214e-05	4.633e-05	3.415e-05
kadar	VERB			actuar	1.125e-04	3	0.500	0.000e+00	0.000e+00	1.125e-04
katar	VERB			encantar	1.125e-04	3	0.625	0.000e+00	0.000e+00	1.125e-04
tukis	ADJ	turkish	türkisch	turco	1.123e-04	3	0.774	2.132e-05	7.556e-05	1.540e-05
goden	ADJ	golden	golden	dorado	1.122e-04	3	0.708	4.387e-05	4.613e-05	2.225e-05
sedun	NOUN	broadcast	sendung|ausstrahlung	difusión	1.121e-04	3	0.528	6.551e-06	7.749e-05	2.803e-05
pekat	NOUN	aspect	aspekt		1.119e-04	3	0.500	6.395e-05	4.793e-05	0.000e+00
kosum	NOUN	consumption	konsum|verbrauch|verzehr	consumo	1.119e-04	3	0.657	2.500e-05	2.660e-05	6.028e-05
demon	VERB	demonstrate	nachweisen|demonstrieren		1.119e-04	3	0.381	5.065e-05	6.121e-05	0.000e+00
papar	ADV	apart	auseinander	aparte	1.119e-04	3	0.573	6.489e-05	7.100e-06	3.987e-05
viset	NOUN	vice	vizepräsident|vize|sitte	vicepresidente|vicio	1.118e-04	3	0.519	4.498e-05	2.955e-05	3.726e-05
sofat	ADJ	soft	weich	suave|blando	1.117e-04	3	0.482	5.346e-05	2.027e-05	3.799e-05
divir	VERB	divide	aufteilen	dividir	1.117e-04	3	0.684	5.262e-05	1.304e-05	4.604e-05
monat	VERB	mount	einbinden|montieren	montar	1.116e-04	3	0.554	5.862e-05	1.890e-05	3.410e-05
liral	ADV	literally		literalmente	1.116e-04	3	0.666	9.081e-05	0.000e+00	2.077e-05
binan	NOUN	combination	kombination	combinación	1.114e-04	3	0.455	4.542e-05	4.020e-05	2.575e-05
mater	VERB			meter	1.113e-04	3	0.800	0.000e+00	0.000e+00	1.113e-04
forar	VERB			informar	1.113e-04	3	0.625	0.000e+00	0.000e+00	1.113e-04
rerin	NOUN	preparation	vorbereitung|aufbereitung	preparación|preparado	1.112e-04	3	0.435	3.159e-05	4.927e-05	3.038e-05
pemis	NOUN	permission	erlaubnis	permiso	1.112e-04	3	0.656	3.670e-05	1.562e-05	5.888e-05
visen	VERB		weisen		1.112e-04	3	0.833	0.000e+00	1.112e-04	0.000e+00
niver	NOUN	universe	universum	universo	1.110e-04	3	0.685	4.341e-05	2.038e-05	4.719e-05
koron	NOUN	crown	krone	corona	1.107e-04	3	0.781	4.372e-05	3.391e-05	3.302e-05
rokat	ADV	approximately	ungefähr	aproximadamente	1.106e-04	3	0.345	4.877e-05	1.317e-05	4.871e-05
konus	NOUN	contest	wettkampf	concurso|certamen	1.105e-04	3	0.547	3.027e-05	1.635e-05	6.393e-05
boken	NOUN	bone	knochen	hueso	1.105e-04	3	0.501	5.625e-05	2.297e-05	3.131e-05
tovad	ADP	towards			1.105e-04	3	0.714	1.105e-04	0.000e+00	0.000e+00
kotum	NOUN	custom	brauch	costumbre	1.105e-04	3	0.457	3.016e-05	3.491e-05	4.543e-05
likan	NOUN	publication	veröffentlichung|publikation		1.105e-04	3	0.395	5.223e-05	5.823e-05	0.000e+00
rasir	VERB	translate	übersetzen	traducir	1.104e-04	3	0.410	3.390e-05	3.597e-05	4.054e-05
gahug	NOUN		ahnung		1.104e-04	3	0.500	0.000e+00	1.104e-04	0.000e+00
besar	NOUN	bear	tragen|bär	oso	1.104e-04	3	0.584	6.895e-05	2.334e-05	1.807e-05
moral	ADJ	moral	moralisch	moral	1.103e-04	3	0.954	3.214e-05	1.784e-05	6.036e-05
suler	NOUN	shoulder	schulter	hombro	1.103e-04	3	0.627	4.710e-05	3.621e-05	2.704e-05
siser	ADJ	swiss	schweizer	suizo	1.103e-04	3	0.603	1.808e-05	7.134e-05	2.084e-05
garam	NOUN	gram	gramm	gramo	1.102e-04	3	0.800	8.550e-05	1.562e-05	9.045e-06
rekik	ADJ		rechtlich		1.102e-04	3	0.714	0.000e+00	1.102e-04	0.000e+00
beten	VERB	retain	behalten	retener	1.102e-04	3	0.588	2.924e-05	7.257e-05	8.345e-06
refat	NOUN	breakfast	frühstück|frühstücken	desayuno	1.101e-04	3	0.385	4.644e-05	3.817e-05	2.551e-05
pikal	ADV	typically	üblicherweise|typischerweise	normalmente|típicamente	1.101e-04	3	0.421	4.654e-05	1.549e-05	4.804e-05
bater	NOUN	battery	akku|batterie	batería	1.100e-04	3	0.852	3.746e-05	3.903e-05	3.351e-05
herad	ADV	ahead	voraus		1.100e-04	3	0.581	1.022e-04	7.738e-06	0.000e+00
darad	NOUN	yard	werft	patio	1.099e-04	3	0.483	7.767e-05	7.301e-06	2.495e-05
danar	VERB	dance	tanzen	bailar	1.099e-04	3	0.502	3.966e-05	2.238e-05	4.786e-05
hatir	VERB	hire		contratar	1.097e-04	3	0.507	7.145e-05	0.000e+00	3.826e-05
papin	NOUN	app	applikation		1.097e-04	3	0.400	1.058e-04	3.893e-06	0.000e+00
sotar	VERB	endure	ertragen|aushalten	soportar|aguantar	1.096e-04	3	0.384	1.684e-05	3.137e-05	6.141e-05
pasen	VERB	adjust	anpassen	ajustar	1.096e-04	3	0.399	3.437e-05	5.777e-05	1.741e-05
roteh	NOUN	red	rot|rotwein	rojo	1.095e-04	3	0.565	1.841e-05	5.341e-05	3.769e-05
levis	NOUN	television	fernseher|fernseh	televisor	1.094e-04	3	0.428	7.020e-05	3.117e-05	8.081e-06
kosin	NOUN	awareness	bewusstsein	conciencia|sensibilización|concienciación	1.094e-04	3	0.426	3.069e-05	1.538e-05	6.335e-05
misus	NOUN	mix	mischung|mix	mezcla	1.094e-04	3	0.562	3.181e-05	4.614e-05	3.148e-05
kopin	NOUN	corruption	korruption	corrupción	1.094e-04	3	0.556	2.500e-05	1.242e-05	7.197e-05
panos	NOUN	pants	hose	pantalón	1.093e-04	3	0.547	3.370e-05	5.005e-05	2.556e-05
votin	NOUN	voting	abstimmung|stimmrecht	votación	1.092e-04	3	0.635	4.654e-05	2.768e-05	3.501e-05
seril	ADV	seriously		seriamente	1.091e-04	3	0.605	9.720e-05	0.000e+00	1.193e-05
volof	NOUN	wolf	wolf	lobo|wolf	1.091e-04	3	0.709	3.638e-05	4.402e-05	2.873e-05
basur	NOUN	trash	müll	basura|papelera	1.091e-04	3	0.583	2.484e-05	3.041e-05	5.387e-05
konev	ADJ	conservative	konservativ	conservador	1.091e-04	3	0.455	4.542e-05	3.713e-05	2.654e-05
rogot	ADP	throughout			1.090e-04	3	0.556	1.090e-04	0.000e+00	0.000e+00
fomat	NOUN	format	format	formato	1.090e-04	3	0.833	3.292e-05	4.050e-05	3.560e-05
bupas	ADJ	busy	fleißig	ocupado	1.090e-04	3	0.515	7.293e-05	1.597e-05	2.010e-05
veket	NOUN	wealth	vermögen	riqueza	1.089e-04	3	0.458	3.616e-05	3.704e-05	3.573e-05
laper	NOUN	layer	schicht	capa	1.089e-04	3	0.432	4.142e-05	3.278e-05	3.465e-05
poret	NOUN	poverty	armut	pobreza	1.088e-04	3	0.572	3.214e-05	2.201e-05	5.467e-05
selun	NOUN	exhibition	ausstellung	exhibición	1.088e-04	3	0.424	2.611e-05	7.040e-05	1.227e-05
seter	ADJ	eastern	ost	oriental	1.087e-04	3	0.359	6.729e-05	3.231e-06	3.816e-05
lirer	NOUN	delivery	lieferung	entrega	1.087e-04	3	0.461	4.851e-05	2.115e-05	3.901e-05
palat	NOUN	palace	palast|palais	palacio	1.086e-04	3	0.799	3.365e-05	1.962e-05	5.538e-05
nepir	VERB	inspire	begeistern|inspirieren	inspirar	1.085e-04	3	0.543	5.914e-05	2.957e-05	1.980e-05
gabek	ADJ	greek	griechisch	griego	1.085e-04	3	0.478	3.527e-05	4.771e-05	2.549e-05
dadem	SCONJ		indem		1.085e-04	3	0.600	0.000e+00	1.085e-04	0.000e+00
koden	VERB	condemn	verurteilen	condenar	1.085e-04	3	0.433	2.081e-05	5.115e-05	3.649e-05
rover	NOUN	provider	anbieter|dienstleister|provider	proveedor	1.084e-04	3	0.439	2.913e-05	5.262e-05	2.664e-05
selek	VERB	select		seleccionar	1.084e-04	3	0.758	8.686e-05	0.000e+00	2.149e-05
limid	ADJ	limited	begrenzt	limitado	1.083e-04	3	0.699	7.723e-05	2.367e-06	2.874e-05
dekis	NOUN	index	index	índice|indice	1.083e-04	3	0.462	4.438e-05	2.260e-05	4.135e-05
sumer	NOUN	summary	übersicht	resumen|sumario	1.083e-04	3	0.525	2.839e-05	3.812e-05	4.178e-05
gebeh	NOUN	llc	gmbh		1.082e-04	3	0.558	7.544e-06	1.007e-04	0.000e+00
rafer	VERB	transfer	übertragen		1.081e-04	3	0.463	5.423e-05	5.385e-05	0.000e+00
rosen	ADJ		grössten		1.079e-04	3	0.714	0.000e+00	1.079e-04	0.000e+00
labos	ADP		los		1.077e-04	3	0.600	0.000e+00	1.077e-04	0.000e+00
rakur	NOUN	infrastructure	infrastruktur	infraestructura	1.076e-04	3	0.375	3.291e-05	3.750e-05	3.714e-05
lumin	NOUN	pupil	schülerin	alumno|pupila	1.074e-04	3	0.518	2.406e-05	2.167e-05	6.166e-05
falat	ADJ	flat	flach	plano	1.073e-04	3	0.648	4.958e-05	3.414e-05	2.358e-05
peket	NOUN	chest	brust	pecho|tórax	1.071e-04	3	0.410	3.694e-05	2.970e-05	4.048e-05
horin	NOUN	honey	liebling|honig	cariño|miel	1.071e-04	3	0.471	2.611e-05	2.761e-05	5.338e-05
kodut	VERB	conduct	verhalten		1.071e-04	3	0.572	8.185e-05	2.522e-05	0.000e+00
rufun	NOUN	exam	prüfung	exámen	1.070e-04	3	0.441	3.147e-05	6.378e-05	1.180e-05
podem	NOUN	poem	gedicht	poema	1.070e-04	3	0.599	3.426e-05	3.396e-05	3.877e-05
begen	VERB		betragen		1.070e-04	3	0.625	0.000e+00	1.070e-04	0.000e+00
sagem	NOUN	shame	schande	vergüenza	1.069e-04	3	0.420	3.962e-05	1.716e-05	5.016e-05
tohuk	NOUN	touch	berührung|berühren	toque|tacto	1.066e-04	3	0.628	5.161e-05	1.308e-05	4.196e-05
komad	NOUN	commander	kommandant|kommandeur	comandante	1.066e-04	3	0.583	4.230e-05	1.835e-05	4.597e-05
babul	NOUN	blue	blau|blue	azul	1.066e-04	3	0.444	3.893e-05	4.396e-05	2.372e-05
fuhot	NOUN	fee	gebühren	cuota	1.066e-04	3	0.314	7.399e-05	2.574e-06	3.002e-05
lales	SCONJ	unless			1.066e-04	3	0.600	1.066e-04	0.000e+00	0.000e+00
motin	NOUN	emotion	emotion	emoción	1.065e-04	3	0.657	4.341e-05	2.009e-05	4.304e-05
korin	NOUN	current		actualidad|corriente	1.065e-04	3	0.458	1.072e-05	0.000e+00	9.581e-05
senen	VERB	gift	schenken|verschenken	regalar	1.065e-04	3	0.526	8.660e-06	6.604e-05	3.183e-05
tarul	ADV	truly		verdaderamente	1.065e-04	3	0.659	8.325e-05	0.000e+00	2.326e-05
malik	ADJ	male	männlich	masculino	1.065e-04	3	0.693	2.824e-05	5.324e-05	2.500e-05
fugug	NOUN		verfügung		1.065e-04	3	0.556	0.000e+00	1.065e-04	0.000e+00
remig	ADJ	remaining	übrig	restante	1.064e-04	3	0.396	7.942e-06	8.365e-05	1.482e-05
kosen	VERB	comprise	umfassen		1.062e-04	3	0.401	2.050e-05	8.571e-05	0.000e+00
foduk	INTJ	fuck		joder|coño	1.062e-04	3	0.471	5.468e-05	0.000e+00	5.152e-05
paren	ADV	apparently	scheinbar	aparentemente	1.061e-04	3	0.525	7.042e-05	7.657e-06	2.803e-05
vigev	VERB	view	anzeigen		1.060e-04	3	0.657	7.025e-05	3.574e-05	0.000e+00
robel	NOUN	trouble	ärger		1.058e-04	3	0.422	7.816e-05	2.769e-05	0.000e+00
beves	NOUN	proof	beweis		1.058e-04	3	0.510	4.100e-05	6.481e-05	0.000e+00
keror	NOUN	core	kern	núcleo	1.058e-04	3	0.475	4.631e-05	3.739e-05	2.209e-05
kikin	NOUN	kitchen		cocina	1.057e-04	3	0.633	5.262e-05	0.000e+00	5.306e-05
ronal	ADJ	royal	königlich		1.056e-04	3	0.693	7.901e-05	2.656e-05	0.000e+00
ralan	ADJ	australian		australiano	1.055e-04	3	0.500	9.497e-05	0.000e+00	1.052e-05
komon	VERB	compose	verfassen|komponieren	componer	1.055e-04	3	0.506	2.704e-05	3.063e-05	4.781e-05
kasek	ADV			acerca	1.055e-04	3	0.600	0.000e+00	0.000e+00	1.055e-04
dukas	ADV		durchaus		1.054e-04	3	0.714	0.000e+00	1.054e-04	0.000e+00
lekal	ADJ	electoral		electoral	1.053e-04	3	0.556	1.473e-05	0.000e+00	9.055e-05
vaper	NOUN	wait	warten|wartezeit	espera	1.053e-04	3	0.492	3.682e-05	2.230e-05	4.615e-05
haned	NOUN	cellphone	handy	celular	1.052e-04	3	0.731	1.018e-06	9.608e-05	8.118e-06
fulen	VERB	fulfil	erfüllen		1.052e-04	3	0.686	1.380e-05	9.136e-05	0.000e+00
dudel	NOUN	dude	kumpel		1.051e-04	3	0.578	8.204e-05	2.307e-05	0.000e+00
riden	VERB	differ	unterscheiden		1.050e-04	3	0.445	1.861e-05	8.642e-05	0.000e+00
detat	NOUN	deed	tat		1.049e-04	3	0.575	1.316e-05	9.172e-05	0.000e+00
limat	NOUN	climate	klima|klimawandel		1.048e-04	3	0.642	5.964e-05	4.520e-05	0.000e+00
neren	VERB		interessieren		1.047e-04	3	0.417	0.000e+00	1.047e-04	0.000e+00
kaken	NOUN	cake	kuchen|torte	pastel|bizcocho	1.046e-04	3	0.580	4.573e-05	4.486e-05	1.401e-05
lolen	VERB	clear	löschen		1.045e-04	3	0.529	4.718e-05	5.734e-05	0.000e+00
favit	ADJ	favorite		favorito	1.045e-04	3	0.714	7.146e-05	0.000e+00	3.305e-05
gabin	VERB	gain			1.045e-04	3	0.800	1.045e-04	0.000e+00	0.000e+00
balov	VERB	blow	sprengen|blasen	soplar	1.045e-04	3	0.668	8.437e-05	1.634e-05	3.768e-06
milid	NOUN	billion	milliarde|mrd	billón	1.045e-04	3	0.611	1.041e-05	8.570e-05	8.340e-06
fomul	NOUN	formula	formel	fórmula	1.044e-04	3	0.762	3.147e-05	4.455e-05	2.836e-05
sabes	NOUN			es	1.043e-04	3	0.400	0.000e+00	0.000e+00	1.043e-04
voled	ADJ	involved	beteiligt	involucrado|implicado	1.042e-04	3	0.525	7.031e-05	4.760e-06	2.917e-05
fetag	NOUN		freitag		1.042e-04	3	0.714	0.000e+00	1.042e-04	0.000e+00
forer	NOUN	researcher	forscher	investigador	1.041e-04	3	0.423	3.663e-05	3.084e-05	3.668e-05
safet	NOUN	safety			1.041e-04	3	1.000	1.041e-04	0.000e+00	0.000e+00
vilul	ADV	obviously		obviamente	1.041e-04	3	0.410	7.042e-05	0.000e+00	3.370e-05
babur	NOUN	bureau	büro	buró	1.041e-04	3	0.600	2.868e-05	7.385e-05	1.541e-06
posil	ADV	possibly	evtl	posiblemente	1.041e-04	3	0.669	6.573e-05	1.029e-05	2.803e-05
korek	ADJ	correct	korrekt		1.040e-04	3	0.833	6.614e-05	3.783e-05	0.000e+00
libal	ADJ	liberal	liberal	liberal	1.040e-04	3	0.714	5.100e-05	1.751e-05	3.544e-05
saser	NOUN	disaster	katastrophe	desastre	1.039e-04	3	0.528	3.376e-05	2.671e-05	4.345e-05
sapot	NOUN	spot	spot		1.038e-04	3	0.800	9.316e-05	1.068e-05	0.000e+00
reper	VERB	respect	respektieren	respetar	1.038e-04	3	0.580	2.380e-05	1.647e-05	6.349e-05
samer	NOUN	shadow	schatten	sombra	1.037e-04	3	0.554	2.387e-05	3.739e-05	4.244e-05
pasin	NOUN	passion	leidenschaft	pasión	1.037e-04	3	0.633	3.493e-05	2.834e-05	4.039e-05
terig	ADJ	eternal	ewig	eterno	1.036e-04	3	0.517	1.440e-05	5.865e-05	3.051e-05
lusin	NOUN	conclusion	fazit	conclusión	1.035e-04	3	0.481	3.917e-05	2.012e-05	4.423e-05
gevis	ADJ		gewiss		1.035e-04	3	1.000	0.000e+00	1.035e-04	0.000e+00
penan	NOUN	presentation	präsentation	presentación	1.034e-04	3	0.417	2.277e-05	1.898e-05	6.163e-05
lolet	NOUN	athlete	sportler|athlet	atleta|deportista	1.034e-04	3	0.502	3.884e-05	3.143e-05	3.309e-05
kabel	NOUN	cable	kabel	cable	1.033e-04	3	0.849	3.872e-05	2.532e-05	3.926e-05
hebad	VERB	head			1.032e-04	3	0.800	1.032e-04	0.000e+00	0.000e+00
demas	PRON			demás	1.032e-04	3	1.000	0.000e+00	0.000e+00	1.032e-04
bomab	NOUN	bomb	bombe	bomba	1.032e-04	3	0.800	3.794e-05	1.384e-05	5.139e-05
tonad	NOUN	ton	tonne	tonelada	1.031e-04	3	0.623	5.390e-05	2.840e-05	2.077e-05
mabin	NOUN	mine	mine	mina|mía	1.030e-04	3	0.588	2.168e-05	1.154e-05	6.976e-05
defas	ADV	anyways	jedenfalls		1.030e-04	3	0.538	6.752e-06	9.620e-05	0.000e+00
magik	NOUN	magic	magie|zauber	magia	1.029e-04	3	0.775	5.466e-05	2.019e-05	2.803e-05
dalet	NOUN	old	alt|altstadt	viejo	1.028e-04	3	0.322	2.674e-05	4.967e-05	2.640e-05
seras	NOUN	stress	streß	estrés	1.027e-04	3	0.585	5.071e-05	3.656e-05	1.541e-05
kanah	NOUN	quantity	anzahl|quantität|stückzahl		1.027e-04	3	0.492	1.306e-05	8.961e-05	0.000e+00
harut	NOUN	hat	hut	sombrero|gorro	1.026e-04	3	0.510	4.922e-05	3.265e-05	2.074e-05
pesin	NOUN	possession	besitz	posesión	1.026e-04	3	0.572	3.399e-05	4.326e-05	2.532e-05
veren	VERB	forgive	vergeben	perdonar	1.026e-04	3	0.429	2.619e-05	4.416e-05	3.221e-05
beser	ADJ		besser		1.026e-04	3	1.000	0.000e+00	1.026e-04	0.000e+00
kolum	NOUN	column	säule|spalte	columna	1.022e-04	3	0.642	3.429e-05	2.770e-05	4.026e-05
tenin	NOUN	workout	training	entrenamiento	1.022e-04	3	0.414	1.172e-05	5.534e-05	3.519e-05
kidas	NOUN	childhood	kindheit	infancia|niñez	1.022e-04	3	0.365	3.616e-05	2.651e-05	3.957e-05
sehen	VERB		aussehen		1.022e-04	3	0.714	0.000e+00	1.022e-04	0.000e+00
bavet	NOUN	bet	wette	apuesta	1.022e-04	3	0.541	4.590e-05	3.376e-05	2.251e-05
tomat	ADJ	automatic	automatisch	automático	1.020e-04	3	0.556	2.556e-05	5.911e-05	1.735e-05
feken	NOUN	frequency	frequenz|häufigkeit	frecuencia	1.020e-04	3	0.647	3.169e-05	1.828e-05	5.199e-05
fasit	ADJ	fit	passen|fit	apto	1.020e-04	3	0.489	1.930e-05	7.099e-05	1.167e-05
vanas	NOUN	advance	voraus	avance|anticipo	1.019e-04	3	0.535	5.201e-05	5.527e-06	4.435e-05
fatar	VERB			faltar	1.019e-04	3	0.833	0.000e+00	0.000e+00	1.019e-04
dives	ADJ	diverse	vielfältig	diverso	1.019e-04	3	0.659	1.942e-05	2.415e-05	5.829e-05
lalin	ADV	online		online	1.017e-04	3	0.600	7.378e-05	0.000e+00	2.793e-05
resat	VERB	arrest	festnehmen|verhaften		1.017e-04	3	0.455	5.764e-05	4.402e-05	0.000e+00
konin	NOUN	convention	konvention|konvent	convenio|convención	1.016e-04	3	0.543	4.199e-05	1.067e-05	4.894e-05
kunit	NOUN	cut	schnitt|abschneiden		1.015e-04	3	0.589	6.587e-05	3.563e-05	0.000e+00
taren	VERB	strengthen	stärken	reforzar|fortalecer	1.015e-04	3	0.445	2.328e-05	4.224e-05	3.598e-05
delar	VERB	delete		eliminar	1.015e-04	3	0.461	3.899e-05	0.000e+00	6.250e-05
dukat	ADJ	educational		educativo	1.015e-04	3	0.550	4.442e-05	0.000e+00	5.707e-05
sohet	ADJ	set	einstellen|setzen	conjunto|fijado	1.015e-04	3	0.489	5.859e-05	1.151e-05	3.136e-05
levan	ADJ	relevant	relevant	relevante	1.015e-04	3	0.625	4.542e-05	2.710e-05	2.893e-05
vapon	NOUN	weapon			1.014e-04	3	0.833	1.014e-04	0.000e+00	0.000e+00
fofer	NOUN	offer		oferta|ofrecimiento	1.014e-04	3	0.664	3.846e-05	0.000e+00	6.296e-05
debat	NOUN	debate	debatte		1.014e-04	3	1.000	5.232e-05	4.909e-05	0.000e+00
sevol	NUM	twelve	zwölf	doce	1.014e-04	3	0.395	2.333e-05	4.934e-05	2.874e-05
kabus	SCONJ	cause			1.013e-04	3	0.800	1.013e-04	0.000e+00	0.000e+00
kusin	NOUN	execution	ausführung|hinrichtung	ejecución	1.013e-04	3	0.409	2.483e-05	4.072e-05	3.573e-05
ruden	VERB		gründen		1.012e-04	3	0.714	0.000e+00	1.012e-04	0.000e+00
keros	VERB	cross	überqueren		1.012e-04	3	0.772	9.516e-05	6.005e-06	0.000e+00
visul	ADJ	visual	optisch|visuell	visual	1.012e-04	3	0.573	3.527e-05	4.132e-05	2.457e-05
hoset	NOUN	host	rechner|wirt	anfitrión|acogida	1.012e-04	3	0.501	5.384e-05	2.751e-05	1.980e-05
matik	VERB	match		coincidir	1.012e-04	3	0.547	6.399e-05	0.000e+00	3.717e-05
saruf	ADJ	sharp	scharf	agudo	1.011e-04	3	0.698	2.498e-05	6.296e-05	1.317e-05
ninok	NOUN	inch	zoll	centímetro	1.010e-04	3	0.438	5.948e-05	2.904e-05	1.246e-05
gerat	VERB	grant	gewähren		1.009e-04	3	0.529	6.911e-05	3.176e-05	0.000e+00
kemik	ADJ	chemical	chemisch	químico	1.009e-04	3	0.768	3.785e-05	2.712e-05	3.589e-05
buton	NOUN	button	knopf|button	botón	1.008e-04	3	0.795	5.117e-05	2.675e-05	2.290e-05
lelad	NOUN	lead	vorsprung|blei	plomo	1.008e-04	3	0.593	7.077e-05	2.055e-05	9.493e-06
paser	NOUN	passenger	passagier	pasajero	1.007e-04	3	0.655	5.122e-05	1.615e-05	3.335e-05
samag	NOUN		samstag		1.007e-04	3	0.714	0.000e+00	1.007e-04	0.000e+00
kabah	NOUN		co		1.007e-04	3	0.200	0.000e+00	1.007e-04	0.000e+00
sesen	VERB	exclude	ausschließen	excluir	1.007e-04	3	0.408	2.467e-05	6.523e-05	1.078e-05
radim	ADJ	random	zufällig|willkürlich	aleatorio	1.006e-04	3	0.427	4.241e-05	5.621e-05	1.946e-06
rines	NOUN	princess	prinzessin|fürstin	princesa|infanta	1.004e-04	3	0.628	3.783e-05	2.763e-05	3.496e-05
redes	NOUN	residence	aufenthalt|wohnort	residencia	1.003e-04	3	0.434	2.863e-05	3.547e-05	3.617e-05
finat	ADJ	fifth	fünfte	quinto	1.003e-04	3	0.600	4.894e-05	1.569e-05	3.563e-05
naked	ADJ	naked	nackt	desnudo	1.002e-04	3	0.591	3.002e-05	4.042e-05	2.978e-05
vikor	NOUN			victoria	1.002e-04	3	0.833	0.000e+00	0.000e+00	1.002e-04
meken	VERB	taste	schmecken		1.001e-04	3	0.473	4.327e-05	5.682e-05	0.000e+00
nisar	NOUN	anniversary	jubiläum|jahrestag|hochzeitstag	aniversario	9.987e-05	3	0.465	3.783e-05	2.899e-05	3.305e-05
sedul	NOUN	schedule	zeitplan|terminkalender	horario	9.984e-05	3	0.548	5.181e-05	9.305e-06	3.872e-05
raras	ADV			atrás	9.978e-05	3	0.600	0.000e+00	0.000e+00	9.978e-05
kuris	ADJ	curious	merkwürdig|neugierig	curioso	9.971e-05	3	0.617	3.147e-05	3.824e-05	3.000e-05
behen	VERB		beziehen		9.965e-05	3	0.625	0.000e+00	9.965e-05	0.000e+00
tunel	NOUN	uncle	onkel	tío	9.962e-05	3	0.372	3.147e-05	2.277e-05	4.539e-05
popik	NOUN	pop	pop|popmusik	pop	9.961e-05	3	0.601	6.610e-05	1.804e-05	1.546e-05
genal	ADV	generally			9.943e-05	3	0.714	9.943e-05	0.000e+00	0.000e+00
tamen	VERB	originate	stammen		9.933e-05	3	0.764	9.653e-06	8.968e-05	0.000e+00
panin	NOUN	expansion	erweiterung|expansion	expansión	9.933e-05	3	0.400	3.872e-05	3.714e-05	2.346e-05
seron	ADJ	extraordinary	außergewöhnlich|außerordentlich	extraordinario	9.929e-05	3	0.328	2.556e-05	4.003e-05	3.370e-05
pulik	NOUN	public	öffentlichkeit	públicas	9.927e-05	3	0.500	3.862e-05	5.798e-05	2.676e-06
musik	NOUN	musician	musiker	músico	9.925e-05	3	0.742	2.511e-05	4.582e-05	2.833e-05
tanat	NOUN			tanto	9.922e-05	3	0.800	0.000e+00	0.000e+00	9.922e-05
vebit	VERB	prohibit	verbieten|untersagen		9.916e-05	3	0.469	1.745e-05	8.171e-05	0.000e+00
resar	NOUN	regret	reue	pesar|arrepentimiento	9.909e-05	3	0.703	1.021e-05	4.603e-06	8.428e-05
ketiv	ADJ	creative	kreativ	creativo	9.906e-05	3	0.714	4.442e-05	3.172e-05	2.293e-05
felov	VERB	flow	fließen	fluir	9.906e-05	3	0.554	5.284e-05	3.926e-05	6.954e-06
pobad	NOUN	pound	pfund	libra	9.900e-05	3	0.483	6.116e-05	1.787e-05	1.997e-05
vabov	INTJ	wow			9.895e-05	3	0.600	9.895e-05	0.000e+00	0.000e+00
sikul	NOUN	cycle	zyklus	ciclo	9.893e-05	3	0.789	5.391e-05	8.425e-06	3.659e-05
temel	NOUN	temple	tempel	templo|temple	9.891e-05	3	0.808	3.706e-05	2.275e-05	3.909e-05
nesel	ADV	newly		recién	9.890e-05	3	0.530	2.935e-05	0.000e+00	6.954e-05
peral	NOUN	appeal	berufung|einspruch	apelación|atractivo|llamamiento	9.888e-05	3	0.414	4.754e-05	2.568e-05	2.566e-05
sulet	ADV	last	zuletzt		9.886e-05	3	0.667	9.053e-06	8.981e-05	0.000e+00
kebes	NOUN	cheese	käse	queso	9.883e-05	3	0.632	4.151e-05	2.559e-05	3.173e-05
mimor	ADV	anymore			9.882e-05	3	0.667	9.882e-05	0.000e+00	0.000e+00
kafok	INTJ	okay			9.879e-05	3	0.400	9.879e-05	0.000e+00	0.000e+00
tarik	NOUN	trick	trick	truco	9.875e-05	3	0.751	4.462e-05	3.017e-05	2.396e-05
galer	NOUN	gallery	galerie	galería	9.871e-05	3	1.000	4.239e-05	2.983e-05	2.649e-05
lasaf	NOUN	landscape	landschaft	paisaje	9.863e-05	3	0.555	2.556e-05	4.370e-05	2.937e-05
fenon	NOUN	afternoon	nachmittag		9.861e-05	3	0.343	6.081e-05	3.780e-05	0.000e+00
nanor	ADJ	angry	böse	enfadado	9.858e-05	3	0.411	5.100e-05	4.344e-05	4.145e-06
sirul	NOUN	circle	zirkel	círculo	9.858e-05	3	0.810	5.232e-05	3.420e-06	4.284e-05
sakor	VERB	score		anotar	9.856e-05	3	0.710	7.958e-05	0.000e+00	1.898e-05
dalog	NOUN	dialogue	dialog	diálogo|dialogo	9.851e-05	3	0.833	2.176e-05	3.229e-05	4.446e-05
menal	ADJ	environmental		ambiental|medioambiental|ambientales	9.847e-05	3	0.442	5.591e-05	0.000e+00	4.256e-05
gerad	ADJ	grand		grand	9.844e-05	3	0.600	9.073e-05	0.000e+00	7.713e-06
dihet	NOUN	diet	ernährung	dieta	9.834e-05	3	0.592	4.151e-05	2.970e-05	2.713e-05
sasel	NOUN	steel	stahl	acero	9.833e-05	3	0.560	5.725e-05	1.988e-05	2.120e-05
giget	NOUN	giant	riese	gigante|gigantes	9.814e-05	3	0.554	4.345e-05	2.972e-05	2.497e-05
visib	ADJ	visible	sichtbar	visible	9.807e-05	3	0.573	2.734e-05	4.656e-05	2.416e-05
tatin	NOUN	expectation	erwartung	expectativa|expectación	9.805e-05	3	0.376	4.159e-05	3.021e-05	2.625e-05
depet	NOUN	depth	tiefe	profundidad	9.803e-05	3	0.452	4.635e-05	2.337e-05	2.831e-05
saned	NOUN	sand	sand	arena	9.799e-05	3	0.638	3.069e-05	2.769e-05	3.961e-05
fikal	NOUN	prosecutor	staatsanwaltschaft	fiscal|fiscalía	9.793e-05	3	0.565	1.460e-05	2.194e-05	6.139e-05
venit	NUM	twenty	zwanzig	veinte|veintiuno	9.767e-05	3	0.567	4.988e-05	1.751e-05	3.027e-05
sinen	VERB	sink	sinken|versenken|versinken		9.755e-05	3	0.711	3.152e-05	6.603e-05	0.000e+00
senir	ADJ	senior		senior	9.739e-05	3	0.833	9.285e-05	0.000e+00	4.543e-06
detil	ADJ	detailed	ausführlich|detailliert	detallado	9.733e-05	3	0.388	3.616e-05	4.443e-05	1.674e-05
ranab	ADJ	reasonable	vernünftig	razonable	9.720e-05	3	0.446	4.341e-05	3.384e-05	1.994e-05
renet	NOUN	rent	miete	renta	9.719e-05	3	0.681	2.910e-05	2.885e-05	3.924e-05
fafar	NOUN	affair	affäre		9.715e-05	3	0.647	7.455e-05	2.260e-05	0.000e+00
gebik	ADJ	alleged	angeblich	presunto	9.713e-05	3	0.497	9.083e-06	7.100e-05	1.705e-05
kusat	ADJ	accurate	präzise	exacto	9.695e-05	3	0.556	4.151e-05	4.546e-06	5.089e-05
sonar	VERB			sonar	9.687e-05	3	1.000	0.000e+00	0.000e+00	9.687e-05
sasin	ADJ	asian	asiatisch	asiático	9.681e-05	3	0.525	5.468e-05	2.511e-05	1.702e-05
visig	ADJ	hilarious	witzig	gracioso	9.679e-05	3	0.540	2.076e-05	4.731e-05	2.873e-05
lenav	ADJ	alternative	alternativ	alternativo	9.674e-05	3	0.500	3.404e-05	4.059e-05	2.211e-05
nukar	ADJ	nuclear	nuklear	nuclear	9.670e-05	3	0.714	5.993e-05	2.871e-06	3.390e-05
valol	ADJ	valuable	wertvoll	valioso	9.667e-05	3	0.524	3.616e-05	4.326e-05	1.725e-05
danik	NOUN	dick	schwanz		9.663e-05	3	0.431	5.591e-05	4.072e-05	0.000e+00
futer	ADJ	further	weiter		9.663e-05	3	0.811	9.024e-05	6.385e-06	0.000e+00
pinat	VERB	paint	malen	pintar	9.649e-05	3	0.557	4.624e-05	1.128e-05	3.896e-05
legad	NOUN	arrival	ankunft	llegada|arribo	9.643e-05	3	0.503	3.069e-05	2.012e-05	4.562e-05
tenon	NOUN	tension	spannung	tensión	9.642e-05	3	0.550	2.525e-05	3.694e-05	3.422e-05
fasat	ADV	fast		rápido	9.634e-05	3	0.692	7.905e-05	0.000e+00	1.729e-05
sepat	ADJ	separate	trennen|separat	separado	9.628e-05	3	0.596	5.243e-05	2.861e-05	1.524e-05
rakiv	ADJ	attractive	attraktiv	atractivo	9.622e-05	3	0.625	3.783e-05	3.779e-05	2.060e-05
notis	VERB	notice			9.621e-05	3	1.000	9.621e-05	0.000e+00	0.000e+00
deraf	NOUN	draft	entwurf	borrador	9.613e-05	3	0.379	4.693e-05	4.023e-05	8.976e-06
konis	VERB	consist		consistir	9.608e-05	3	0.632	4.614e-05	0.000e+00	4.994e-05
ritig	NOUN	writing		escritura	9.600e-05	3	0.602	6.429e-05	0.000e+00	3.172e-05
lunak	NOUN	lunch	mittag|mittagspause	almuerzo	9.600e-05	3	0.527	5.100e-05	2.914e-05	1.585e-05
foram	VERB	form			9.597e-05	3	0.800	9.597e-05	0.000e+00	0.000e+00
netan	NOUN	instance	instanz	instancia	9.596e-05	3	0.571	5.625e-05	1.438e-05	2.534e-05
fusel	NOUN	fuel	treibstoff|brennstoff	combustible	9.592e-05	3	0.589	5.798e-05	7.000e-06	3.094e-05
ritar	VERB	scream		gritar	9.583e-05	3	0.538	4.241e-05	0.000e+00	5.342e-05
nerev	NOUN	nerve	nerv|frechheit	nervio	9.574e-05	3	0.764	2.902e-05	4.974e-05	1.699e-05
resul	VERB	result			9.571e-05	3	0.833	9.571e-05	0.000e+00	0.000e+00
sukor	NOUN	score	punktzahl	puntuación|partitura	9.570e-05	3	0.713	8.205e-05	2.769e-06	1.088e-05
gabik	ADV		gleich		9.560e-05	3	0.600	0.000e+00	9.560e-05	0.000e+00
fugig	INTJ	fucking			9.553e-05	3	0.667	9.553e-05	0.000e+00	0.000e+00
falit	NOUN	facility			9.542e-05	3	0.714	9.542e-05	0.000e+00	0.000e+00
kesir	NOUN	knife	messer|dolch	cuchillo	9.538e-05	3	0.471	3.640e-05	4.124e-05	1.774e-05
tidun	ADJ	thin	dünn	delgado	9.536e-05	3	0.456	3.750e-05	3.495e-05	2.291e-05
nerar	VERB	integrate	integrieren	integrar	9.529e-05	3	0.506	1.952e-05	3.399e-05	4.177e-05
famer	NOUN	farmer	landwirt	campesino|agricultor|granjero	9.522e-05	3	0.540	4.576e-05	1.348e-05	3.599e-05
porit	NOUN	priority	priorität|vorrang	prioridad	9.522e-05	3	0.575	4.151e-05	2.279e-05	3.091e-05
funer	NOUN	founder	gründer	fundador|fundadora	9.521e-05	3	0.607	3.968e-05	2.349e-05	3.204e-05
senet	NUM			ciento	9.506e-05	3	0.600	0.000e+00	0.000e+00	9.506e-05
bokok	VERB	book	buchen		9.500e-05	3	0.709	7.328e-05	2.172e-05	0.000e+00
satik	NOUN	stick	stock|stick	palo	9.495e-05	3	0.528	3.105e-05	2.956e-05	3.434e-05
nalir	VERB	analyze	analysieren	analizar	9.492e-05	3	0.595	2.404e-05	2.256e-05	4.832e-05
karef	ADJ	careful	vorsichtig	cuidado|cuidadoso	9.491e-05	3	0.400	4.341e-05	3.700e-05	1.449e-05
balok	VERB	block	blockieren	bloquear	9.484e-05	3	0.555	3.865e-05	2.479e-05	3.141e-05
monag	NOUN		montag		9.482e-05	3	0.833	0.000e+00	9.482e-05	0.000e+00
rikut	NOUN	agriculture	landwirtschaft	agricultura	9.477e-05	3	0.383	2.611e-05	3.337e-05	3.529e-05
nepan	NOUN	interpretation	interpretation|auslegung	interpretación	9.471e-05	3	0.345	2.329e-05	3.243e-05	3.898e-05
peker	NOUN	speaker	sprecher|redner	orador	9.470e-05	3	0.666	5.390e-05	3.543e-05	5.368e-06
monin	NOUN	demonstration	demonstration|vorführung	manifestación	9.469e-05	3	0.338	1.956e-05	3.049e-05	4.463e-05
ligan	NOUN	obligation	verpflichtung	obligación	9.467e-05	3	0.424	2.396e-05	2.866e-05	4.205e-05
pifak	NOUN	peak	gipfel	pico	9.455e-05	3	0.524	3.769e-05	2.693e-05	2.993e-05
deked	ADV	indeed		efectivamente	9.449e-05	3	0.444	7.322e-05	0.000e+00	2.127e-05
lisat	VERB	list			9.445e-05	3	0.800	9.445e-05	0.000e+00	0.000e+00
kiken	NOUN	chicken	huhn|hähnchen	pollo	9.440e-05	3	0.613	5.503e-05	1.076e-05	2.862e-05
gaban	NOUN			gana	9.432e-05	3	0.600	0.000e+00	0.000e+00	9.432e-05
lanun	NOUN	planning	planung	planificación|planeamiento	9.431e-05	3	0.584	2.858e-05	4.521e-05	2.051e-05
peken	VERB	conform	entsprechen		9.428e-05	3	0.480	3.783e-06	9.050e-05	0.000e+00
virus	NOUN	virus	virus	virus	9.427e-05	3	1.000	3.534e-05	3.090e-05	2.803e-05
riner	ADJ	inner	inner	interior	9.425e-05	3	0.646	3.527e-05	2.483e-05	3.415e-05
kakir	VERB	acquire	erwerben		9.413e-05	3	0.484	5.012e-05	4.401e-05	0.000e+00
bigar	VERB	bind		obligar	9.412e-05	3	0.613	3.031e-05	0.000e+00	6.381e-05
domin	NOUN	domain	domain|domäne	dominio	9.412e-05	3	0.926	2.863e-05	1.278e-05	5.271e-05
resis	NOUN	resistance		resistencia	9.403e-05	3	0.556	3.962e-05	0.000e+00	5.441e-05
reliv	ADV	relatively	vergleichsweise	relativamente	9.396e-05	3	0.473	5.100e-05	1.633e-05	2.663e-05
helik	NOUN		ehrlich		9.395e-05	3	0.667	0.000e+00	9.395e-05	0.000e+00
relat	NOUN	tale		relato|cuento	9.394e-05	3	0.523	3.582e-05	0.000e+00	5.811e-05
rovok	VERB	provoke	provozieren	provocar	9.393e-05	3	0.624	7.142e-06	6.070e-06	8.072e-05
laren	VERB	clarify	klären	aclarar	9.393e-05	3	0.645	1.135e-05	4.832e-05	3.427e-05
rimer	NOUN	first	first|erste	primero	9.393e-05	3	0.598	8.956e-06	2.495e-05	6.002e-05
rasen	NOUN	prayer	gebet	oración|rezo	9.391e-05	3	0.479	4.408e-05	1.282e-05	3.701e-05
deken	NOUN	thinking	denken		9.386e-05	3	0.617	3.709e-05	5.677e-05	0.000e+00
binet	NOUN	cabinet	schrank|kabinett	gabinete	9.381e-05	3	0.552	3.770e-05	3.297e-05	2.314e-05
palis	NOUN	pizza	pizza|italiener	pizza	9.378e-05	3	0.558	3.246e-05	4.007e-05	2.125e-05
resit	NOUN	resident	wohnsitz	residente	9.370e-05	3	0.602	7.173e-05	8.567e-06	1.340e-05
tiden	VERB	tie	binden		9.367e-05	3	0.422	4.908e-05	4.459e-05	0.000e+00
kamos	NOUN	championship	meisterschaft	campeonato	9.362e-05	3	0.353	3.872e-05	3.021e-05	2.469e-05
finas	NOUN	finance	finanzierung	finanzas	9.362e-05	3	0.661	4.599e-05	2.974e-05	1.789e-05
korit	NOUN	contribution		aporte|contribución	9.358e-05	3	0.394	4.888e-05	0.000e+00	4.470e-05
basar	VERB			basar	9.355e-05	3	1.000	0.000e+00	0.000e+00	9.355e-05
sulek	ADV	simultaneously	zugleich	simultáneamente	9.341e-05	3	0.602	1.652e-05	6.804e-05	8.857e-06
tilar	NOUN	holder	inhaber	titular	9.338e-05	3	0.513	2.980e-05	1.737e-05	4.621e-05
disis	NOUN	layout	anordnung|layout	disposición|trazado	9.337e-05	3	0.323	1.339e-05	2.029e-05	5.969e-05
pesel	ADJ		speziell		9.326e-05	3	0.714	0.000e+00	9.326e-05	0.000e+00
nelun	VERB	influence	beeinflussen	influir|influenciar	9.322e-05	3	0.412	2.396e-05	4.560e-05	2.366e-05
rinet	VERB	print	drucken|ausdrucken	imprimir	9.319e-05	3	0.484	5.899e-05	2.216e-05	1.204e-05
kiner	NOUN	theater	kino		9.319e-05	3	0.505	3.327e-05	5.992e-05	0.000e+00
dosek	ADJ	dry	trocken	seco	9.317e-05	3	0.390	3.949e-05	1.408e-05	3.960e-05
marad	ADJ	married	verheiratet	casado	9.316e-05	3	0.555	4.153e-05	1.675e-05	3.488e-05
noved	NOUN	boyfriend		novio	9.305e-05	3	0.476	4.341e-05	0.000e+00	4.964e-05
terap	NOUN	therapy	therapie	terapia	9.299e-05	3	1.000	4.040e-05	3.337e-05	1.922e-05
berif	NOUN	epistle	brief	epístola	9.283e-05	3	0.589	8.861e-07	9.047e-05	1.471e-06
kosar	VERB			costar	9.274e-05	3	0.833	0.000e+00	0.000e+00	9.274e-05
resot	NOUN	arrest	festnahme|verhaftung	detención|arresto	9.274e-05	3	0.468	4.041e-05	1.963e-05	3.270e-05
rilin	NUM	trillion			9.266e-05	3	0.714	9.266e-05	0.000e+00	0.000e+00
nepet	VERB	interpret	interpretieren|auslegen	interpretar	9.255e-05	3	0.425	1.964e-05	3.415e-05	3.876e-05
leged	NOUN	legend	legende	leyenda	9.244e-05	3	0.773	3.069e-05	2.834e-05	3.341e-05
sugen	NOUN	suggestion	empfehlung	sugerencia	9.241e-05	3	0.438	3.839e-05	3.443e-05	1.959e-05
lined	ADJ	blind	blind	ciego	9.231e-05	3	0.543	3.694e-05	2.914e-05	2.623e-05
sadik	ADJ	said		dicho	9.225e-05	3	0.600	1.712e-06	0.000e+00	9.054e-05
misin	ADJ	missing	fehlen|fehlende|fehlenden	desaparecido	9.225e-05	3	0.518	4.861e-05	2.569e-05	1.795e-05
dudar	VERB	doubt	zweifeln|bezweifeln	dudar	9.220e-05	3	0.599	2.215e-05	1.922e-05	5.083e-05
kihef	NOUN	chief	chief|häuptling	jefa	9.218e-05	3	0.749	7.171e-05	9.833e-06	1.064e-05
tired	NOUN	third	drittel|dritter	tercero	9.216e-05	3	0.536	3.564e-05	4.446e-05	1.205e-05
kosak	NOUN	coat	jacke	saco|abrigo	9.205e-05	3	0.494	3.169e-05	2.400e-05	3.636e-05
leden	VERB		leiden		9.199e-05	3	0.833	0.000e+00	9.199e-05	0.000e+00
relif	NOUN	relief	erleichterung|entlastung	relieve|socorro|alivio|relevo	9.195e-05	3	0.537	3.962e-05	1.669e-05	3.563e-05
rotel	NOUN	bulk	großteil|hauptteil	grueso	9.188e-05	3	0.479	1.730e-05	7.005e-05	4.533e-06
habeh	ADJ		eh		9.182e-05	3	0.400	0.000e+00	9.182e-05	0.000e+00
beran	ADJ	surprising	überraschen|überraschend	sorprendente	9.179e-05	3	0.425	2.132e-05	5.081e-05	1.966e-05
sinin	ADJ	exciting	spannend|spannende	emocionante	9.177e-05	3	0.455	3.872e-05	4.216e-05	1.088e-05
garad	NOUN	grade			9.173e-05	3	0.800	9.173e-05	0.000e+00	0.000e+00
romes	NOUN	promise	versprechen	promesa	9.171e-05	3	0.656	3.763e-05	1.570e-05	3.837e-05
later	NOUN		elter		9.164e-05	3	0.600	0.000e+00	9.164e-05	0.000e+00
remin	ADV	purely	rein	puramente	9.148e-05	3	0.647	1.406e-05	7.100e-05	6.421e-06
rikan	ADJ	african		africano	9.147e-05	3	0.714	7.377e-05	0.000e+00	1.771e-05
konat	VERB	contact		contactar	9.137e-05	3	0.687	7.551e-05	0.000e+00	1.586e-05
dedal	ADJ	ideal	ideal	ideal	9.121e-05	3	0.600	2.455e-05	3.540e-05	3.126e-05
sises	NOUN	assistance	assistenz	asistencia	9.116e-05	3	0.565	4.341e-05	2.307e-06	4.545e-05
bonus	NOUN	bonus	bonus|prämie|zuschlag	bono|bonificación	9.115e-05	3	0.725	3.147e-05	3.715e-05	2.253e-05
riken	VERB		richten		9.111e-05	3	0.833	0.000e+00	9.111e-05	0.000e+00
medal	NOUN	medal	medaille	medalla	9.109e-05	3	0.964	3.800e-05	1.989e-05	3.320e-05
risan	NOUN	christian	christ	cristiano	9.109e-05	3	0.541	2.611e-05	3.408e-05	3.089e-05
retin	NOUN	registration	anmeldung|registrierung	inscripción|matrícula	9.106e-05	3	0.305	2.332e-05	3.110e-05	3.664e-05
halet	NOUN	hold	halt|festhalten		9.102e-05	3	0.636	3.411e-05	5.692e-05	0.000e+00
terar	NOUN	tear	träne	lágrima	9.100e-05	3	0.558	3.848e-05	2.591e-05	2.661e-05
laner	NOUN	foreigner	ausländer	extranjero|extranjera	9.096e-05	3	0.434	1.164e-05	2.473e-05	5.459e-05
kusar	VERB	accuse		acusar	9.089e-05	3	0.637	4.121e-05	0.000e+00	4.968e-05
seted	NOUN	yesterday			9.073e-05	3	0.571	9.073e-05	0.000e+00	0.000e+00
seber	ADV		selber		9.072e-05	3	0.833	0.000e+00	9.072e-05	0.000e+00
rabaf	PART			re	9.065e-05	3	0.200	0.000e+00	0.000e+00	9.065e-05
folen	VERB	haunt	verfolgen		9.057e-05	3	0.532	3.872e-06	8.670e-05	0.000e+00
higah	NOUN	high	high	alto|alta	9.053e-05	3	0.488	1.224e-05	4.295e-05	3.534e-05
reven	NOUN	revenue	umsatz		9.053e-05	3	0.680	6.160e-05	2.892e-05	0.000e+00
lalas	NOUN		anlaß		9.051e-05	3	0.600	0.000e+00	9.051e-05	0.000e+00
pepap	PART		ja		9.044e-05	3	0.000	0.000e+00	9.044e-05	0.000e+00
silit	VERB	facilitate	erleichtern	facilitar	9.021e-05	3	0.473	1.728e-05	2.904e-05	4.389e-05
maneh	NOUN	handling	umgang|handhabung	manejo	9.021e-05	3	0.565	3.418e-06	5.476e-05	3.203e-05
febab	ADJ		offenbar		9.019e-05	3	0.571	0.000e+00	9.019e-05	0.000e+00
sorer	NOUN	disorder	erkrankung	trastorno	9.017e-05	3	0.348	3.817e-05	3.656e-05	1.544e-05
rafat	VERB	rate		calificar	9.008e-05	3	0.493	5.409e-05	0.000e+00	3.599e-05
norat	ADV	north			9.004e-05	3	0.800	9.004e-05	0.000e+00	0.000e+00
rolen	NOUN	roll	brötchen|rollen	rollo	9.004e-05	3	0.617	5.841e-05	1.674e-05	1.488e-05
resan	VERB	tear	reißen		8.997e-05	3	0.559	3.637e-05	5.360e-05	0.000e+00
sisan	NOUN	assistant	assistent|assistentin	asistente|auxiliar	8.997e-05	3	0.550	4.261e-05	1.982e-05	2.754e-05
sisid	NOUN	suicide	selbstmord|suizid	suicidio|suicida	8.992e-05	3	0.762	4.654e-05	1.872e-05	2.467e-05
repen	ADJ	corresponding	entsprechende|entsprechenden	correspondiente	8.987e-05	3	0.360	1.507e-05	3.139e-05	4.341e-05
kaler	NOUN	killer	mörder	asesino|matador	8.981e-05	3	0.501	4.199e-05	1.917e-05	2.865e-05
pefat	NOUN	path	pfad|trasse	sendero	8.979e-05	3	0.540	6.897e-05	1.311e-05	7.713e-06
tanak	NOUN	thank	danke		8.978e-05	3	0.608	3.596e-06	8.618e-05	0.000e+00
monal	ADJ	monthly	monatlich	mensual	8.976e-05	3	0.677	3.527e-05	2.716e-05	2.733e-05
satop	NOUN	stop	stopp	parada	8.973e-05	3	0.623	5.455e-05	8.768e-06	2.641e-05
takol	NOUN	tail	heck|verfolger	cola|rabo	8.967e-05	3	0.545	2.979e-05	9.620e-06	5.027e-05
feted	VERB	feed	füttern		8.965e-05	3	0.783	8.468e-05	4.977e-06	0.000e+00
lusat	NOUN	lust	lust		8.963e-05	3	0.800	5.859e-06	8.378e-05	0.000e+00
rimin	NOUN	criminal	verbrecher|strafrecht	delincuente|criminal	8.962e-05	3	0.379	2.828e-05	2.186e-05	3.947e-05
lovet	NOUN	lover	geliebte	amante|enamorado	8.960e-05	3	0.442	3.605e-05	1.007e-05	4.349e-05
poket	NOUN	poet	dichter	poeta|poetisa	8.959e-05	3	0.681	1.808e-05	2.196e-05	4.955e-05
tisik	ADJ	artistic	künstlerisch	artístico	8.955e-05	3	0.458	1.652e-05	3.519e-05	3.784e-05
legas	NOUN	legacy	erbe	herencia|legado	8.952e-05	3	0.577	2.611e-05	2.757e-05	3.584e-05
koveg	NOUN	coverage	berichterstattung	cobertura	8.952e-05	3	0.508	4.765e-05	1.751e-05	2.435e-05
mirut	NOUN	myth	gerücht|mythos	mito	8.946e-05	3	0.527	1.966e-05	4.573e-05	2.407e-05
roval	NOUN	approval	genehmigung	aprobación	8.944e-05	3	0.394	3.677e-05	2.265e-05	3.002e-05
poson	NOUN	exposure	exposition	exposición	8.941e-05	3	0.425	3.272e-05	2.769e-06	5.392e-05
rabos	NOUN	rose	rose	rosa	8.936e-05	3	0.600	2.329e-05	1.455e-05	5.151e-05
babov	ADP	above	oberhalb		8.935e-05	3	0.694	7.535e-05	1.399e-05	0.000e+00
vanet	NOUN	van		camioneta|van|furgoneta	8.934e-05	3	0.580	7.145e-05	0.000e+00	1.789e-05
garis	ADJ	gray	grau	gris	8.932e-05	3	0.489	2.518e-05	4.430e-05	1.984e-05
konad	NOUN	count	graf	conde	8.927e-05	3	0.514	3.932e-05	1.633e-05	3.363e-05
ferin	NOUN	federation	vereinigung|föderation	federación	8.912e-05	3	0.457	2.031e-05	3.352e-05	3.529e-05
modav	NOUN	move		mudanza	8.906e-05	3	0.595	8.441e-05	0.000e+00	4.652e-06
daleg	NOUN	joy		alegría|gozo	8.906e-05	3	0.400	3.962e-05	0.000e+00	4.944e-05
hager	NOUN	trailer	anhänger	tráiler|trailer	8.903e-05	3	0.544	2.834e-05	5.240e-05	8.290e-06
kodin	NOUN	knee	knie	rodilla	8.901e-05	3	0.449	4.073e-05	2.651e-05	2.177e-05
ragat	ADJ	straight	geradeaus	recto|heterosexual	8.900e-05	3	0.471	7.289e-05	4.402e-06	1.171e-05
rolan	VERB	roll	rollen		8.898e-05	3	0.640	7.129e-05	1.769e-05	0.000e+00
ritem	NOUN	criterion	kriterium	criterio	8.885e-05	3	0.585	1.728e-05	3.042e-05	4.115e-05
nusun	NOUN	exploitation	nutzung|ausbeutung	explotación	8.872e-05	3	0.476	7.723e-06	5.414e-05	2.685e-05
dapap	NOUN	daddy		papá|daddy	8.859e-05	3	0.536	2.556e-05	0.000e+00	6.303e-05
kokud	VERB	conclude		concluir	8.858e-05	3	0.607	4.415e-05	0.000e+00	4.444e-05
minim	ADJ	minimum		mínimo	8.855e-05	3	0.926	2.278e-05	0.000e+00	6.576e-05
domir	VERB	dominate	beherrschen|dominieren	dominar	8.851e-05	3	0.458	1.749e-05	4.605e-05	2.497e-05
dabuf	ADV		drauf		8.835e-05	3	0.600	0.000e+00	8.835e-05	0.000e+00
gelik	ADJ		eigentlich		8.830e-05	3	0.556	0.000e+00	8.830e-05	0.000e+00
vasen	VERB	wash	waschen	lavar	8.824e-05	3	0.653	4.660e-05	2.669e-05	1.494e-05
roris	NOUN	terrorist	terrorist	terrorismo|terrorista	8.813e-05	3	0.625	2.763e-05	2.414e-05	3.636e-05
seger	VERB	boost	steigern	impulsar	8.809e-05	3	0.297	1.853e-05	3.502e-05	3.455e-05
setik	VERB	stick			8.804e-05	3	0.800	8.804e-05	0.000e+00	0.000e+00
senur	NUM	zero	null	cero	8.791e-05	3	0.562	4.765e-05	1.652e-05	2.374e-05
pitam	NOUN	pace	tempo	ritmo	8.788e-05	3	0.445	2.678e-05	2.059e-05	4.051e-05
neron	NOUN	integration	integration|eingliederung	integración	8.773e-05	3	0.449	1.853e-05	4.425e-05	2.495e-05
vasit	NOUN	waste	abfall	residuo|desperdicio|desecho	8.765e-05	3	0.537	4.882e-05	1.258e-05	2.625e-05
nerer	VERB			interesar	8.762e-05	3	0.556	0.000e+00	0.000e+00	8.762e-05
kopen	NOUN	cooperation	kooperation	cooperación	8.759e-05	3	0.455	2.232e-05	3.441e-05	3.086e-05
deran	NOUN	consideration	überlegung|berücksichtigung|erwägung	consideración	8.757e-05	3	0.334	2.745e-05	4.063e-05	1.948e-05
ponal	ADJ	potential		potencial	8.748e-05	3	0.556	7.589e-05	0.000e+00	1.160e-05
sonil	NOUN	smile	lächeln	sonrisa|sonreír	8.748e-05	3	0.450	1.219e-05	3.573e-05	3.956e-05
lusiv	ADJ	exclusive	exklusiv	exclusivo	8.744e-05	3	0.556	4.051e-05	2.090e-05	2.603e-05
molis	ADV	preferably	möglichst|vorzugsweise		8.739e-05	3	0.570	5.725e-06	8.167e-05	0.000e+00
rufis	NOUN	rise	aufstieg	subida	8.731e-05	3	0.492	4.352e-05	2.823e-05	1.556e-05
pehan	ADJ	superhuman			8.727e-05	3	0.500	8.727e-05	0.000e+00	0.000e+00
kikus	NOUN	excuse	entschuldigung	excusa	8.721e-05	3	0.537	3.487e-05	2.260e-05	2.973e-05
kanim	NOUN	mechanism	mechanismus	mecanismo	8.720e-05	3	0.609	3.270e-05	1.147e-05	4.304e-05
fanas	ADJ	fantastic	phantastisch|fantastisch|fantastische	fantástico	8.708e-05	3	0.556	5.725e-05	9.880e-06	1.995e-05
sedar	ADJ	secondary		secundario	8.703e-05	3	0.625	3.783e-05	0.000e+00	4.920e-05
rageg	NOUN	arrangement	vereinbarung|arrangement	arreglo	8.698e-05	3	0.360	3.884e-05	2.623e-05	2.191e-05
masum	NOUN	sum	summe	suma	8.697e-05	3	0.600	2.954e-05	4.255e-05	1.488e-05
kulag	NOUN	circulation	auflage	circulación|tirada	8.693e-05	3	0.538	1.033e-05	5.230e-05	2.431e-05
vebot	NOUN	ban	verbot|bann	prohibición	8.690e-05	3	0.444	2.830e-05	4.245e-05	1.615e-05
fomen	NOUN	phenomenon	phänomen	fenómeno	8.685e-05	3	0.676	2.120e-05	2.383e-05	4.181e-05
vased	ADJ	advanced	erweitert|fortgeschritten	avanzado	8.681e-05	3	0.567	4.944e-05	8.199e-06	2.917e-05
tidat	VERB	update	aktualisieren	actualizar	8.672e-05	3	0.447	4.983e-05	1.519e-05	2.170e-05
dumob	ADJ	dumb	blöd|stumm	tonto|mudo	8.668e-05	3	0.446	4.140e-05	2.210e-05	2.317e-05
nenin	NOUN	intervention	intervention	intervención	8.668e-05	3	0.417	2.645e-05	6.650e-06	5.358e-05
paken	VERB	pack	packen		8.666e-05	3	0.742	5.600e-05	3.066e-05	0.000e+00
saset	NOUN	asset		activo	8.659e-05	3	0.550	5.948e-05	0.000e+00	2.711e-05
mirek	NOUN	watch	ansehen	mira|mirar	8.653e-05	3	0.353	2.071e-05	2.872e-05	3.710e-05
daden	VERB		enden		8.642e-05	3	0.600	0.000e+00	8.642e-05	0.000e+00
borig	ADJ	boring	langweilig	aburrido	8.638e-05	3	0.481	3.002e-05	3.872e-05	1.764e-05
diran	ADV		dran		8.626e-05	3	0.800	0.000e+00	8.626e-05	0.000e+00
darer	NOUN	duration	dauer	duración	8.613e-05	3	0.531	1.597e-05	4.402e-05	2.614e-05
hanat	NOUN	hunt	jagd	caza|cazar	8.612e-05	3	0.376	3.698e-05	2.414e-05	2.500e-05
daten	VERB	intend	beabsichtigen		8.594e-05	3	0.483	7.716e-05	8.779e-06	0.000e+00
dikal	ADJ	radical	radikal	radical	8.593e-05	3	0.714	2.388e-05	2.872e-05	3.333e-05
dirib	VERB	distribute	vertreiben	distribuir	8.591e-05	3	0.466	3.389e-05	2.385e-05	2.816e-05
minat	ADJ	administrative		administrativo	8.575e-05	3	0.385	3.147e-05	0.000e+00	5.428e-05
remal	ADV		erstmals		8.567e-05	3	0.500	0.000e+00	8.567e-05	0.000e+00
daras	ADV		daraus		8.567e-05	3	0.833	0.000e+00	8.567e-05	0.000e+00
pasor	NOUN	passport	paß	pasaporte	8.550e-05	3	0.627	1.619e-05	5.034e-05	1.897e-05
disal	ADJ	judicial		judicial	8.549e-05	3	0.625	1.540e-05	0.000e+00	7.008e-05
beseg	NOUN	being	wesen		8.543e-05	3	0.600	5.431e-05	3.112e-05	0.000e+00
peror	NOUN	operator	betreiber	operador|operadora	8.543e-05	3	0.546	4.062e-05	2.311e-05	2.170e-05
parid	NOUN	departure	abgang|aufbruch|abreise|abflug	partida	8.539e-05	3	0.505	2.066e-05	2.594e-05	3.880e-05
bukah	NOUN	bay	bucht	bahía	8.538e-05	3	0.308	6.226e-05	7.029e-06	1.609e-05
tadar	ADJ	standard		estándar	8.535e-05	3	0.625	7.297e-05	0.000e+00	1.238e-05
kibef	ADJ	chief			8.531e-05	3	0.800	8.531e-05	0.000e+00	0.000e+00
berar	VERB	liberate	befreien	liberar	8.527e-05	3	0.544	3.783e-06	4.130e-05	4.019e-05
tekin	NOUN	teaching		enseñanza|docencia	8.518e-05	3	0.462	3.990e-05	0.000e+00	4.529e-05
kored	ADJ	concerned	besorgt	preocupado	8.517e-05	3	0.431	5.227e-05	6.319e-06	2.658e-05
kanot	ADV			cuanto	8.517e-05	3	0.600	0.000e+00	0.000e+00	8.517e-05
noren	ADJ	northern		norte|septentrional	8.516e-05	3	0.693	7.901e-05	0.000e+00	6.148e-06
kelor	VERB	explore	erforschen|erkunden	explorar	8.513e-05	3	0.439	4.125e-05	2.362e-05	2.025e-05
nifan	ADV	initially	anfangs	inicialmente	8.512e-05	3	0.418	3.448e-05	3.622e-05	1.441e-05
posol	NOUN	pool	schwimmbad	piscina	8.509e-05	3	0.642	6.050e-05	9.030e-06	1.556e-05
depes	NOUN	depression	depression	depresión	8.508e-05	3	0.556	4.051e-05	2.214e-05	2.243e-05
komos	NOUN	composition	zusammensetzung|komposition	composición	8.505e-05	3	0.407	3.241e-05	2.565e-05	2.699e-05
seleb	NOUN	celebration	feiern	celebración|festejo	8.505e-05	3	0.428	2.966e-05	1.047e-05	4.492e-05
somil	VERB	smile		sonreír	8.503e-05	3	0.732	6.946e-05	0.000e+00	1.557e-05
hebuh	INTJ	huh		eh	8.497e-05	3	0.449	2.076e-05	0.000e+00	6.421e-05
rebin	NOUN			reino	8.485e-05	3	0.800	0.000e+00	0.000e+00	8.485e-05
kosim	NOUN	cousin	cousin|vetter	primo	8.484e-05	3	0.526	3.862e-05	1.712e-05	2.909e-05
pokes	NOUN	poetry	dichtung|poesie	poesía	8.475e-05	3	0.597	2.801e-05	1.664e-05	4.010e-05
baler	NOUN	gentleman		caballero|caballeros	8.462e-05	3	0.524	3.125e-05	0.000e+00	5.337e-05
defel	NOUN	devil	teufel	diablo	8.458e-05	3	0.546	2.232e-05	2.954e-05	3.271e-05
surit	NOUN	suit	anzug	traje	8.454e-05	3	0.431	3.727e-05	1.414e-05	3.313e-05
lasen	VERB	permit	zulassen		8.453e-05	3	0.429	3.371e-05	5.082e-05	0.000e+00
denad	NOUN	donation	spende|zuwendung	donación|donativo	8.452e-05	3	0.381	2.522e-05	3.629e-05	2.301e-05
fatas	NOUN	fantasy	fantasie|fantasy	fantasía	8.447e-05	3	0.833	3.694e-05	2.627e-05	2.126e-05
favor	NOUN	favorite	favorit	favorito	8.440e-05	3	0.714	4.438e-05	2.238e-05	1.764e-05
sumok	NOUN	smoke	rauchen	humo	8.439e-05	3	0.528	3.830e-05	1.933e-05	2.676e-05
derat	NOUN	defeat	niederlage	derrota	8.432e-05	3	0.590	1.205e-05	4.521e-05	2.705e-05
rekis	ADJ		österreichisch		8.427e-05	3	0.500	0.000e+00	8.427e-05	0.000e+00
saken	ADJ	saxon	sachsen		8.423e-05	3	0.825	4.241e-06	7.999e-05	0.000e+00
salav	NOUN	slave	sklave	esclavo|esclava	8.421e-05	3	0.755	4.006e-05	1.562e-05	2.852e-05
nosan	NOUN	ocean		océano	8.419e-05	3	0.600	6.233e-05	0.000e+00	2.186e-05
ponat	ADJ	opposite		contrario|opuesto	8.417e-05	3	0.419	1.916e-05	0.000e+00	6.501e-05
sitom	NOUN	symptom	symptom	síntoma	8.416e-05	3	0.746	3.858e-05	2.294e-05	2.263e-05
vemet	ADJ	wet	feucht|nass	húmedo|mojado	8.412e-05	3	0.442	3.611e-05	2.744e-05	2.057e-05
tabag	PRON			tuyo	8.411e-05	3	0.200	0.000e+00	0.000e+00	8.411e-05
pefek	ADV	perfectly		perfectamente	8.409e-05	3	0.529	4.542e-05	0.000e+00	3.867e-05
vitan	NOUN	invitation	einladung|aufforderung	invitación	8.408e-05	3	0.381	1.827e-05	4.379e-05	2.202e-05
teben	VERB	drift	treiben		8.406e-05	3	0.652	7.377e-06	7.668e-05	0.000e+00
surel	ADV	surely		seguramente	8.405e-05	3	0.683	3.962e-05	0.000e+00	4.443e-05
teten	VERB		vertreten		8.400e-05	3	0.556	0.000e+00	8.400e-05	0.000e+00
konud	NOUN	cloud	wolke	nube|nubes	8.399e-05	3	0.442	3.914e-05	1.751e-05	2.733e-05
dikul	ADJ	ridiculous	lächerlich	ridículo	8.394e-05	3	0.468	3.227e-05	2.970e-05	2.197e-05
dosen	ADV	outdoors	draußen		8.394e-05	3	0.550	5.725e-06	7.821e-05	0.000e+00
linik	NOUN	clinic	klinik	clínica	8.384e-05	3	0.833	2.496e-05	4.092e-05	1.795e-05
pates	NOUN	patience	geduld	paciencia	8.381e-05	3	0.492	3.779e-05	2.106e-05	2.495e-05
retal	ADV		erstmal		8.378e-05	3	0.571	0.000e+00	8.378e-05	0.000e+00
mehin	ADV		immerhin		8.378e-05	3	0.714	0.000e+00	8.378e-05	0.000e+00
balos	ADV		bloß		8.378e-05	3	0.800	0.000e+00	8.378e-05	0.000e+00
baden	ADJ		baden		8.378e-05	3	1.000	0.000e+00	8.378e-05	0.000e+00
soten	ADJ	southern		meridional|sureño	8.377e-05	3	0.676	7.723e-05	0.000e+00	6.542e-06
serag	ADJ	strict	streng	estricto	8.375e-05	3	0.423	1.897e-05	4.955e-05	1.522e-05
meres	VERB	memorize	merken		8.369e-05	3	0.665	1.339e-06	8.236e-05	0.000e+00
lanag	ADP		lang		8.367e-05	3	0.800	0.000e+00	8.367e-05	0.000e+00
ganik	ADJ	organic	ökologisch|organisch	orgánico	8.367e-05	3	0.569	2.801e-05	3.103e-05	2.463e-05
nivel	ADJ	universal	universell	universal	8.362e-05	3	0.556	3.448e-05	6.294e-06	4.284e-05
peron	NOUN	personnel	personal		8.346e-05	3	0.625	4.051e-05	4.295e-05	0.000e+00
bosaf	NOUN	embassy	botschaft	embajada	8.341e-05	3	0.492	1.664e-05	4.338e-05	2.339e-05
rosin	NOUN	provision	bestimmung|provision	provisión	8.322e-05	3	0.457	3.013e-05	4.279e-05	1.030e-05
terop	NOUN	troops		tropa	8.321e-05	3	0.653	4.064e-05	0.000e+00	4.257e-05
gurab	NOUN	grave	grab	tumba	8.319e-05	3	0.620	2.778e-05	3.184e-05	2.357e-05
belen	VERB		abschließen		8.306e-05	3	0.444	0.000e+00	8.306e-05	0.000e+00
ratin	NOUN	rating	wertung	clasificación	8.301e-05	3	0.546	4.234e-05	1.251e-05	2.816e-05
nital	ADJ	initial		inicial	8.293e-05	3	0.646	4.329e-05	0.000e+00	3.965e-05
kakul	VERB	calculate	berechnen|errechnen	calcular	8.293e-05	3	0.424	2.648e-05	3.347e-05	2.298e-05
digod	INTJ	god		dios	8.291e-05	3	0.600	4.613e-05	0.000e+00	3.678e-05
rudak	ADJ		grundsätzlich		8.287e-05	3	0.417	0.000e+00	8.287e-05	0.000e+00
lenis	ADJ	silent	leise	silencioso	8.287e-05	3	0.594	3.147e-05	4.162e-05	9.772e-06
rases	NOUN	premise	voraussetzung	premisa	8.285e-05	3	0.389	1.909e-05	5.561e-05	8.141e-06
moner	VERB	impose	verhängen|auferlegen	imponer	8.274e-05	3	0.526	1.261e-05	1.325e-05	5.688e-05
donam	VERB	dream	träumen	soñar	8.272e-05	3	0.505	3.926e-05	1.722e-05	2.624e-05
nidad	NOUN	entity		entidad	8.270e-05	3	0.497	2.514e-05	0.000e+00	5.756e-05
sited	ADJ	excited	aufgeregt	emocionado|entusiasmado	8.270e-05	3	0.503	4.859e-05	1.917e-05	1.493e-05
motil	ADJ	emotional	emotional	emotivo	8.265e-05	3	0.564	5.100e-05	2.525e-05	6.397e-06
kobat	NOUN	tie	unentschieden|krawatte	empate|corbata	8.256e-05	3	0.282	4.760e-05	1.594e-05	1.902e-05
rofen	VERB		eröffnen		8.252e-05	3	0.714	0.000e+00	8.252e-05	0.000e+00
bulam	VERB	blame	beschuldigen	culpar	8.250e-05	3	0.679	5.624e-05	1.048e-05	1.578e-05
kores	NOUN	controversy	auseinandersetzung|polemik|kontroverse	polémica	8.248e-05	3	0.292	2.031e-05	4.614e-05	1.603e-05
heben	VERB	elevate	erheben		8.234e-05	3	0.617	1.462e-05	6.772e-05	0.000e+00
gobal	VERB	google			8.234e-05	3	0.600	8.234e-05	0.000e+00	0.000e+00
tabil	ADJ	stable	stabil	estable	8.228e-05	3	0.673	2.247e-05	3.585e-05	2.397e-05
kelet	NOUN	client	auftraggeber|client		8.227e-05	3	0.469	7.020e-05	1.207e-05	0.000e+00
baveb	NOUN	web	web		8.219e-05	3	0.600	6.138e-05	2.081e-05	0.000e+00
komat	NOUN	combat	bekämpfung	combate	8.218e-05	3	0.738	3.038e-05	1.242e-05	3.937e-05
renar	NOUN	scenario		escenario	8.213e-05	3	0.709	2.577e-05	0.000e+00	5.636e-05
bekat	ADP		bekannt		8.210e-05	3	0.833	0.000e+00	8.210e-05	0.000e+00
goben	VERB	govern	regieren	gobernar	8.206e-05	3	0.561	1.662e-05	2.382e-05	4.163e-05
kipan	VERB	clean	aufräumen	limpiar	8.195e-05	3	0.494	4.281e-05	9.387e-06	2.975e-05
tenad	VERB	tend	neigen		8.192e-05	3	0.667	6.469e-05	1.723e-05	0.000e+00
pabel	NOUN	grandfather	opa	abuelo	8.183e-05	3	0.365	1.942e-05	1.917e-05	4.324e-05
dedit	VERB	edit	bearbeiten	editar	8.179e-05	3	0.543	2.878e-05	2.564e-05	2.737e-05
vigen	VERB	compel	zwingen		8.169e-05	3	0.661	7.990e-06	7.370e-05	0.000e+00
velen	NOUN	violation	verletzung	infracción	8.169e-05	3	0.393	2.664e-05	4.437e-05	1.068e-05
lamad	ADJ			llamado	8.166e-05	3	1.000	0.000e+00	0.000e+00	8.166e-05
parel	NOUN	unemployment	arbeitslosigkeit	paro|desempleo	8.163e-05	3	0.372	1.853e-05	1.361e-05	4.950e-05
keris	NOUN	actress	schauspielerin	actriz	8.158e-05	3	0.486	3.492e-05	2.143e-05	2.523e-05
ketur	NOUN	architecture	architektur	arquitectura	8.153e-05	3	0.500	2.935e-05	2.604e-05	2.614e-05
laton	NOUN	relation	relation		8.150e-05	3	0.625	7.499e-05	6.508e-06	0.000e+00
nened	NOUN	surroundings	umfeld	entorno	8.148e-05	3	0.246	6.886e-06	3.815e-05	3.645e-05
runin	VERB	ruin	ruinieren	arruinar	8.147e-05	3	0.703	5.688e-05	9.454e-06	1.513e-05
talik	ADJ		staatlich		8.144e-05	3	0.625	0.000e+00	8.144e-05	0.000e+00
funad	VERB	fund	finanzieren		8.134e-05	3	0.540	4.126e-05	4.008e-05	0.000e+00
ponil	NOUN	potential	potenzial	potencial	8.129e-05	3	0.556	3.794e-05	1.367e-05	2.967e-05
melik	ADJ	humane	menschlich		8.128e-05	3	0.673	4.654e-06	7.663e-05	0.000e+00
sekas	ADJ	sexy	sexy	sexy|sensual	8.116e-05	3	0.777	2.935e-05	3.112e-05	2.069e-05
derul	NOUN	delay	verspätung|verzögerung	retraso|demora	8.109e-05	3	0.435	3.400e-05	2.705e-05	2.004e-05
liget	ADV	slightly		ligeramente|levemente	8.109e-05	3	0.549	6.272e-05	0.000e+00	1.837e-05
pakin	NOUN	parking	parkplatz	estacionamiento|aparcamiento	8.104e-05	3	0.473	3.216e-05	3.342e-05	1.547e-05
namiv	ADJ	native	heimisch	nativo	8.101e-05	3	0.677	4.101e-05	2.128e-05	1.872e-05
sikan	ADJ	fancy	schick|schicken		8.097e-05	3	0.534	1.923e-05	6.174e-05	0.000e+00
kosok	NOUN	shock	schock|stoß	choque|shock|conmoción	8.080e-05	3	0.575	3.214e-05	2.034e-05	2.832e-05
raler	NOUN	era	zeitalter|ära		8.079e-05	3	0.408	5.404e-05	2.675e-05	0.000e+00
kolon	NOUN	colony	kolonie	colonia	8.077e-05	3	1.000	2.445e-05	1.395e-05	4.237e-05
seniv	ADJ	extensive	umfassend	extenso|extensivo	8.077e-05	3	0.399	3.448e-05	2.124e-05	2.505e-05
takom	NOUN	take		toma	8.075e-05	3	0.600	2.523e-05	0.000e+00	5.552e-05
karem	NOUN	cream	sahne|creme	crema|nata	8.075e-05	3	0.601	4.654e-05	1.484e-05	1.937e-05
maten	NOUN	maintenance	unterhalt|instandhaltung	mantenimiento|manutención	8.074e-05	3	0.430	3.962e-05	1.148e-05	2.964e-05
denid	NOUN	id	identifikation|personalausweis	identificación	8.073e-05	3	0.350	4.798e-05	8.404e-06	2.435e-05
letel	ADV	ultimately	letztlich		8.072e-05	3	0.471	4.151e-05	3.920e-05	0.000e+00
miser	NOUN	mystery	rätsel	misterio	8.071e-05	3	0.725	3.746e-05	1.751e-05	2.573e-05
horor	NOUN	horror	horror|schrecken|entsetzen|horrorfilm	horror|espanto	8.070e-05	3	0.794	3.371e-05	2.643e-05	2.056e-05
volar	VERB	violate	verstoßen	violar	8.068e-05	3	0.568	2.479e-05	2.831e-05	2.759e-05
migan	NOUN	immigrant	einwanderer|zuwanderer	inmigrante	8.064e-05	3	0.528	3.839e-05	1.569e-05	2.657e-05
kolid	ADJ	complicated	kompliziert	complicado	8.063e-05	3	0.489	3.292e-05	1.048e-05	3.722e-05
kasar	VERB			causar	8.057e-05	3	0.833	0.000e+00	0.000e+00	8.057e-05
kanut	PRON			cuánto	8.049e-05	3	0.600	0.000e+00	0.000e+00	8.049e-05
reris	NOUN	rice	reis	arroz	8.048e-05	3	0.580	3.962e-05	1.633e-05	2.454e-05
komid	NOUN	comedy	komödie|comedy	comedia	8.045e-05	3	0.800	3.616e-05	2.387e-05	2.043e-05
koper	VERB	compete	konkurrieren	competir	8.039e-05	3	0.638	4.948e-05	3.931e-06	2.698e-05
minor	NOUN	minority	minderheit	minoría	8.039e-05	3	0.700	3.909e-05	2.161e-05	1.969e-05
ranon	NOUN	transition	übergang	transición	8.038e-05	3	0.430	3.214e-05	2.258e-05	2.567e-05
volin	NOUN	evolution	evolution	evolución	8.037e-05	3	0.556	2.868e-05	1.130e-05	4.039e-05
pefik	ADV	specifically		específicamente|concretamente	8.030e-05	3	0.412	4.988e-05	0.000e+00	3.042e-05
komek	NOUN	complex	komplex|komplexe	complejo	8.029e-05	3	0.602	3.147e-05	1.392e-05	3.490e-05
honet	ADV	honestly		sinceramente|honestamente	8.025e-05	3	0.594	5.468e-05	0.000e+00	2.557e-05
gisan	NOUN	legislation	gesetzgebung	legislación	8.023e-05	3	0.434	3.962e-05	7.999e-06	3.261e-05
penin	NOUN	representation		representación	8.019e-05	3	0.357	2.966e-05	0.000e+00	5.052e-05
varan	NOUN	variant	variante	variante	8.016e-05	3	0.714	1.232e-05	5.538e-05	1.246e-05
melos	NOUN	mess	chaos	desorden|lío	8.014e-05	3	0.446	3.460e-05	2.651e-05	1.904e-05
ladut	ADJ	loud	laut|lauter	ruidoso	8.012e-05	3	0.595	2.064e-05	5.427e-05	5.215e-06
gerit	NOUN	cry	schrei	grito	8.011e-05	3	0.478	1.550e-05	2.746e-05	3.714e-05
timun	NOUN	consent	zustimmung|einverständnis|einwilligung	consentimiento	8.007e-05	3	0.381	1.533e-05	4.903e-05	1.571e-05
damen	ADV	damn			8.007e-05	3	0.800	8.007e-05	0.000e+00	0.000e+00
lokal	NOUN	local	lokal	local	8.004e-05	3	1.000	1.116e-05	1.091e-05	5.797e-05
sobut	ADV	south			8.003e-05	3	0.800	8.003e-05	0.000e+00	0.000e+00
lalen	NOUN		italien		7.999e-05	3	0.571	0.000e+00	7.999e-05	0.000e+00
gabeg	NOUN		ag		7.999e-05	3	0.400	0.000e+00	7.999e-05	0.000e+00
satin	NOUN	compensation	ausgleich|entschädigung|schadenersatz	compensación|indemnización	7.999e-05	3	0.337	2.388e-05	3.458e-05	2.152e-05
fomal	ADJ	formal	formal|formell	formal	7.993e-05	3	0.819	3.147e-05	2.126e-05	2.720e-05
deker	ADJ	delicious	lecker	delicioso	7.987e-05	3	0.485	2.447e-05	3.536e-05	2.004e-05
rerak	VERB	restrict	beschränken|einschränken	restringir	7.983e-05	3	0.416	2.227e-05	5.139e-05	6.171e-06
sasit	ADJ	east	östlich		7.981e-05	3	0.518	5.536e-05	2.445e-05	0.000e+00
tivit	NOUN	activist	aktivist	militante|activista	7.977e-05	3	0.556	3.013e-05	1.445e-05	3.519e-05
rerit	VERB	rewrite	umschreiben		7.977e-05	3	0.816	7.745e-05	2.316e-06	0.000e+00
leber	DET		selber		7.974e-05	3	0.667	0.000e+00	7.974e-05	0.000e+00
neros	ADJ	nervous	nervös|nerven	nervioso	7.973e-05	3	0.724	2.935e-05	2.013e-05	3.025e-05
memal	NOUN	memorial	denkmal|gedenkstätte	monumento|memorial	7.963e-05	3	0.454	2.049e-05	2.522e-05	3.392e-05
sekar	ADJ	square		cuadrado	7.962e-05	3	0.626	5.859e-05	0.000e+00	2.104e-05
duser	NOUN	shower	dusche|duschen	ducha	7.961e-05	3	0.515	3.244e-05	3.266e-05	1.451e-05
kemen	NOUN	experiment	experiment	experimento	7.953e-05	3	0.455	3.102e-05	2.712e-05	2.138e-05
sumak	VERB	smoke	rauchen	fumar	7.944e-05	3	0.487	3.142e-05	2.069e-05	2.733e-05
segen	VERB	assign	zuordnen	ceder	7.940e-05	3	0.452	3.457e-05	2.137e-05	2.346e-05
regad	VERB	regard			7.936e-05	3	0.833	7.936e-05	0.000e+00	0.000e+00
diker	NOUN	discovery	entdeckung	descubrimiento	7.928e-05	3	0.415	3.746e-05	1.813e-05	2.369e-05
bevan	NOUN	observation	beobachtung	observación	7.926e-05	3	0.438	2.678e-05	2.404e-05	2.843e-05
valid	ADJ	valid	gültig	válido	7.924e-05	3	0.752	2.678e-05	2.953e-05	2.292e-05
pafik	ADJ	pacific		pacífico	7.923e-05	3	0.714	4.341e-05	0.000e+00	3.581e-05
vemul	ADV	presumably	vermutlich		7.918e-05	3	0.520	1.283e-05	6.634e-05	0.000e+00
vorad	NOUN	sword	schwert|degen	espada	7.915e-05	3	0.425	3.253e-05	1.936e-05	2.727e-05
nadon	PRON	none			7.914e-05	3	0.600	7.914e-05	0.000e+00	0.000e+00
porat	ADJ	corporate		empresarial|corporativo	7.911e-05	3	0.515	4.877e-05	0.000e+00	3.034e-05
kurat	NOUN	courage	mut	coraje	7.909e-05	3	0.516	2.332e-05	4.106e-05	1.471e-05
huget	NOUN	toy	spielzeug	juguete	7.908e-05	3	0.372	4.218e-05	1.787e-05	1.903e-05
dirut	ADJ	dirty	dreckig	sucio	7.906e-05	3	0.502	4.006e-05	5.928e-06	3.307e-05
pereh	VERB	perceive	wahrnehmen	percibir	7.904e-05	3	0.400	2.375e-05	3.626e-05	1.903e-05
potur	NOUN	posture	haltung	postura	7.903e-05	3	0.556	5.602e-06	4.009e-05	3.334e-05
sugek	VERB	suck	saugen	chupar	7.895e-05	3	0.584	6.421e-05	9.858e-06	4.878e-06
sosen	VERB	sustain	aufrechterhalten	sostener	7.894e-05	3	0.554	1.036e-05	7.194e-06	6.138e-05
vines	NOUN			viernes	7.892e-05	3	0.714	0.000e+00	0.000e+00	7.892e-05
mated	ADJ	mad	wütend		7.889e-05	3	0.578	6.138e-05	1.751e-05	0.000e+00
vuter	NOUN	anger	wut	ira|cólera|enfado	7.885e-05	3	0.385	2.446e-05	2.260e-05	3.179e-05
gagan	NOUN	organ	orgel|organ	órgano	7.876e-05	3	0.536	1.116e-05	2.307e-05	4.453e-05
topen	VERB	halt	stoppen|aufhalten		7.874e-05	3	0.532	3.694e-06	7.505e-05	0.000e+00
palus	CCONJ	plus			7.872e-05	3	0.800	7.872e-05	0.000e+00	0.000e+00
torag	NOUN	storage	speicher	almacén|almacenamiento	7.867e-05	3	0.477	4.151e-05	1.201e-05	2.515e-05
rekod	VERB	recode			7.857e-05	3	1.000	7.857e-05	0.000e+00	0.000e+00
rigal	ADV	originally		originalmente	7.854e-05	3	0.562	5.468e-05	0.000e+00	2.386e-05
dadut	ADJ	adult	erwachsen|erwachsener	adulto	7.845e-05	3	0.392	2.113e-05	3.396e-05	2.336e-05
suras	VERB	surprise	überraschen		7.841e-05	3	0.475	3.997e-05	3.844e-05	0.000e+00
redun	NOUN	reduction	reduktion|kürzung|verringerung	reducción	7.832e-05	3	0.527	3.211e-05	1.689e-05	2.932e-05
daler	NOUN	dealer	händler	comerciante	7.829e-05	3	0.573	2.868e-05	2.962e-05	1.999e-05
katel	NOUN	poster	plakat	cartel	7.825e-05	3	0.534	2.820e-05	1.396e-05	3.608e-05
besel	VERB		bestellen		7.824e-05	3	0.625	0.000e+00	7.824e-05	0.000e+00
nusal	ADJ	unusual	ungewöhnlich	inusual	7.823e-05	3	0.456	3.147e-05	3.788e-05	8.886e-06
barab	ADJ	arab	arabisch	árabe	7.821e-05	3	0.689	2.734e-05	2.900e-05	2.186e-05
linek	VERB	link	verlinken	enlazar	7.817e-05	3	0.747	7.028e-05	3.408e-06	4.477e-06
loger	NOUN	achievement	verwirklichung	logro	7.811e-05	3	0.421	3.839e-05	3.739e-06	3.598e-05
vanar	VERB	advance		avanzar	7.811e-05	3	0.601	2.332e-05	0.000e+00	5.479e-05
savim	VERB	swim	schwimmen	nadar	7.810e-05	3	0.639	4.304e-05	2.816e-05	6.899e-06
sinar	VERB	assassinate	ermorden	asesinar	7.809e-05	3	0.461	4.497e-06	2.442e-05	4.917e-05
geban	VERB		gebären		7.806e-05	3	0.714	0.000e+00	7.806e-05	0.000e+00
panol	NOUN	pole	pol|stange|pole	polo	7.805e-05	3	0.543	2.744e-05	3.539e-05	1.522e-05
ronat	ADJ	front		frontal	7.798e-05	3	0.597	7.043e-05	0.000e+00	7.544e-06
dades	VERB	address			7.796e-05	3	0.600	7.796e-05	0.000e+00	0.000e+00
kosek	NOUN	check	scheck	cheque|comprobación	7.794e-05	3	0.583	5.970e-05	3.917e-06	1.432e-05
maber	VERB	matter			7.793e-05	3	0.800	7.793e-05	0.000e+00	0.000e+00
bador	NOUN	ambassador	botschafter	embajador|embajadora	7.788e-05	3	0.501	2.896e-05	1.917e-05	2.975e-05
rapin	NOUN	rape	vergewaltigung	violación	7.784e-05	3	0.441	3.370e-05	1.242e-05	3.171e-05
golaf	NOUN	golf	golf	golf	7.783e-05	3	0.800	4.051e-05	2.589e-05	1.143e-05
pokel	NOUN	pocket		bolsillo	7.781e-05	3	0.616	4.709e-05	0.000e+00	3.071e-05
lasir	NOUN	classic	klassiker|klassik	clásico	7.779e-05	3	0.654	2.839e-05	3.299e-05	1.641e-05
petar	VERB	pray	beten	rezar|orar	7.777e-05	3	0.437	4.414e-05	1.603e-05	1.760e-05
defat	NOUN	default	vorgabe	defecto|incumplimiento	7.769e-05	3	0.500	2.341e-05	2.007e-05	3.421e-05
risik	NOUN	hazard	risiko		7.765e-05	3	0.948	4.877e-06	7.277e-05	0.000e+00
gilit	ADJ	guilty	schuldig	culpable	7.763e-05	3	0.491	3.533e-05	2.012e-05	2.219e-05
demik	ADJ	academic		académico	7.760e-05	3	0.625	3.944e-05	0.000e+00	3.816e-05
kapas	NOUN	capacity	kapazität		7.760e-05	3	0.679	6.032e-05	1.728e-05	0.000e+00
defet	VERB	defeat	besiegen		7.753e-05	3	0.636	5.134e-05	2.620e-05	0.000e+00
ragik	ADJ	strategic	strategisch	estratégico	7.747e-05	3	0.504	3.002e-05	2.451e-05	2.294e-05
lanel	NOUN	angle	winkel|blickwinkel	ángulo	7.746e-05	3	0.518	3.564e-05	2.461e-05	1.721e-05
palol	NOUN			español	7.740e-05	3	0.571	0.000e+00	0.000e+00	7.740e-05
piros	ADJ	pink	rosa	rosa	7.738e-05	3	0.505	3.694e-05	2.769e-05	1.275e-05
ribod	PRON	everybody			7.734e-05	3	0.625	7.734e-05	0.000e+00	0.000e+00
lerut	NOUN	alert	warnung|ausschreibung	alerta	7.733e-05	3	0.465	2.495e-05	3.052e-05	2.187e-05
mesin	NOUN	dimension	dimension|abmessung	dimensión	7.731e-05	3	0.553	2.422e-05	2.248e-05	3.062e-05
latim	NOUN	last		último	7.730e-05	3	0.594	2.263e-06	0.000e+00	7.504e-05
detas	ADV			detrás	7.730e-05	3	0.833	0.000e+00	0.000e+00	7.730e-05
keter	ADJ	external		externo	7.723e-05	3	0.511	3.694e-05	0.000e+00	4.029e-05
karat	NOUN	chat	chat	charla|chat	7.723e-05	3	0.600	1.299e-05	3.390e-05	3.034e-05
kotap	NOUN	cap	sockel	tapa|gorra	7.722e-05	3	0.547	4.965e-05	4.295e-06	2.328e-05
dener	NOUN	designer	designer	diseñador|diseñadora	7.715e-05	3	0.581	4.185e-05	1.637e-05	1.894e-05
hesus	INTJ			jesús	7.713e-05	3	1.000	0.000e+00	0.000e+00	7.713e-05
pinur	NOUN	paint	malen	pintura	7.713e-05	3	0.606	1.847e-05	1.145e-05	4.721e-05
rekon	NOUN	restriction	einschränkung	restricción	7.709e-05	3	0.390	2.918e-05	2.745e-05	2.046e-05
kumen	VERB		kümmern		7.707e-05	3	0.833	0.000e+00	7.707e-05	0.000e+00
latik	NOUN	plastic	plastik|kunststoff	plástico	7.706e-05	3	0.642	3.301e-05	2.336e-05	2.069e-05
volun	NOUN	volunteer	freiwillige|freiwillig	voluntario	7.703e-05	3	0.473	3.775e-05	2.250e-05	1.677e-05
keder	VERB	access		acceder	7.698e-05	3	0.539	2.623e-05	0.000e+00	5.074e-05
babel	ADJ			bello	7.696e-05	3	0.600	0.000e+00	0.000e+00	7.696e-05
varir	VERB	vary	variieren	variar	7.694e-05	3	0.656	4.531e-05	1.111e-05	2.052e-05
resas	NOUN	replacement	ersatz	sustitución|reemplazo	7.680e-05	3	0.400	3.069e-05	2.664e-05	1.947e-05
logik	ADJ	logical	logisch|schlüssig	lógico	7.673e-05	3	0.842	1.540e-05	2.971e-05	3.162e-05
madur	ADJ	mature	reif	maduro	7.671e-05	3	0.739	1.421e-05	1.721e-05	4.529e-05
rekor	NOUN	recovery	erholung	recuperación	7.671e-05	3	0.514	4.241e-05	1.104e-05	2.326e-05
sodut	ADJ	south	südlich	sur	7.664e-05	3	0.608	4.446e-05	2.813e-05	4.049e-06
bedin	NOUN	constraint	bedingung		7.662e-05	3	0.513	9.173e-06	6.745e-05	0.000e+00
labet	NOUN	label	label	etiqueta	7.660e-05	3	0.639	3.494e-05	1.522e-05	2.644e-05
matus	NOUN	mouse	maus|mäuse	ratón	7.657e-05	3	0.640	3.649e-05	2.777e-05	1.231e-05
sekod	ADV	second			7.654e-05	3	0.833	7.654e-05	0.000e+00	0.000e+00
hiren	NOUN	iron	eisen	hierro	7.651e-05	3	0.600	3.023e-05	1.562e-05	3.066e-05
heras	ADP		heraus		7.650e-05	3	0.833	0.000e+00	7.650e-05	0.000e+00
horil	ADJ	awful	schrecklich	horrible	7.645e-05	3	0.517	3.214e-05	5.538e-06	3.878e-05
susav	ADV		usw		7.644e-05	3	0.600	0.000e+00	7.644e-05	0.000e+00
kekas	NOUN		ex		7.644e-05	3	0.600	0.000e+00	7.644e-05	0.000e+00
konum	VERB	consume	verbrauchen|konsumieren	consumir	7.642e-05	3	0.614	2.902e-05	1.547e-05	3.194e-05
derek	NOUN	copyright	copyright|urheberrecht	derechos	7.638e-05	3	0.454	2.048e-05	1.618e-05	3.972e-05
terob	NOUN	theft	diebstahl	robo	7.638e-05	3	0.447	1.507e-05	1.776e-05	4.356e-05
denen	VERB	ponder	nachdenken	reflexionar	7.632e-05	3	0.484	2.500e-06	5.768e-05	1.613e-05
botom	NOUN	bottom	unterseite		7.626e-05	3	0.937	7.085e-05	5.408e-06	0.000e+00
roten	NOUN	protein	protein|proteine	proteína	7.625e-05	3	0.714	5.189e-05	1.027e-05	1.408e-05
nariv	NOUN	navy	marine	marina	7.625e-05	3	0.600	4.151e-05	1.451e-05	2.022e-05
pures	VERB	pursue		perseguir	7.621e-05	3	0.593	3.918e-05	0.000e+00	3.703e-05
musul	NOUN	muscle	muskel	músculo	7.620e-05	3	0.782	4.609e-05	1.420e-05	1.591e-05
poral	NOUN	portal	portal	portal	7.619e-05	3	0.833	1.116e-05	3.247e-05	3.256e-05
gesaf	NOUN	ceo	geschäftsführer|ceo	ceo	7.616e-05	3	0.270	3.487e-05	3.582e-05	5.467e-06
ferat	NOUN	fat	fett	grasa|gordo	7.616e-05	3	0.482	1.171e-05	3.183e-05	3.262e-05
dabon	NOUN			doña	7.614e-05	3	0.600	0.000e+00	0.000e+00	7.614e-05
perin	NOUN	operating	betriebssystem|betriebskosten	funcionamiento	7.612e-05	3	0.328	2.962e-05	1.509e-05	3.141e-05
ruper	ADJ	upper	obere		7.607e-05	3	0.708	5.859e-05	1.748e-05	0.000e+00
monir	VERB	monitor	überwachen	supervisar|monitorear	7.603e-05	3	0.487	4.868e-05	1.970e-05	7.657e-06
dirin	ADV		drin		7.599e-05	3	0.800	0.000e+00	7.599e-05	0.000e+00
puban	ADJ	republican		republicano	7.597e-05	3	0.500	5.591e-05	0.000e+00	2.006e-05
fisil	ADJ	artificial	künstlich	artificial	7.595e-05	3	0.387	1.942e-05	3.429e-05	2.224e-05
denig	DET		derjenige		7.581e-05	3	0.625	0.000e+00	7.581e-05	0.000e+00
vemal	ADJ	weekly	wöchentlich	semanal	7.578e-05	3	0.529	3.884e-05	1.822e-05	1.872e-05
rabat	NOUN			rato	7.577e-05	3	0.600	0.000e+00	0.000e+00	7.577e-05
naton	NOUN	tone		tono	7.576e-05	3	0.600	3.448e-05	0.000e+00	4.128e-05
pedin	ADJ	outstanding		pendiente	7.572e-05	3	0.441	3.962e-05	0.000e+00	3.610e-05
remon	NOUN	removal	entfernung	eliminación|remoción	7.570e-05	3	0.352	2.500e-05	3.073e-05	1.997e-05
durad	NOUN	jury	jury	jurado	7.565e-05	3	0.626	3.448e-05	1.562e-05	2.554e-05
moler	VERB	annoy	ärgern	molestar	7.561e-05	3	0.455	1.081e-05	2.103e-05	4.377e-05
fikin	NOUN	fiction	erfindung|fiktion	ficción	7.560e-05	3	0.630	3.069e-05	2.105e-05	2.386e-05
komun	VERB	communicate	kommunizieren	comunicar	7.556e-05	3	0.527	2.799e-05	1.534e-05	3.224e-05
negat	VERB	negotiate	verhandeln|aushandeln	negociar	7.549e-05	3	0.423	2.287e-05	2.740e-05	2.522e-05
lotal	ADV	totally			7.544e-05	3	0.800	7.544e-05	0.000e+00	0.000e+00
matom	NOUN	tom			7.544e-05	3	0.600	7.544e-05	0.000e+00	0.000e+00
derir	VERB	decrease	verringern	disminuir	7.543e-05	3	0.390	2.146e-05	2.002e-05	3.395e-05
temor	ADJ	temporary	vorübergehend|zeitweilig	temporal	7.536e-05	3	0.555	3.370e-05	1.055e-05	3.110e-05
mofer	NOUN	atmosphere	atmosphäre	atmósfera	7.534e-05	3	0.576	3.214e-05	2.970e-05	1.350e-05
maren	NOUN	margin	spielraum|marge	margen	7.522e-05	3	0.677	2.848e-05	1.208e-05	3.466e-05
daker	ADJ	grateful	dankbar	agradecido	7.515e-05	3	0.383	2.500e-05	3.254e-05	1.762e-05
felis	NOUN	happiness	zufriedenheit	felicidad	7.515e-05	3	0.409	3.069e-05	8.378e-06	3.608e-05
huner	NOUN	hunter	jäger	cazador	7.511e-05	3	0.569	3.583e-05	2.840e-05	1.088e-05
tarib	NOUN	tribe	stamm	tribu	7.505e-05	3	0.592	2.667e-05	2.606e-05	2.232e-05
falov	NOUN	flow	strömung	flujo|caudal	7.502e-05	3	0.502	3.263e-05	1.202e-05	3.037e-05
nefar	ADJ	approximate	ungefähr|annähern|annähernd	aproximado	7.500e-05	3	0.474	4.877e-06	6.272e-05	7.399e-06
kalad	NOUN	equality	gleichberechtigung|chancengleichheit	igualdad	7.492e-05	3	0.446	2.031e-05	1.018e-05	4.443e-05
donat	VERB	donate	spenden|stiften	donar	7.489e-05	3	0.596	2.945e-05	3.218e-05	1.326e-05
notig	NOUN	notice	mitteilung|bekanntmachung		7.487e-05	3	0.604	4.493e-05	2.994e-05	0.000e+00
nanen	ADJ		nennen		7.485e-05	3	0.800	0.000e+00	7.485e-05	0.000e+00
veler	NOUN	developer	entwickler	promotor|desarrollador	7.479e-05	3	0.435	3.616e-05	2.098e-05	1.765e-05
regal	ADV	regardless	egal	independientemente	7.479e-05	3	0.507	3.370e-05	2.260e-05	1.849e-05
boval	NOUN	bowl	schale|schüssel		7.476e-05	3	0.668	5.392e-05	2.084e-05	0.000e+00
limen	NOUN	feed		alimento	7.474e-05	3	0.638	1.103e-05	0.000e+00	6.372e-05
gusen	VERB	greet	begrüßen|grüßen	saludar	7.471e-05	3	0.487	1.109e-05	4.571e-05	1.791e-05
nirag	NOUN	inquiry	anfrage		7.468e-05	3	0.494	2.758e-05	4.709e-05	0.000e+00
dahin	ADV		dahin		7.466e-05	3	1.000	0.000e+00	7.466e-05	0.000e+00
fedik	NOUN		friedrich		7.466e-05	3	0.625	0.000e+00	7.466e-05	0.000e+00
muler	NOUN		müller		7.466e-05	3	1.000	0.000e+00	7.466e-05	0.000e+00
loral	ADJ	loyal	treu|loyal	leal	7.463e-05	3	0.465	1.763e-05	3.979e-05	1.721e-05
sekes	NOUN	sequence	ablauf|sequenz	secuencia	7.460e-05	3	0.502	2.665e-05	3.362e-05	1.433e-05
reges	NOUN	comeback	comeback	regreso	7.459e-05	3	0.618	1.250e-05	1.079e-05	5.130e-05
gagag	VERB	engage			7.455e-05	3	0.600	7.455e-05	0.000e+00	0.000e+00
debas	NOUN		deutsch		7.440e-05	3	0.600	0.000e+00	7.440e-05	0.000e+00
gitar	NOUN	guitar	gitarre	guitarra	7.436e-05	3	1.000	3.370e-05	1.917e-05	2.149e-05
delik	ADJ	neat	ordentlich		7.430e-05	3	0.503	1.090e-05	6.340e-05	0.000e+00
fidig	NOUN	finding	finden	hallazgo	7.429e-05	3	0.605	5.681e-05	4.340e-06	1.314e-05
pekup	VERB			preocupar	7.429e-05	3	0.556	0.000e+00	0.000e+00	7.429e-05
diren	VERB	disrupt	stören	perturbar	7.426e-05	3	0.486	6.283e-06	6.648e-05	1.504e-06
refen	NOUN	reflection	reflexion	reflexión|reflejo	7.424e-05	3	0.537	1.652e-05	6.543e-06	5.118e-05
saber	NOUN	know		saber	7.424e-05	3	0.964	2.661e-06	0.000e+00	7.158e-05
tilad	NOUN	thread	faden	hilo	7.421e-05	3	0.467	3.859e-05	6.804e-06	2.882e-05
kaker	NOUN	maker	macher|schöpfer	creador	7.417e-05	3	0.629	3.515e-05	1.274e-05	2.627e-05
beton	VERB	emphasize	betonen	enfatizar	7.416e-05	3	0.517	1.712e-05	5.307e-05	3.978e-06
vesat	ADJ	west	west		7.407e-05	3	0.800	7.106e-05	3.010e-06	0.000e+00
porin	NOUN	portion	portion	porción	7.404e-05	3	0.714	4.849e-05	1.224e-05	1.332e-05
kenis	NOUN	insight	erkenntnis		7.400e-05	3	0.414	2.538e-05	4.862e-05	0.000e+00
lutad	NOUN	willingness	bereitschaft	voluntad	7.399e-05	3	0.501	7.377e-06	1.266e-05	5.395e-05
sigal	NOUN	signal	signal		7.398e-05	3	0.833	3.822e-05	3.576e-05	0.000e+00
sabis	VERB	issue			7.395e-05	3	0.400	7.395e-05	0.000e+00	0.000e+00
derun	NOUN	modification	veränderung|modifikation		7.393e-05	3	0.418	6.573e-06	6.736e-05	0.000e+00
noled	VERB	acknowledge	anerkennen		7.388e-05	3	0.398	3.902e-05	3.486e-05	0.000e+00
babad	NOUN			sábado	7.387e-05	3	0.800	0.000e+00	0.000e+00	7.387e-05
pesal	ADV	personally		personalmente	7.382e-05	3	0.534	4.156e-05	0.000e+00	3.227e-05
denal	ADJ	presidential		presidencial	7.382e-05	3	0.417	3.694e-05	0.000e+00	3.688e-05
meden	NOUN	amendment		modificación|enmienda	7.381e-05	3	0.401	3.516e-05	0.000e+00	3.865e-05
heren	VERB	reign	herrschen	reinar	7.370e-05	3	0.691	1.778e-05	5.178e-05	4.139e-06
kalos	ADV	close	nahe		7.369e-05	3	0.743	6.669e-05	6.996e-06	0.000e+00
seram	NOUN	stream		arroyo	7.368e-05	3	0.571	5.853e-05	0.000e+00	1.515e-05
tabev	NOUN			tv	7.366e-05	3	0.400	0.000e+00	0.000e+00	7.366e-05
raven	NOUN	travel	reisen		7.362e-05	3	0.654	6.796e-05	5.668e-06	0.000e+00
fogan	ADJ		folgen		7.361e-05	3	0.667	0.000e+00	7.361e-05	0.000e+00
deruk	ADJ	drunk	betrunken	borracho|ebrio	7.356e-05	3	0.509	3.981e-05	1.491e-05	1.885e-05
gidor	NOUN	follower		seguidor	7.355e-05	3	0.587	2.179e-05	0.000e+00	5.176e-05
piset	NOUN	clue		pista	7.353e-05	3	0.536	2.423e-05	0.000e+00	4.930e-05
roket	ADJ	broken	kaputt	roto	7.353e-05	3	0.485	3.176e-05	2.641e-05	1.535e-05
nesor	NOUN	investor	investor	inversor|inversionista	7.350e-05	3	0.602	3.462e-05	2.343e-05	1.546e-05
poser	ADJ	subsequent		posterior	7.346e-05	3	0.431	2.734e-05	0.000e+00	4.612e-05
temak	NOUN	theme		temática	7.346e-05	3	0.615	6.383e-05	0.000e+00	9.621e-06
kuriv	NOUN	crop	ernte	cultivo	7.343e-05	3	0.492	2.823e-05	1.130e-05	3.390e-05
semed	NOUN	seed		semilla	7.341e-05	3	0.729	4.743e-05	0.000e+00	2.598e-05
darop	NOUN	drop	tropfen	gota	7.335e-05	3	0.541	3.931e-05	1.668e-05	1.736e-05
panel	NOUN	panel	panel	panel	7.324e-05	3	1.000	5.245e-05	3.635e-06	1.716e-05
lokur	NOUN	insanity	wahnsinn	locura	7.317e-05	3	0.513	5.859e-06	2.975e-05	3.756e-05
tatad	NOUN	treaty		tratado	7.316e-05	3	0.665	2.849e-05	0.000e+00	4.467e-05
musim	ADJ	muslim	muslimischen	musulmán	7.316e-05	3	0.738	5.223e-05	8.567e-06	1.236e-05
pabir	NOUN			partir	7.315e-05	3	0.667	0.000e+00	0.000e+00	7.315e-05
somed	PRON	somebody	irgendwer		7.313e-05	3	0.696	7.042e-05	2.710e-06	0.000e+00
moser	NOUN	monster	monster	monstruo	7.312e-05	3	0.702	3.448e-05	1.964e-05	1.900e-05
taged	NOUN	agenda	agenda|tagesordnung	agenda	7.301e-05	3	0.579	2.232e-05	2.381e-05	2.689e-05
korer	ADJ	controversial	umstritten|kontrovers|kontroverse|strittig	polémico|controvertido|controversial	7.299e-05	3	0.330	1.897e-05	3.525e-05	1.877e-05
moton	NOUN	pile	stapel	montón	7.293e-05	3	0.546	1.974e-05	5.408e-06	4.778e-05
dilin	NOUN	discipline	disziplin	disciplina	7.289e-05	3	0.625	2.444e-05	2.332e-05	2.513e-05
dadan	VERB	damage	schaden		7.289e-05	3	0.600	3.304e-05	3.985e-05	0.000e+00
sanor	NOUN	savings	einsparung|ersparnis|sparen	ahorro	7.289e-05	3	0.469	3.069e-05	1.354e-05	2.866e-05
pelik	ADJ	awkward	peinlich|umständlich	incómodo	7.288e-05	3	0.332	2.176e-05	3.647e-05	1.464e-05
kolin	NOUN	coalition	koalition	coalición	7.284e-05	3	0.556	1.897e-05	3.066e-05	2.321e-05
fatun	NOUN	manufacturing	herstellung	fabricación	7.274e-05	3	0.320	2.251e-05	3.254e-05	1.769e-05
tomak	NOUN	stomach	bauch	estómago	7.274e-05	3	0.541	3.072e-05	2.769e-05	1.433e-05
kasat	NOUN	cast	besetzung|gips	reparto|elenco	7.273e-05	3	0.459	3.060e-05	2.349e-05	1.864e-05
nekin	NOUN	interaction	interaktion|wechselwirkung	interacción	7.271e-05	3	0.444	3.794e-05	1.597e-05	1.880e-05
lukuh	NOUN	luxury	luxus	lujo	7.269e-05	3	0.640	2.500e-05	1.834e-05	2.935e-05
haneg	ADJ	dependent	abhängig	dependiente	7.265e-05	3	0.368	2.132e-05	3.911e-05	1.223e-05
runed	ADJ	round	rund	redondo	7.262e-05	3	0.603	4.077e-05	1.871e-05	1.314e-05
gapuk	NOUN	gap	lücke	brecha	7.259e-05	3	0.477	3.869e-05	2.318e-05	1.072e-05
fames	NOUN	fair	messe|jahrmarkt	feria	7.256e-05	3	0.503	2.734e-06	4.179e-05	2.803e-05
fadir	VERB	fire			7.254e-05	3	0.600	7.254e-05	0.000e+00	0.000e+00
sofer	NOUN	shore	ufer	orilla	7.251e-05	3	0.491	3.046e-05	2.223e-05	1.982e-05
ramat	ADJ	dramatic	dramatisch	dramático	7.250e-05	3	0.625	2.868e-05	2.490e-05	1.892e-05
repar	NOUN	repair	reparatur	reparación	7.247e-05	3	0.698	4.074e-05	1.418e-05	1.755e-05
tenis	NOUN	testing	testen	ensayo	7.244e-05	3	0.520	2.984e-05	2.637e-06	3.996e-05
direr	DET			diverso	7.236e-05	3	0.667	0.000e+00	0.000e+00	7.236e-05
fekar	VERB	fear	fürchten		7.226e-05	3	0.528	3.407e-05	3.819e-05	0.000e+00
kabip	NOUN	chip	chip	chip	7.215e-05	3	0.600	4.085e-05	2.061e-05	1.070e-05
minig	NOUN	mining	bergbau	minería|minero	7.215e-05	3	0.673	4.051e-05	6.961e-06	2.468e-05
deron	NOUN	destruction	zerstörung	destrucción	7.210e-05	3	0.439	2.556e-05	2.100e-05	2.555e-05
parim	ADJ	prime			7.209e-05	3	0.800	7.209e-05	0.000e+00	0.000e+00
fuhen	ADJ	lead	führen		7.205e-05	3	0.524	2.672e-05	4.534e-05	0.000e+00
koset	ADJ	consistent	konsequent	consistente|consecuente	7.198e-05	3	0.519	3.370e-05	2.417e-05	1.410e-05
vilig	ADJ	voluntary	freiwillig	voluntario	7.196e-05	3	0.433	1.138e-05	4.313e-05	1.745e-05
penen	VERB	pronounce	aussprechen	pronunciar	7.194e-05	3	0.400	1.100e-05	4.427e-05	1.667e-05
kabon	NOUN	carbon	kohlenstoff	carbón|carbono	7.192e-05	3	0.809	3.991e-05	2.769e-06	2.924e-05
lelef	NUM	eleven	elf	once	7.187e-05	3	0.398	1.473e-05	3.542e-05	2.172e-05
deris	NOUN	jersey	trikot	jersey	7.179e-05	3	0.674	5.100e-05	1.130e-05	9.493e-06
senib	ADJ	sensitive	sensibel	sensible	7.173e-05	3	0.604	3.214e-05	1.125e-05	2.834e-05
fiden	VERB		stattfinden		7.170e-05	3	0.500	0.000e+00	7.170e-05	0.000e+00
fikab	ADJ	fiscal		fiscal	7.164e-05	3	0.667	2.031e-05	0.000e+00	5.133e-05
belok	NOUN	bell	glocke	campana	7.161e-05	3	0.493	4.341e-05	1.542e-05	1.278e-05
kalar	ADP		klar		7.159e-05	3	0.800	0.000e+00	7.159e-05	0.000e+00
labip	NOUN	lip		labio|labios	7.156e-05	3	0.602	4.006e-05	0.000e+00	3.150e-05
labar	NOUN	lab		laboratorio	7.155e-05	3	0.578	3.673e-05	0.000e+00	3.482e-05
bakal	ADV	basically		básicamente	7.151e-05	3	0.609	4.765e-05	0.000e+00	2.386e-05
dikut	NOUN	discount	rabatt	descuento	7.150e-05	3	0.478	2.996e-05	1.776e-05	2.379e-05
kovak	NOUN	cow	kuh	vaca	7.146e-05	3	0.475	2.490e-05	2.241e-05	2.415e-05
nosen	ADJ	innocent	unschuldig	inocente	7.139e-05	3	0.633	3.147e-05	9.845e-06	3.008e-05
dikan	NOUN	medication	medikament	medicamento|medicación	7.136e-05	3	0.500	1.574e-05	2.780e-05	2.782e-05
feran	NOUN		franz		7.135e-05	3	0.600	0.000e+00	7.135e-05	0.000e+00
mider	ADV		miteinander		7.135e-05	3	0.455	0.000e+00	7.135e-05	0.000e+00
satep	VERB	step			7.133e-05	3	0.800	7.133e-05	0.000e+00	0.000e+00
lasat	VERB	last			7.132e-05	3	0.800	7.132e-05	0.000e+00	0.000e+00
satal	ADJ			estatal	7.127e-05	3	0.714	0.000e+00	0.000e+00	7.127e-05
busen	NOUN	absence	abwesenheit	ausencia	7.124e-05	3	0.565	2.444e-05	1.054e-05	3.626e-05
petin	NOUN	petition	petition	petición	7.120e-05	3	0.625	2.532e-05	1.007e-05	3.580e-05
ponab	NOUN			responsable	7.108e-05	3	0.500	0.000e+00	0.000e+00	7.108e-05
kisin	NOUN	acquisition	übernahme	adquisición|captación	7.098e-05	3	0.354	2.033e-05	3.024e-05	2.042e-05
fugal	ADJ	ugly		feo	7.096e-05	3	0.365	2.935e-05	0.000e+00	4.161e-05
madin	NOUN	min	min		7.095e-05	3	0.600	5.870e-06	6.508e-05	0.000e+00
loruk	ADJ	lucky		afortunado	7.089e-05	3	0.581	6.573e-05	0.000e+00	5.154e-06
kulin	NOUN	compliance	erfüllung|einhaltung	cumplimiento	7.085e-05	3	0.396	1.652e-05	2.879e-05	2.555e-05
baret	NOUN	breath	atem|atemzug	aliento|respiro	7.083e-05	3	0.442	3.477e-05	1.760e-05	1.846e-05
resak	NOUN	rescue	rettung	rescate	7.082e-05	3	0.638	2.949e-05	1.787e-05	2.346e-05
semen	NOUN	settlement	siedlung|ansiedlung	asentamiento	7.081e-05	3	0.494	4.356e-05	1.726e-05	9.990e-06
getar	NOUN	gear	ausrüstung	artes|engranaje	7.081e-05	3	0.494	3.736e-05	1.760e-05	1.584e-05
reloh	NOUN	clock	uhrzeit	reloj	7.077e-05	3	0.612	3.002e-05	1.104e-05	2.971e-05
rikol	ADJ	agricultural	landwirtschaftlich	agrícola	7.075e-05	3	0.438	2.444e-05	1.758e-05	2.873e-05
limik	ADJ	olympic		olímpico	7.074e-05	3	0.714	3.448e-05	0.000e+00	3.625e-05
tofut	NOUN	out		fuera	7.068e-05	3	0.468	4.731e-05	0.000e+00	2.337e-05
sipin	NOUN	shipping	versand|schifffahrt|versandkosten	envío	7.058e-05	3	0.415	3.166e-05	1.718e-05	2.174e-05
raran	VERB	arrange	veranlassen|arrangieren		7.056e-05	3	0.507	3.789e-05	3.268e-05	0.000e+00
resir	VERB	dress		vestir	7.056e-05	3	0.502	4.344e-05	0.000e+00	2.712e-05
reror	NOUN	error	irrtum		7.051e-05	3	0.675	5.948e-05	1.103e-05	0.000e+00
netat	NOUN	instant	augenblick	instante	7.045e-05	3	0.319	4.583e-06	3.856e-05	2.731e-05
titig	ADJ	timely	rechtzeitig|pünktlich	oportuno	7.038e-05	3	0.349	7.901e-06	4.944e-05	1.304e-05
robot	NOUN	robot	roboter	robot	7.035e-05	3	0.916	3.032e-05	2.062e-05	1.940e-05
dadin	NOUN	dna	dna|dns	adn	7.034e-05	3	0.428	3.448e-05	2.045e-05	1.541e-05
busit	NOUN	bullshit	quatsch|schwachsinn		7.031e-05	3	0.442	3.292e-05	3.739e-05	0.000e+00
rigil	NOUN	original	original	original	7.025e-05	3	0.625	1.770e-05	4.530e-05	7.247e-06
resep	NOUN	recipe	rezept	receta	7.023e-05	3	0.813	1.897e-05	2.710e-05	2.416e-05
leten	VERB		leiten		7.022e-05	3	0.833	0.000e+00	7.022e-05	0.000e+00
gehen	VERB		ausgehen		7.016e-05	3	0.625	0.000e+00	7.016e-05	0.000e+00
porul	NOUN	pride	stolz	orgullo	7.013e-05	3	0.449	2.586e-05	8.981e-06	3.529e-05
vefar	NOUN	welfare	tierschutz|wohlbefinden|wohlergehen	bienestar	7.012e-05	3	0.520	3.002e-05	1.288e-05	2.723e-05
feluk	NOUN	escape	flucht|entkommen	fuga	7.008e-05	3	0.460	7.700e-06	4.449e-05	1.788e-05
fiher	NOUN	fighter	kämpfer	luchador	7.005e-05	3	0.524	4.140e-05	2.106e-05	7.588e-06
kolan	VERB	complain	beschweren		6.999e-05	3	0.444	4.461e-05	2.539e-05	0.000e+00
sumar	VERB			sumar	6.991e-05	3	1.000	0.000e+00	0.000e+00	6.991e-05
likel	ADV	likely	wahrscheinlich		6.986e-05	3	0.917	6.276e-05	7.100e-06	0.000e+00
metun	NOUN	implementation	umsetzung	implementación	6.985e-05	3	0.415	2.277e-05	3.337e-05	1.372e-05
nereh	NOUN	contractor	unternehmer	contratista	6.978e-05	3	0.353	2.477e-05	4.208e-05	2.932e-06
badit	ADJ		bitte		6.974e-05	3	0.600	0.000e+00	6.974e-05	0.000e+00
nabun	CCONJ		un		6.969e-05	3	0.400	0.000e+00	6.969e-05	0.000e+00
helen	VERB		herstellen		6.969e-05	3	0.556	0.000e+00	6.969e-05	0.000e+00
pedon	NOUN	pardon		perdón|indulto	6.967e-05	3	0.799	2.459e-06	0.000e+00	6.721e-05
lanen	VERB		landen		6.966e-05	3	0.833	0.000e+00	6.966e-05	0.000e+00
sivol	ADJ	meaningful	sinnvoll		6.951e-05	3	0.693	1.540e-05	5.411e-05	0.000e+00
virul	ADJ	virtual	virtuell	virtual	6.944e-05	3	0.714	2.332e-05	1.629e-05	2.983e-05
lalon	ADJ	alone	allein		6.941e-05	3	0.732	5.763e-05	1.178e-05	0.000e+00
marom	NOUN	rom	rom		6.936e-05	3	0.600	6.976e-06	6.238e-05	0.000e+00
sisal	NOUN	fate	schicksal		6.936e-05	3	0.600	2.556e-05	4.380e-05	0.000e+00
besod	ADJ		besonder		6.934e-05	3	0.625	0.000e+00	6.934e-05	0.000e+00
barer	NOUN	barrier	hindernis|barriere	barrera	6.933e-05	3	0.747	2.712e-05	2.053e-05	2.168e-05
pelis	NOUN	specialist	spezialist	especialista	6.929e-05	3	0.483	2.804e-05	1.554e-05	2.571e-05
novan	NOUN	innovation	innovation	innovación	6.926e-05	3	0.556	2.932e-05	1.777e-05	2.217e-05
nagil	NOUN	nail	nagel	uña|clavo	6.918e-05	3	0.586	3.035e-05	2.033e-05	1.850e-05
tohub	NOUN	tube	röhre|tube	tubo	6.917e-05	3	0.576	3.528e-05	1.268e-05	2.121e-05
supek	VERB	suspect	verdächtigen	sospechar	6.914e-05	3	0.627	4.784e-05	3.656e-06	1.765e-05
konal	ADJ	constitutional		constitucional	6.914e-05	3	0.357	2.388e-05	0.000e+00	4.526e-05
notal	ADJ	remarkable	bemerkenswert|auffallend	notable	6.913e-05	3	0.432	2.176e-05	1.998e-05	2.739e-05
loker	ADJ	loose	locker|verlieren	suelto	6.904e-05	3	0.569	1.224e-05	4.365e-05	1.315e-05
dipon	VERB	dispose		disponer	6.903e-05	3	0.628	5.764e-06	0.000e+00	6.327e-05
fekin	NOUN	infection	infektion	infección	6.902e-05	3	0.556	3.429e-05	1.826e-05	1.647e-05
kepor	VERB	explode	explodieren	explotar	6.893e-05	3	0.417	1.740e-05	1.483e-05	3.671e-05
kobit	NOUN	scope		ámbito	6.892e-05	3	0.482	2.031e-05	0.000e+00	4.861e-05
selus	NOUN		schluß		6.891e-05	3	0.800	0.000e+00	6.891e-05	0.000e+00
barar	NOUN	peasant	bauer		6.891e-05	3	0.577	5.100e-06	6.381e-05	0.000e+00
boral	ADJ			laboral	6.888e-05	3	0.714	0.000e+00	0.000e+00	6.888e-05
dabed	NOUN	ed			6.886e-05	3	0.400	6.886e-05	0.000e+00	0.000e+00
kerit	INTJ	christ			6.886e-05	3	0.600	6.886e-05	0.000e+00	0.000e+00
gulor	NOUN	glory	ruhm	gloria	6.876e-05	3	0.710	2.556e-05	1.031e-05	3.290e-05
teror	NOUN	terror	terror	terror	6.873e-05	3	1.000	2.128e-05	2.012e-05	2.733e-05
verik	VERB	waive	verzichten		6.870e-05	3	0.551	1.942e-06	6.676e-05	0.000e+00
takas	NOUN	taxi	taxi|taxifahrer	taxi	6.864e-05	3	0.761	1.790e-05	2.275e-05	2.799e-05
fogaf	NOUN	photographer	fotograf|fotografin	fotógrafo	6.863e-05	3	0.567	2.886e-05	2.377e-05	1.600e-05
kafar	NOUN	cold	kälte	frío|fría	6.859e-05	3	0.375	8.522e-06	1.455e-05	4.552e-05
vesel	NOUN	vessel	gefäß	buque|recipiente	6.859e-05	3	0.591	3.839e-05	3.491e-06	2.671e-05
keler	NOUN	basement	keller	sótano	6.851e-05	3	0.735	1.685e-05	4.617e-05	5.492e-06
temat	VERB	attempt			6.845e-05	3	0.667	6.845e-05	0.000e+00	0.000e+00
kamer	NOUN	chamber	kammer		6.833e-05	3	0.888	4.576e-05	2.258e-05	0.000e+00
serif	ADJ	written	schriftlich	escrito	6.829e-05	3	0.428	2.451e-06	3.256e-05	3.328e-05
kotem	ADJ	contemporary	zeitgemäß	contemporáneo	6.829e-05	3	0.443	3.448e-05	6.419e-06	2.739e-05
finen	VERB	invent	erfinden	inventar	6.828e-05	3	0.491	2.067e-05	2.127e-05	2.634e-05
kokiv	ADJ	collective	kollektiv	colectivo	6.822e-05	3	0.625	2.232e-05	4.411e-06	4.148e-05
lebep	NOUN	sleep			6.818e-05	3	0.600	6.818e-05	0.000e+00	0.000e+00
baset	NOUN	basketball	basketball	baloncesto	6.813e-05	3	0.556	4.051e-05	1.668e-05	1.093e-05
karek	NOUN	arc	bogen	arco	6.810e-05	3	0.476	1.808e-05	2.118e-05	2.884e-05
tarer	NOUN	stair	treppe	escalera	6.807e-05	3	0.484	1.743e-05	2.499e-05	2.565e-05
gegen	ADV		hingegen		6.804e-05	3	0.625	0.000e+00	6.804e-05	0.000e+00
derum	ADV		wiederum		6.804e-05	3	0.625	0.000e+00	6.804e-05	0.000e+00
habal	NOUN		hallo		6.804e-05	3	0.600	0.000e+00	6.804e-05	0.000e+00
bunek	NOUN	bunch	haufen		6.802e-05	3	0.618	4.151e-05	2.651e-05	0.000e+00
riger	VERB	trigger	auslösen		6.795e-05	3	0.481	3.414e-05	3.382e-05	0.000e+00
solag	SCONJ		solange		6.793e-05	3	0.833	0.000e+00	6.793e-05	0.000e+00
kadal	NOUN	scandal	skandal	escándalo	6.788e-05	3	0.685	2.013e-05	2.531e-05	2.243e-05
seset	NOUN	assessment	beurteilung	evaluación	6.778e-05	3	0.363	3.214e-05	1.129e-05	2.435e-05
redit	NOUN	yield	ertrag|rendite|ausbeute	rendimiento	6.771e-05	3	0.368	1.271e-05	2.879e-05	2.621e-05
terem	NOUN	earthquake	erdbeben	terremoto|temblor|sismo	6.769e-05	3	0.355	2.039e-05	1.356e-05	3.375e-05
dasid	ADP	inside			6.769e-05	3	0.600	6.769e-05	0.000e+00	0.000e+00
kekip	VERB	equip	ausstatten|rüsten	equipar	6.765e-05	3	0.339	2.514e-05	3.687e-05	5.639e-06
molor	NOUN	smell	geruch	olor|olfato	6.764e-05	3	0.441	1.506e-05	1.703e-05	3.556e-05
parak	VERB	park			6.763e-05	3	0.800	6.763e-05	0.000e+00	0.000e+00
kabit	DET	quite			6.759e-05	3	0.600	6.759e-05	0.000e+00	0.000e+00
domek	ADJ	domestic		doméstico	6.758e-05	3	0.625	4.474e-05	0.000e+00	2.284e-05
ferut	NOUN	fort	festung|fort	fuerte	6.758e-05	3	0.573	3.147e-05	1.512e-05	2.099e-05
rarer	NOUN	carrier	träger|netzbetreiber	transportista	6.757e-05	3	0.634	3.348e-05	3.191e-05	2.177e-06
ganim	NOUN	organism	organismus	organismo	6.757e-05	3	0.608	4.341e-06	9.052e-06	5.417e-05
dikat	ADJ	dense	dicht	denso	6.756e-05	3	0.615	1.094e-05	4.671e-05	9.920e-06
femad	ADJ		fremd		6.754e-05	3	0.600	0.000e+00	6.754e-05	0.000e+00
hurir	VERB	flee	flüchten	huir	6.753e-05	3	0.505	1.304e-05	1.446e-05	4.002e-05
mebes	NOUN	membership	mitgliedschaft|beitritt	pertenencia|membresía	6.749e-05	3	0.414	3.292e-05	2.283e-05	1.174e-05
digid	NOUN	dignity	würde	dignidad	6.739e-05	3	0.506	1.172e-05	2.008e-05	3.559e-05
netek	NOUN	networking	netzwerk|vernetzung		6.734e-05	3	0.567	9.720e-06	5.762e-05	0.000e+00
heref	PRON	herself			6.729e-05	3	0.714	6.729e-05	0.000e+00	0.000e+00
mabar	NOUN	mary			6.729e-05	3	0.600	6.729e-05	0.000e+00	0.000e+00
kohav	NOUN	cave	höhle	cueva	6.727e-05	3	0.469	2.310e-05	2.261e-05	2.156e-05
senan	NOUN	sensation	empfindung	sensación	6.727e-05	3	0.536	1.104e-05	3.692e-06	5.254e-05
menud	ADJ			menudo	6.718e-05	3	1.000	0.000e+00	0.000e+00	6.718e-05
doluv	NOUN	dust	staub	polvo	6.718e-05	3	0.363	2.458e-05	1.526e-05	2.733e-05
nekat	ADV	next			6.717e-05	3	0.800	6.717e-05	0.000e+00	0.000e+00
remid	VERB	remind			6.715e-05	3	0.833	6.715e-05	0.000e+00	0.000e+00
gaben	NOUN	gene	gen	gen|gene	6.714e-05	3	0.600	4.096e-05	8.385e-06	1.780e-05
koder	VERB			corresponder	6.696e-05	3	0.455	0.000e+00	0.000e+00	6.696e-05
gidan	NOUN	guidance	anleitung	orientación	6.685e-05	3	0.460	2.388e-05	1.768e-05	2.529e-05
minum	NOUN	minimum	minimum	mínimo	6.683e-05	3	0.748	3.242e-05	8.188e-06	2.622e-05
fisen	ADJ	efficient	effizient	eficiente	6.677e-05	3	0.625	2.935e-05	1.754e-05	1.988e-05
vepan	VERB		verpassen		6.672e-05	3	0.625	0.000e+00	6.672e-05	0.000e+00
bigad	ADJ	bound		obligado	6.670e-05	3	0.628	1.837e-05	0.000e+00	4.833e-05
kadin	ADJ	canadian		canadiense	6.668e-05	3	0.614	5.591e-05	0.000e+00	1.077e-05
komaf	VERB	combat	bekämpfen	combatir	6.668e-05	3	0.456	1.013e-05	2.782e-05	2.872e-05
vesit	ADV	west			6.662e-05	3	0.800	6.662e-05	0.000e+00	0.000e+00
ligun	NOUN	involvement	beteiligung|einbindung	implicación	6.659e-05	3	0.327	2.232e-05	3.475e-05	9.513e-06
pubes	CCONJ			pues	6.656e-05	3	0.800	0.000e+00	0.000e+00	6.656e-05
pelus	NOUN	plus	plus	plus	6.654e-05	3	0.800	1.036e-05	4.277e-05	1.342e-05
rehen	ADJ		vergehen		6.654e-05	3	0.625	0.000e+00	6.654e-05	0.000e+00
ropel	ADV	properly		correctamente	6.653e-05	3	0.604	5.281e-05	0.000e+00	1.372e-05
lagat	ADV		längst		6.650e-05	3	0.667	0.000e+00	6.650e-05	0.000e+00
budeg	NOUN		bundesliga		6.650e-05	3	0.556	0.000e+00	6.650e-05	0.000e+00
pesis	ADV	precisely		precisamente	6.634e-05	3	0.500	1.763e-05	0.000e+00	4.871e-05
denan	VERB	designate	benennen	designar	6.633e-05	3	0.476	1.986e-05	2.193e-05	2.454e-05
pasag	NOUN	passage	durchgang|passage	pasaje|pasadizo	6.631e-05	3	0.829	2.610e-05	1.415e-05	2.606e-05
sovet	ADJ	soviet		soviético	6.631e-05	3	0.747	3.872e-05	0.000e+00	2.758e-05
naker	NOUN	successor	nachfolger|nachfolgerin	sucesor	6.628e-05	3	0.472	1.358e-05	4.231e-05	1.039e-05
kalim	NOUN	lime	kalk	lima|cal	6.627e-05	3	0.600	5.638e-06	5.053e-06	5.558e-05
peren	NOUN	perception	wahrnehmung	percepción	6.626e-05	3	0.421	2.220e-05	2.290e-05	2.116e-05
vilan	NOUN	surveillance	überwachung|videoüberwachung	vigilancia	6.625e-05	3	0.441	1.652e-05	2.419e-05	2.555e-05
holes	NOUN	timber	holz		6.623e-05	3	0.675	1.303e-05	5.320e-05	0.000e+00
dadis	VERB	advise	beraten		6.622e-05	3	0.392	3.608e-05	3.014e-05	0.000e+00
bahov	NOUN	low		baja	6.621e-05	3	0.567	1.086e-05	0.000e+00	5.535e-05
beleg	VERB		belegen		6.611e-05	3	0.714	0.000e+00	6.611e-05	0.000e+00
peden	NOUN	pen	feder	pluma|pen	6.605e-05	3	0.506	2.678e-05	1.860e-05	2.067e-05
gisar	NOUN	legislature	gesetzgeber|legislaturperiode|legislative	legislador|legislatura	6.596e-05	3	0.441	1.618e-05	1.968e-05	3.010e-05
laven	NOUN	avenue	allee	avenida	6.584e-05	3	0.612	3.355e-05	9.045e-06	2.325e-05
korok	VERB	approach	vorgehen		6.578e-05	3	0.390	3.682e-05	2.896e-05	0.000e+00
loval	ADV	slowly		lentamente	6.574e-05	3	0.496	4.765e-05	0.000e+00	1.809e-05
sidan	NOUN	citizenship	staatsbürgerschaft|bürgerschaft|staatsangehörigkeit	ciudadanía	6.574e-05	3	0.407	1.406e-05	1.958e-05	3.210e-05
nonat	ADP	onto			6.573e-05	3	0.600	6.573e-05	0.000e+00	0.000e+00
tosen	VERB		stoßen		6.559e-05	3	0.833	0.000e+00	6.559e-05	0.000e+00
magis	ADJ	magical	magisch	mágico	6.558e-05	3	0.791	1.853e-05	1.820e-05	2.886e-05
sesor	NOUN	advisor	berater	asesor|asesora	6.558e-05	3	0.513	1.615e-05	2.640e-05	2.303e-05
sinad	NOUN	sin		pecado	6.558e-05	3	0.517	3.839e-05	0.000e+00	2.719e-05
roman	ADJ	roman		romano	6.542e-05	3	1.000	3.527e-05	0.000e+00	3.015e-05
fisis	NOUN	physics	physik	física	6.541e-05	3	0.814	2.734e-05	2.532e-05	1.275e-05
revat	NOUN	relative	verwandte	pariente	6.539e-05	3	0.481	3.208e-05	1.681e-05	1.651e-05
penat	NOUN	plenty		abundancia	6.536e-05	3	0.556	5.709e-05	0.000e+00	8.270e-06
senis	NOUN	tennis	tennis|tischtennis	tenis	6.534e-05	3	0.784	2.500e-05	2.344e-05	1.690e-05
rakam	ADV	virtually		prácticamente|virtualmente	6.527e-05	3	0.369	2.031e-05	0.000e+00	4.496e-05
dolad	NOUN	download	download	descarga	6.525e-05	3	0.493	2.258e-05	1.732e-05	2.535e-05
velig	ADJ		jeweilig		6.525e-05	3	0.625	0.000e+00	6.525e-05	0.000e+00
serad	ADJ	closed	geschlossen	cerrado	6.521e-05	3	0.662	1.313e-05	1.268e-05	3.940e-05
hihit	NOUN	highlight	höhepunkt|highlight		6.521e-05	3	0.467	1.821e-05	4.700e-05	0.000e+00
rited	VERB	ride	reiten		6.520e-05	3	0.610	5.517e-05	1.002e-05	0.000e+00
ditar	NOUN	dictatorship	diktatur	dictadura	6.519e-05	3	0.612	4.877e-06	1.491e-05	4.541e-05
kopor	VERB	incorporate		incorporar	6.519e-05	3	0.500	2.950e-05	0.000e+00	3.570e-05
tafel	NOUN	squadron	staffel	escuadrón|escuadra	6.519e-05	3	0.678	1.194e-06	5.193e-05	1.206e-05
furun	NOUN	imposition	einführung	imposición	6.518e-05	3	0.440	1.730e-06	5.538e-05	8.071e-06
kotun	NOUN	continuation	fortführung	continuación	6.516e-05	3	0.414	5.725e-06	3.573e-06	5.586e-05
tenan	NOUN	lieutenant	leutnant	teniente	6.516e-05	3	0.530	3.069e-05	7.135e-06	2.733e-05
nahem	NOUN	assumption	annahme	asunción|suposición	6.513e-05	3	0.336	2.300e-05	3.014e-05	1.199e-05
lanad	NOUN		ausland		6.508e-05	3	0.429	0.000e+00	6.508e-05	0.000e+00
dimal	ADV		diesmal		6.508e-05	3	0.714	0.000e+00	6.508e-05	0.000e+00
hekut	NOUN	executive	führungskraft|exekutive	ejecutivo|ejecutiva	6.504e-05	3	0.524	1.194e-05	1.360e-05	3.950e-05
sumas	VERB	summarize	zusammenfassen	resumir	6.504e-05	3	0.432	2.500e-06	4.367e-05	1.887e-05
gerer	NOUN	warrior	krieger	guerrero	6.503e-05	3	0.728	1.618e-05	1.207e-05	3.678e-05
terak	VERB	track			6.500e-05	3	0.800	6.500e-05	0.000e+00	0.000e+00
temon	NOUN	testimony	zeugnis	testimonio	6.499e-05	3	0.540	1.652e-05	1.626e-05	3.221e-05
sufal	NOUN	coincidence	zufall	casualidad	6.492e-05	3	0.640	1.018e-05	3.446e-05	2.028e-05
neset	NOUN	anxiety	unruhe	ansiedad	6.490e-05	3	0.357	3.298e-05	1.463e-05	1.730e-05
desik	NOUN	desk	schreibtisch	escritorio	6.489e-05	3	0.528	3.275e-05	1.842e-05	1.372e-05
tenat	ADJ	attentive	aufmerksam	atento	6.486e-05	3	0.347	2.232e-06	4.011e-05	2.252e-05
ledin	NOUN	suffering	leid|leiden	sufrimiento	6.485e-05	3	0.423	1.513e-05	2.816e-05	2.156e-05
paner	NOUN	companion	begleiter	compañera|acompañante	6.483e-05	3	0.423	2.195e-05	1.104e-05	3.184e-05
doven	NOUN	journey		trayecto|travesía	6.477e-05	3	0.513	4.988e-05	0.000e+00	1.489e-05
hosat	VERB	host			6.475e-05	3	0.800	6.475e-05	0.000e+00	0.000e+00
gogik	NOUN	logic	logik	lógica|lógico	6.472e-05	3	0.800	2.556e-05	2.260e-05	1.657e-05
bufer	NOUN	buyer	käufer|abnehmer	comprador	6.472e-05	3	0.593	2.812e-05	2.329e-05	1.330e-05
serid	NOUN	string		cuerda	6.471e-05	3	0.462	4.029e-05	0.000e+00	2.442e-05
geras	NOUN	grass	gras	hierba	6.468e-05	3	0.648	2.678e-05	2.154e-05	1.636e-05
neben	ADJ		erneuen		6.467e-05	3	0.571	0.000e+00	6.467e-05	0.000e+00
pagad	NOUN	propaganda	propaganda	propaganda	6.466e-05	3	0.556	1.652e-05	2.260e-05	2.555e-05
kemir	NOUN	chemistry	chemie	química	6.464e-05	3	0.644	2.511e-05	3.041e-05	9.116e-06
losin	NOUN	explosion	explosion	explosión	6.461e-05	3	0.500	2.399e-05	1.629e-05	2.432e-05
konul	NOUN	consultation	anhörung	consulta	6.458e-05	3	0.609	1.172e-05	7.136e-06	4.572e-05
sanak	NOUN	snake	schlange	serpiente|culebra	6.456e-05	3	0.499	2.705e-05	2.223e-05	1.528e-05
benis	NOUN	necessity	bedürfnis|notwendigkeit		6.455e-05	3	0.414	1.163e-05	5.292e-05	0.000e+00
tesis	NOUN	thesis	these	tesis	6.454e-05	3	0.815	1.250e-05	2.977e-05	2.227e-05
habit	NOUN	hit	hit	hit	6.453e-05	3	0.600	3.165e-05	2.692e-05	5.954e-06
ragen	VERB	urge	drängen	instar	6.453e-05	3	0.431	2.365e-05	3.233e-05	8.543e-06
vovuf	NOUN	allegation	vorwurf	alegación	6.452e-05	3	0.500	1.692e-05	4.517e-05	2.435e-06
pegan	ADJ	pregnant	schwanger		6.447e-05	3	0.446	4.051e-05	2.396e-05	0.000e+00
disut	NOUN	dispute	streitigkeit	disputa|controversia	6.446e-05	3	0.566	2.678e-05	7.466e-06	3.021e-05
ketan	NOUN	extent	umfang		6.440e-05	3	0.382	3.292e-05	3.147e-05	0.000e+00
suter	NOUN	supporter	unterstützer	partidario	6.435e-05	3	0.538	4.520e-05	9.395e-06	9.759e-06
gelen	VERB		gestalten		6.433e-05	3	0.556	0.000e+00	6.433e-05	0.000e+00
ramin	NOUN	transmission	getriebe	transmisión	6.429e-05	3	0.424	2.388e-05	6.212e-06	3.419e-05
resut	VERB	rest	ausruhen	descansar	6.423e-05	3	0.496	3.020e-05	5.053e-06	2.898e-05
roser	VERB	proceed		proceder	6.422e-05	3	0.601	2.918e-05	0.000e+00	3.503e-05
lunes	NOUN			lunes	6.421e-05	3	1.000	0.000e+00	0.000e+00	6.421e-05
paset	NOUN	pet		mascota	6.417e-05	3	0.567	4.280e-05	0.000e+00	2.137e-05
lagel	ADV	largely	größtenteils		6.412e-05	3	0.639	4.542e-05	1.870e-05	0.000e+00
porer	NOUN	reporter	reporter|reporterin	reportero	6.407e-05	3	0.619	3.638e-05	1.894e-05	8.747e-06
sekad	NOUN	certificate	urkunde|bescheinigung	certificado	6.407e-05	3	0.384	2.833e-05	2.533e-05	1.040e-05
repin	NOUN	reception	empfang	recepción|recibimiento	6.397e-05	3	0.455	1.897e-05	2.199e-05	2.301e-05
matel	NOUN	homeland	heimatland	patria	6.392e-05	3	0.365	9.943e-06	7.290e-06	4.669e-05
midal	NOUN	middle			6.392e-05	3	0.800	6.392e-05	0.000e+00	0.000e+00
nelan	ADJ	venezuelan		venezolano	6.386e-05	3	0.553	3.002e-06	0.000e+00	6.086e-05
rasur	VERB	assure	versichern		6.386e-05	3	0.489	2.943e-05	3.443e-05	0.000e+00
pegar	VERB	paste	einfügen	pegar	6.383e-05	3	0.761	6.616e-06	1.136e-05	4.585e-05
lunar	ADJ	revolutionary	revolutionär	revolucionario	6.381e-05	3	0.417	1.652e-05	1.277e-05	3.452e-05
basan	PRON			bastante	6.380e-05	3	0.714	0.000e+00	0.000e+00	6.380e-05
sadur	NOUN	suburb	stadtteil|vorort|vorstadt|stadtrand	suburbio	6.378e-05	3	0.394	1.739e-05	4.159e-05	4.801e-06
fotun	NOUN	fortune	reichtum	fortuna	6.374e-05	3	0.727	2.697e-05	1.238e-05	2.438e-05
kofar	VERB			confiar	6.373e-05	3	0.714	0.000e+00	0.000e+00	6.373e-05
dedad	VERB	demand	bedarf		6.372e-05	3	0.660	6.121e-05	2.517e-06	0.000e+00
rasil	NOUN	rail	eisenbahn|schiene		6.370e-05	3	0.513	3.557e-05	2.814e-05	0.000e+00
miran	NOUN	immigration	zuwanderung|einwanderung	inmigración	6.369e-05	3	0.424	3.292e-05	1.427e-05	1.650e-05
laris	NOUN	laughter	gelächter	risa	6.369e-05	3	0.498	1.406e-05	4.496e-06	4.513e-05
renun	NOUN	separation	trennung	separación	6.364e-05	3	0.419	1.507e-05	2.710e-05	2.148e-05
sifop	VERB	shop	einkaufen		6.361e-05	3	0.428	3.466e-05	2.895e-05	0.000e+00
defer	NOUN	defender	verteidiger	defensor	6.359e-05	3	0.558	2.434e-05	1.207e-05	2.719e-05
napin	VERB	appoint	ernennen		6.354e-05	3	0.432	4.341e-05	2.013e-05	0.000e+00
tirel	ADV	entirely		enteramente	6.346e-05	3	0.682	5.859e-05	0.000e+00	4.871e-06
karit	NOUN	charity	nächstenliebe|wohlfahrt	caridad|beneficencia	6.341e-05	3	0.774	3.902e-05	6.756e-06	1.764e-05
herin	NOUN	hearing	gehör	audición	6.340e-05	3	0.606	4.959e-05	8.567e-06	5.238e-06
resol	VERB	resolve	auflösen		6.334e-05	3	0.507	3.419e-05	2.915e-05	0.000e+00
barev	ADJ	brief		breve	6.333e-05	3	0.671	2.038e-05	0.000e+00	4.295e-05
binas	ADV	beyond	hinaus|jenseits		6.327e-05	3	0.541	2.011e-05	4.316e-05	0.000e+00
kohal	NOUN	coal	kohle		6.324e-05	3	0.800	3.555e-05	2.769e-05	0.000e+00
pinet	VERB	point			6.319e-05	3	0.600	6.319e-05	0.000e+00	0.000e+00
kokat	NOUN	chocolate		chocolate	6.317e-05	3	0.714	3.448e-05	0.000e+00	2.869e-05
balev	ADJ	brave	tapfer	valiente	6.316e-05	3	0.410	2.471e-05	5.053e-06	3.340e-05
birig	ADJ		bisherig		6.313e-05	3	0.714	0.000e+00	6.313e-05	0.000e+00
rosik	NOUN	prospect	aussicht		6.311e-05	3	0.500	2.812e-05	3.499e-05	0.000e+00
peset	NOUN	present	anwesend	presente	6.311e-05	3	0.702	3.153e-05	2.337e-06	2.924e-05
motan	NOUN	motivation	motivation	motivación	6.309e-05	3	0.500	2.146e-05	2.473e-05	1.690e-05
berur	VERB	bury	begraben|beerdigen	enterrar	6.307e-05	3	0.488	2.801e-05	1.709e-05	1.796e-05
garan	NOUN	guarantee	garantie	garantía	6.304e-05	3	0.817	8.805e-06	1.567e-05	3.857e-05
vodig	ADJ	worthy	würdig	digno	6.303e-05	3	0.437	2.176e-05	8.698e-06	3.257e-05
deriv	VERB	derive	ableiten	derivar	6.303e-05	3	0.690	2.176e-05	1.320e-05	2.807e-05
pitos	NOUN	pit	grube	pozo|foso|fosa	6.301e-05	3	0.468	2.076e-05	1.077e-05	3.148e-05
terik	ADJ	theoretical	theoretisch	teórico	6.296e-05	3	0.585	1.138e-05	3.555e-05	1.603e-05
regen	ADJ	urgent	dringend	urgente	6.293e-05	3	0.500	1.574e-05	1.884e-05	2.836e-05
sikir	NOUN			siquiera	6.292e-05	3	0.833	0.000e+00	0.000e+00	6.292e-05
rusil	ADJ	crucial	entscheidend	crucial	6.292e-05	3	0.449	2.132e-05	3.251e-05	9.095e-06
hahit	NOUN	habit	gewohnheit	hábito	6.288e-05	3	0.766	3.750e-05	5.289e-06	2.009e-05
renus	NOUN	resignation	kündigung|ausscheiden	renuncia|dimisión|resignación	6.280e-05	3	0.411	1.172e-05	2.252e-05	2.856e-05
kosat	ADV	constantly		constantemente	6.278e-05	3	0.488	3.783e-05	0.000e+00	2.495e-05
fisam	ADV	officially		oficialmente	6.278e-05	3	0.525	3.783e-05	0.000e+00	2.495e-05
ragon	NOUN	dragon	dragon	dragón	6.273e-05	3	0.833	4.274e-05	4.934e-06	1.505e-05
setel	VERB	settle	begleichen|niederlassen		6.268e-05	3	0.748	5.675e-05	5.936e-06	0.000e+00
gemus	NOUN	vegetable	gemüse	verdura	6.267e-05	3	0.569	2.546e-05	2.532e-05	1.189e-05
manas	NOUN	means			6.263e-05	3	0.600	6.263e-05	0.000e+00	0.000e+00
veden	VERB		wenden		6.261e-05	3	0.833	0.000e+00	6.261e-05	0.000e+00
sudig	ADJ		zuständig		6.259e-05	3	0.556	0.000e+00	6.259e-05	0.000e+00
genat	ADJ		sogenannte		6.255e-05	3	0.625	0.000e+00	6.255e-05	0.000e+00
kodan	NOUN	recommendation		recomendación	6.253e-05	3	0.385	3.549e-05	0.000e+00	2.704e-05
nuser	VERB		äußern		6.252e-05	3	0.667	0.000e+00	6.252e-05	0.000e+00
sikik	ADJ	psychological	psychisch	psicológico	6.249e-05	3	0.527	2.076e-05	2.061e-05	2.112e-05
sovit	ADV		soweit		6.248e-05	3	0.833	0.000e+00	6.248e-05	0.000e+00
laset	NOUN	burden	last		6.244e-05	3	0.585	2.120e-05	4.124e-05	0.000e+00
ranit	NOUN	grant		subsidio	6.241e-05	3	0.489	4.641e-05	0.000e+00	1.600e-05
koson	NOUN	conversion	umbau|umstellung	conversión|reconversión	6.241e-05	3	0.282	1.942e-05	3.188e-05	1.111e-05
kefok	NOUN	chef	koch	chef	6.239e-05	3	0.600	2.148e-05	3.337e-05	7.544e-06
palem	NOUN	palm	palm	palma|palmera	6.236e-05	3	0.792	2.293e-05	3.834e-06	3.559e-05
nefak	NOUN	interface	oberfläche|schnittstelle|interface	interfaz	6.235e-05	3	0.455	1.434e-05	4.159e-05	6.421e-06
babed	ADV		abend		6.234e-05	3	0.600	0.000e+00	6.234e-05	0.000e+00
tarup	NOUN	troop	truppe		6.223e-05	3	0.713	1.360e-05	4.863e-05	0.000e+00
rasim	NOUN	racism	rassismus	racismo	6.220e-05	3	0.731	1.986e-05	3.041e-05	1.193e-05
natul	ADV	naturally	natürlich|selbstverständlich	naturalmente	6.214e-05	3	0.600	3.370e-05	1.372e-05	1.471e-05
polen	NOUN		polen		6.212e-05	3	1.000	0.000e+00	6.212e-05	0.000e+00
babas	NOUN		abs		6.212e-05	3	0.600	0.000e+00	6.212e-05	0.000e+00
nelad	NOUN		england		6.212e-05	3	0.571	0.000e+00	6.212e-05	0.000e+00
gesiv	ADJ	aggressive	aggressiv	agresivo	6.210e-05	3	0.714	2.332e-05	2.158e-05	1.720e-05
roges	ADJ	progressive	schrittweise|progressiv|fortschrittlich	progresista|progresivo	6.206e-05	3	0.500	2.444e-05	1.529e-05	2.233e-05
konok	VERB	knock	klopfen		6.205e-05	3	0.724	5.289e-05	9.159e-06	0.000e+00
kotar	NOUN	counter	schalter	contador|mostrador	6.203e-05	3	0.540	4.052e-05	8.188e-06	1.332e-05
vaveg	ADP	away	weg		6.203e-05	3	0.474	3.895e-05	2.307e-05	0.000e+00
digen	ADJ	indigenous		indígena|autóctono	6.201e-05	3	0.613	1.618e-05	0.000e+00	4.582e-05
bevus	ADJ	conscious	bewusst		6.201e-05	3	0.675	1.685e-05	4.515e-05	0.000e+00
rivas	NOUN	privacy	privatsphäre|privatleben	privacidad	6.200e-05	3	0.621	2.556e-05	1.836e-05	1.809e-05
sikut	NOUN	circuit	schaltung	circuito	6.199e-05	3	0.683	3.292e-05	4.556e-06	2.451e-05
ranan	NOUN	transformation	transformation|umwandlung	transformación	6.198e-05	3	0.351	2.088e-05	1.499e-05	2.611e-05
pemim	NOUN	premium	premium	prima	6.198e-05	3	0.686	3.015e-05	1.633e-05	1.550e-05
tehis	NOUN	tissue	gewebe	tejido	6.192e-05	3	0.609	3.087e-05	9.444e-06	2.160e-05
kakiv	NOUN	archive	archiv	archivos	6.190e-05	3	0.585	2.259e-05	3.383e-05	5.484e-06
rokol	NOUN	protocol	protokoll	protocolo	6.187e-05	3	0.625	1.574e-05	2.257e-05	2.357e-05
sonel	NOUN	shell	hülle	concha|caparazón	6.186e-05	3	0.451	2.690e-05	8.768e-06	2.619e-05
robah	ADJ	rough	grob		6.182e-05	3	0.502	3.157e-05	3.025e-05	0.000e+00
diret	VERB	direct			6.178e-05	3	0.833	6.178e-05	0.000e+00	0.000e+00
romat	ADJ	romantic	romantisch	romántico	6.178e-05	3	0.625	3.004e-05	7.999e-06	2.375e-05
girar	VERB			registrar	6.172e-05	3	0.556	0.000e+00	0.000e+00	6.172e-05
tiren	NOUN	thief	dieb	ladrón	6.169e-05	3	0.420	1.601e-05	1.595e-05	2.972e-05
keral	NOUN	characteristic	merkmal		6.165e-05	3	0.396	3.173e-05	2.992e-05	0.000e+00
peder	VERB			sorprender	6.163e-05	3	0.500	0.000e+00	0.000e+00	6.163e-05
netar	VERB			sentar	6.160e-05	3	0.667	0.000e+00	0.000e+00	6.160e-05
lados	ADV		los		6.153e-05	3	0.600	0.000e+00	6.153e-05	0.000e+00
kolog	NOUN	psychology	psychologie	psicología	6.152e-05	3	0.625	2.277e-05	2.106e-05	1.769e-05
likit	ADJ	plain	schlicht	llano	6.148e-05	3	0.405	2.649e-05	3.150e-05	3.492e-06
moset	ADJ	upset		molesto	6.143e-05	3	0.631	3.244e-05	0.000e+00	2.899e-05
dibuh	NOUN	drawing	zeichnen	dibujo	6.141e-05	3	0.769	1.228e-05	4.307e-06	4.483e-05
mamat	NOUN	math	mathematik	matemáticas	6.139e-05	3	0.570	3.147e-05	2.473e-05	5.194e-06
nonim	ADJ	anonymous	anonym	anónimo	6.135e-05	3	0.759	1.652e-05	2.278e-05	2.205e-05
miten	VERB	convey	vermitteln		6.134e-05	3	0.447	1.200e-05	4.934e-05	0.000e+00
kador	NOUN			ecuador	6.133e-05	3	0.714	0.000e+00	0.000e+00	6.133e-05
ferar	ADV			afuerar	6.133e-05	3	0.714	0.000e+00	0.000e+00	6.133e-05
tesor	NOUN	treasure	schatz	tesoro	6.131e-05	3	0.634	2.211e-05	1.296e-05	2.624e-05
topik	NOUN	topic	gegenstand|betreff	tópico|tema|asunto	6.130e-05	3	1.000	5.524e-05	0.000e+00	6.063e-06
tirit	NUM	thirty	dreißig	treinta	6.130e-05	3	0.602	2.678e-05	8.378e-06	2.614e-05
kanik	ADJ	mechanical	mechanisch	mecánico	6.130e-05	3	0.616	2.388e-05	1.581e-05	2.161e-05
nabal	ADJ	unable		incapaz	6.126e-05	3	0.556	4.542e-05	0.000e+00	1.584e-05
filer	NOUN	filter	filter	filtro	6.123e-05	3	0.823	2.564e-05	1.600e-05	1.959e-05
dariv	NOUN	drive	antrieb|laufwerk		6.118e-05	3	0.678	4.684e-05	1.433e-05	0.000e+00
kusas	NOUN	prosecution	anklage|strafverfolgung	acusación|enjuiciamiento	6.116e-05	3	0.329	1.283e-05	2.070e-05	2.763e-05
kamus	NOUN	campus	campus	campus	6.113e-05	3	0.833	3.435e-05	1.207e-05	1.471e-05
vedak	NOUN	suspicion	verdacht|misstrauen	sospecha	6.106e-05	3	0.403	1.041e-05	3.529e-05	1.535e-05
perig	NOUN	pig	schwein	cerdo	6.104e-05	3	0.437	2.630e-05	1.502e-05	1.972e-05
leter	ADJ	latter	letztere		6.103e-05	3	0.777	4.441e-05	1.662e-05	0.000e+00
bekem	ADJ	convenient	bequem	conveniente	6.102e-05	3	0.582	1.574e-05	2.912e-05	1.617e-05
lerar	ADJ	literary		literario	6.102e-05	3	0.714	2.277e-05	0.000e+00	3.825e-05
kamen	ADJ		kommen		6.100e-05	3	0.800	0.000e+00	6.100e-05	0.000e+00
larul	VERB	rule			6.094e-05	3	0.600	6.094e-05	0.000e+00	0.000e+00
sabor	NOUN	flavor		sabor	6.091e-05	3	0.767	2.834e-05	0.000e+00	3.257e-05
vosit	NOUN	worship	gottesdienst	culto|adoración	6.085e-05	3	0.406	1.959e-05	1.768e-05	2.358e-05
tatak	VERB	attach	befestigen|anhängen		6.072e-05	3	0.632	4.602e-05	1.471e-05	0.000e+00
motir	VERB	motivate	motivieren	motivar	6.071e-05	3	0.588	1.784e-05	2.398e-05	1.889e-05
butor	NOUN	bull	stier	toro	6.070e-05	3	0.486	2.444e-05	5.053e-06	3.121e-05
dibud	NOUN		jude		6.070e-05	3	0.600	0.000e+00	6.070e-05	0.000e+00
gebak	VERB		gebrauchen		6.068e-05	3	0.556	0.000e+00	6.068e-05	0.000e+00
komus	ADJ	communist		comunista	6.067e-05	3	0.625	2.332e-05	0.000e+00	3.734e-05
koran	NOUN	conservation	erhaltung	conservación	6.066e-05	3	0.379	2.388e-05	1.183e-05	2.495e-05
dabud	NOUN	audio	audio	audio	6.066e-05	3	0.600	2.394e-05	8.094e-06	2.863e-05
motal	ADJ	deadly	tödlich	mortal	6.066e-05	3	0.431	1.846e-05	1.907e-05	2.312e-05
sinun	NOUN	designation	bezeichnung	denominación	6.065e-05	3	0.431	6.417e-06	4.105e-05	1.319e-05
notar	VERB			notar	6.060e-05	3	1.000	0.000e+00	0.000e+00	6.060e-05
laten	VERB		lauten		6.060e-05	3	0.833	0.000e+00	6.060e-05	0.000e+00
gelob	NOUN	globe	kugel|globus	globo	6.059e-05	3	0.491	2.132e-05	3.342e-05	5.855e-06
potat	NOUN	potato	kartoffel	patata	6.052e-05	3	0.646	2.821e-05	2.213e-05	1.018e-05
geset	ADJ	statutory	gesetzlich		6.049e-05	3	0.510	6.417e-06	5.408e-05	0.000e+00
bikar	VERB			ubicar	6.048e-05	3	0.833	0.000e+00	0.000e+00	6.048e-05
titer	ADV	either	entweder		6.045e-05	3	0.662	4.076e-05	1.969e-05	0.000e+00
surar	VERB	swear	schwören	jurar	6.045e-05	3	0.618	4.693e-05	3.523e-06	9.997e-06
higeh	ADV	high		alto	6.041e-05	3	0.750	5.661e-05	0.000e+00	3.801e-06
fetud	NOUN	fraud	betrug	fraude	6.035e-05	3	0.592	2.611e-05	4.882e-06	2.935e-05
bulel	NOUN	grandmother		abuela	6.032e-05	3	0.463	1.649e-05	0.000e+00	4.383e-05
misil	NOUN	missile	rakete	misil	6.030e-05	3	0.660	2.534e-05	2.048e-05	1.447e-05
disab	NOUN	disability	behinderung	discapacidad	6.028e-05	3	0.356	2.758e-05	1.961e-05	1.310e-05
babav	ADV	above			6.028e-05	3	0.600	6.028e-05	0.000e+00	0.000e+00
tolet	NOUN	toilet	toilette|wc	inodoro	6.020e-05	3	0.725	2.799e-05	2.843e-05	3.777e-06
beben	VERB		abgeben		6.018e-05	3	0.714	0.000e+00	6.018e-05	0.000e+00
rifaf	NOUN	triumph	triumph	triunfo	6.016e-05	3	0.500	1.203e-05	8.378e-06	3.975e-05
deset	NOUN	desert	wüste	desierto	6.014e-05	3	0.686	2.234e-05	1.387e-05	2.393e-05
konit	NOUN	continent	kontinent	continente	6.010e-05	3	0.556	1.702e-05	1.077e-05	3.231e-05
dekin	NOUN	decline	rückgang|abnahme	descenso|decadencia|declive	5.999e-05	3	0.521	1.798e-05	1.713e-05	2.489e-05
lebid	ADP		leid		5.999e-05	3	0.800	0.000e+00	5.999e-05	0.000e+00
gilat	ADJ	legislative		legislativo	5.998e-05	3	0.500	2.332e-05	0.000e+00	3.666e-05
sapam	NOUN	steam	dampf	vapor	5.997e-05	3	0.498	3.694e-05	7.644e-06	1.539e-05
mosin	NOUN	motion	motion	moción	5.997e-05	3	0.691	4.737e-05	3.739e-06	8.857e-06
masak	NOUN	mask	maske	máscara	5.997e-05	3	0.765	2.213e-05	2.227e-05	1.557e-05
latel	ADV	lately		últimamente	5.996e-05	3	0.635	2.868e-05	0.000e+00	3.128e-05
lalam	NOUN	alarm	alarm	alarma	5.995e-05	3	0.600	2.547e-05	1.491e-05	1.957e-05
lelok	NOUN	lock	schleuse	bloqueo|cerradura	5.991e-05	3	0.574	3.624e-05	2.307e-06	2.137e-05
sesal	ADJ	societal	gesellschaftlich		5.988e-05	3	0.423	4.341e-06	5.554e-05	0.000e+00
rilan	ADJ	brilliant	genial		5.988e-05	3	0.470	3.962e-05	2.026e-05	0.000e+00
kegan	VERB	cheat	betrügen	engañar	5.986e-05	3	0.484	2.169e-05	7.080e-06	3.108e-05
fakin	NOUN	faction	fraktion	facción	5.985e-05	3	0.659	1.330e-05	3.717e-05	9.383e-06
febad	NOUN	foe	feind		5.984e-05	3	0.576	3.616e-06	5.623e-05	0.000e+00
tesen	NOUN	teen		adolescente	5.977e-05	3	0.612	2.812e-05	0.000e+00	3.164e-05
benon	VERB		beantworten		5.976e-05	3	0.455	0.000e+00	5.976e-05	0.000e+00
tabet	CCONJ		et		5.974e-05	3	0.400	0.000e+00	5.974e-05	0.000e+00
kagok	INTJ	ok			5.969e-05	3	0.400	5.969e-05	0.000e+00	0.000e+00
leher	ADV	elsewhere	woanders|anderswo		5.966e-05	3	0.458	3.214e-05	2.752e-05	0.000e+00
siris	ADJ	syrian	syrisch	sirio	5.965e-05	3	0.742	1.540e-05	1.858e-05	2.567e-05
tabit	NOUN	stability	stabilität	estabilidad	5.964e-05	3	0.493	2.277e-05	1.302e-05	2.386e-05
teder	VERB	cater		atender	5.961e-05	3	0.697	3.354e-06	0.000e+00	5.626e-05
katur	NOUN	creature	kreatur	criatura	5.960e-05	3	0.714	3.426e-05	5.692e-06	1.965e-05
tonom	ADJ	autonomous	autonom	autónomo	5.959e-05	3	0.686	7.901e-06	1.510e-05	3.659e-05
moren	NOUN	brown		moreno|marrón	5.955e-05	3	0.634	2.559e-05	0.000e+00	3.396e-05
negan	NOUN	negotiation		negociación	5.950e-05	3	0.455	2.481e-05	0.000e+00	3.469e-05
fisin	NOUN	fishing	angeln	pesca	5.949e-05	3	0.547	3.292e-05	5.798e-06	2.077e-05
ramit	VERB	transmit	übermitteln	transmitir	5.949e-05	3	0.501	1.286e-05	7.679e-06	3.895e-05
dosis	NOUN	dose	dosis|dosierung	dosis	5.948e-05	3	0.811	2.436e-05	1.703e-05	1.809e-05
rudun	NOUN	justification	begründung|rechtfertigung	justificación	5.946e-05	3	0.361	7.544e-06	4.073e-05	1.119e-05
guner	NOUN		grüner		5.946e-05	3	0.833	0.000e+00	5.946e-05	0.000e+00
kitek	NOUN	architect	architekt	arquitecto	5.943e-05	3	0.625	1.339e-05	2.828e-05	1.776e-05
pesir	VERB	punish	bestrafen	castigar	5.940e-05	3	0.361	1.347e-05	2.761e-05	1.831e-05
parer	NOUN	partnership	partnerschaft		5.937e-05	3	0.486	4.108e-05	1.829e-05	0.000e+00
renit	VERB	rent	mieten	alquilar	5.937e-05	3	0.491	3.067e-05	2.056e-05	8.132e-06
fugen	VERB		verfügen		5.931e-05	3	0.625	0.000e+00	5.931e-05	0.000e+00
neser	ADV	necessarily	notwendigerweise	necesariamente	5.931e-05	3	0.476	3.370e-05	2.840e-06	2.276e-05
genen	VERB	encounter	begegnen		5.930e-05	3	0.483	2.096e-05	3.834e-05	0.000e+00
belot	NOUN	belt	gürtel	cinturón	5.929e-05	3	0.508	3.549e-05	9.845e-06	1.396e-05
rusar	VERB			cruzar	5.928e-05	3	0.833	0.000e+00	0.000e+00	5.928e-05
velaf	NOUN	progression	verlauf	progresión	5.916e-05	3	0.594	8.861e-06	4.756e-05	2.733e-06
roper	ADJ	proper	ordnungsgemäß		5.913e-05	3	0.781	5.455e-05	4.580e-06	0.000e+00
nemet	NOUN	entertainment		entretenimiento	5.913e-05	3	0.378	4.442e-05	0.000e+00	1.471e-05
muhil	NOUN	mill	mühle	molino	5.913e-05	3	0.607	3.192e-05	1.457e-05	1.264e-05
bilog	ADJ	biological	biologisch	biológico	5.911e-05	3	0.577	2.277e-05	1.858e-05	1.777e-05
batar	VERB			bastar	5.911e-05	3	0.833	0.000e+00	0.000e+00	5.911e-05
kapak	NOUN		pc		5.911e-05	3	0.400	0.000e+00	5.911e-05	0.000e+00
suden	ADV	suddenly		repentinamente	5.903e-05	3	0.783	5.468e-05	0.000e+00	4.344e-06
lapen	VERB		klappen		5.895e-05	3	0.833	0.000e+00	5.895e-05	0.000e+00
nures	NOUN	nurse	krankenschwester	enfermera	5.879e-05	3	0.682	4.341e-05	2.591e-06	1.278e-05
silud	NOUN	shield	schild	escudo	5.878e-05	3	0.616	8.269e-06	2.761e-05	2.290e-05
lanar	VERB			relacionar	5.873e-05	3	0.500	0.000e+00	0.000e+00	5.873e-05
besik	NOUN	borough	bezirk		5.871e-05	3	0.745	7.544e-06	5.116e-05	0.000e+00
gimas	NOUN	gym	sporthalle	gimnasio|gimnasia	5.862e-05	3	0.668	3.002e-05	3.917e-06	2.468e-05
habel	INTJ	hello			5.859e-05	3	0.600	5.859e-05	0.000e+00	0.000e+00
debut	NOUN	debut	debüt	debut	5.858e-05	3	1.000	3.694e-05	1.266e-05	8.975e-06
revan	NOUN	revenge	rache	venganza|revancha	5.855e-05	3	0.534	2.132e-05	1.455e-05	2.268e-05
rater	NOUN	perpetrator	täter		5.849e-05	3	0.780	2.678e-06	5.581e-05	0.000e+00
mison	NOUN	emission	emission	emisión	5.848e-05	3	0.714	1.865e-05	1.041e-05	2.942e-05
desis	VERB	dismiss	verwerfen	despedir	5.845e-05	3	0.550	2.967e-05	5.177e-06	2.360e-05
bilig	ADJ	inexpensive	billig		5.841e-05	3	0.935	4.151e-06	5.425e-05	0.000e+00
lomen	NOUN	employment	beschäftigung		5.838e-05	3	0.375	4.051e-05	1.787e-05	0.000e+00
gasag	NOUN	saga	sage	saga	5.836e-05	3	0.600	8.269e-06	3.620e-05	1.389e-05
sulis	ADJ	useless	sinnlos|unbrauchbar	inútil	5.831e-05	3	0.409	1.853e-05	1.659e-05	2.319e-05
konir	VERB			constituir	5.829e-05	3	0.500	0.000e+00	0.000e+00	5.829e-05
kaled	NOUN	calendar	kalender	calendario	5.822e-05	3	0.625	2.151e-05	1.716e-05	1.956e-05
rakon	NOUN	attraction	sehenswürdigkeit|attraktion	atracción	5.822e-05	3	0.454	2.326e-05	1.988e-05	1.508e-05
dabak	NOUN	jack			5.819e-05	3	0.600	5.819e-05	0.000e+00	0.000e+00
tarad	VERB	trade			5.819e-05	3	0.800	5.819e-05	0.000e+00	0.000e+00
lelat	VERB	relate			5.818e-05	3	0.800	5.818e-05	0.000e+00	0.000e+00
seher	VERB	foresee	absehen	prever	5.817e-05	3	0.536	2.271e-06	3.887e-05	1.703e-05
katig	NOUN	punishment	bestrafung	castigo	5.807e-05	3	0.458	2.444e-05	6.508e-06	2.713e-05
kidar	VERB			cuidar	5.801e-05	3	0.833	0.000e+00	0.000e+00	5.801e-05
lohen	VERB		lohnen		5.800e-05	3	0.833	0.000e+00	5.800e-05	0.000e+00
dopel	NOUN	double	doppel|doppelt	doble	5.799e-05	3	0.735	1.516e-05	2.079e-05	2.203e-05
mitok	NOUN		mittwoch		5.798e-05	3	0.833	0.000e+00	5.798e-05	0.000e+00
nerip	NOUN	ownership	eigentum	titularidad	5.797e-05	3	0.370	2.801e-05	2.619e-05	3.777e-06
ferir	ADJ	bottom		inferior	5.797e-05	3	0.515	1.016e-05	0.000e+00	4.781e-05
feket	ADV	frequently		frecuentemente|frecuente	5.796e-05	3	0.560	4.051e-05	0.000e+00	1.745e-05
sepet	NOUN	sheet		chapa|sábana	5.791e-05	3	0.658	4.419e-05	0.000e+00	1.372e-05
risal	NOUN	crystal	kristall	cristal	5.789e-05	3	0.714	2.801e-05	3.183e-06	2.670e-05
natan	NOUN			tan	5.783e-05	3	0.600	0.000e+00	0.000e+00	5.783e-05
runer	NOUN	runner	läufer	corredor	5.783e-05	3	0.662	2.726e-05	1.079e-05	1.977e-05
voken	ADJ		vollkommen		5.781e-05	3	0.625	0.000e+00	5.781e-05	0.000e+00
furat	NOUN	fourth	vierte	cuarto	5.778e-05	3	0.412	8.875e-06	5.333e-06	4.357e-05
faker	NOUN	manufacturer		fabricante	5.777e-05	3	0.395	4.308e-05	0.000e+00	1.470e-05
koduk	NOUN	behaviour		conducta	5.777e-05	3	0.423	2.794e-05	0.000e+00	2.983e-05
viter	ADP		weiter		5.776e-05	3	0.833	0.000e+00	5.776e-05	0.000e+00
ranak	NOUN	transaction	transaktion	transacción	5.776e-05	3	0.455	3.660e-05	7.419e-06	1.374e-05
rativ	NOUN	narrative	erzählung	narración|narrativa	5.771e-05	3	0.454	1.716e-05	2.514e-05	1.541e-05
retar	VERB	lend		prestar	5.771e-05	3	0.692	2.556e-06	0.000e+00	5.515e-05
nifom	NOUN	uniform	uniform	uniforme	5.770e-05	3	0.714	2.367e-05	1.467e-05	1.936e-05
merid	NOUN	mercy	mitleid	piedad|misericordia	5.770e-05	3	0.476	1.986e-05	1.526e-05	2.257e-05
vosik	NOUN	caution	vorsicht	precaución|prudencia|cautela	5.770e-05	3	0.426	1.041e-05	2.899e-05	1.829e-05
torun	NOUN	interference	störung|einmischung	interferencia|injerencia	5.770e-05	3	0.530	1.108e-05	3.731e-05	9.304e-06
rileg	NOUN	privilege	privileg	privilegio	5.766e-05	3	0.625	2.405e-05	8.863e-06	2.475e-05
lobis	NOUN	praise	lob|loben	elogio|alabanza	5.762e-05	3	0.452	2.638e-05	2.199e-05	9.244e-06
falot	NOUN	fleet	flotte	flota	5.757e-05	3	0.634	2.388e-05	1.709e-05	1.660e-05
vasat	VERB	waste			5.752e-05	3	0.800	5.752e-05	0.000e+00	0.000e+00
pepar	ADJ	prepared		preparado	5.750e-05	3	0.625	1.493e-05	0.000e+00	4.257e-05
baris	ADJ		bayerisch		5.749e-05	3	0.714	0.000e+00	5.749e-05	0.000e+00
vahom	PRON	whom			5.746e-05	3	0.800	5.746e-05	0.000e+00	0.000e+00
vusar	DET			vuestro	5.745e-05	3	0.667	0.000e+00	0.000e+00	5.745e-05
linil	ADJ	clinical	klinische|klinisch	clínico	5.740e-05	3	0.640	3.616e-05	9.839e-06	1.140e-05
samin	VERB	examine		examinar	5.738e-05	3	0.672	4.215e-05	0.000e+00	1.523e-05
vages	ADJ	protestant	evangelisch	protestante	5.737e-05	3	0.478	7.209e-06	4.489e-05	5.267e-06
merat	NOUN	mate	kamerad	mate	5.737e-05	3	0.594	2.788e-05	1.207e-05	1.741e-05
seded	VERB	exceed	überschreiten|übersteigen	exceder	5.736e-05	3	0.385	2.004e-05	3.097e-05	6.355e-06
rerat	NOUN	aircraft	luftfahrt	aeronave	5.736e-05	3	0.476	4.877e-05	3.656e-06	4.930e-06
kegeb	VERB		kriegen		5.735e-05	3	0.571	0.000e+00	5.735e-05	0.000e+00
serih	NOUN	stripe	streifen	raya|franja	5.733e-05	3	0.339	1.009e-05	2.260e-05	2.463e-05
lalad	NOUN	ally	verbündete|verbündeter	aliado	5.730e-05	3	0.411	3.013e-05	9.638e-06	1.753e-05
dukar	VERB	educate	erziehen|belehren	educar	5.728e-05	3	0.564	2.658e-05	1.415e-05	1.654e-05
lefon	NOUN	telephone	telefonnummer	telefonía	5.728e-05	3	0.640	3.377e-05	1.631e-05	7.197e-06
sutad	ADJ	suitable	passend	apropiado	5.726e-05	3	0.387	2.678e-05	8.956e-06	2.152e-05
rogam	NOUN	programming	programmierung	programación	5.725e-05	3	0.452	2.611e-05	4.402e-06	2.674e-05
latop	NOUN	laptop	laptop|notebook	portátil	5.723e-05	3	0.698	2.284e-05	2.679e-05	7.595e-06
polis	ADJ	polish	polnisch	polaco	5.722e-05	3	0.834	1.360e-05	3.416e-05	9.460e-06
veses	NOUN			veces	5.722e-05	3	1.000	0.000e+00	0.000e+00	5.722e-05
norom	ADJ	enormous	enorm		5.717e-05	3	0.565	1.986e-05	3.731e-05	0.000e+00
dakes	NOUN	darkness	dunkelheit	oscuridad	5.711e-05	3	0.396	2.232e-05	1.491e-05	1.988e-05
tener	NOUN	teenager	jugendlicher		5.710e-05	3	0.479	2.511e-05	3.199e-05	0.000e+00
vigag	NOUN	vintage	jahrgang|oldtimer	cosecha	5.703e-05	3	0.323	1.348e-05	2.867e-05	1.488e-05
limin	VERB	eliminate	beseitigen		5.702e-05	3	0.500	3.512e-05	2.190e-05	0.000e+00
kobar	VERB			cobrar	5.694e-05	3	0.833	0.000e+00	0.000e+00	5.694e-05
reket	NOUN	recreation	freizeit	ocio|recreo|recreación	5.690e-05	3	0.449	1.228e-05	2.872e-05	1.590e-05
dubek	NOUN	deck	deck	cubierta|mazo	5.689e-05	3	0.521	3.322e-05	7.821e-06	1.584e-05
lunel	NOUN	tunnel	tunnel	túnel	5.689e-05	3	0.800	1.942e-05	2.309e-05	1.438e-05
robil	NOUN	probability	wahrscheinlichkeit	probabilidad	5.687e-05	3	0.348	1.172e-05	2.414e-05	2.101e-05
simat	NOUN	estimate	schätzung	estimado	5.685e-05	3	0.548	2.874e-05	1.271e-05	1.541e-05
barel	NOUN	barrel	zylinder	cañón|barril	5.685e-05	3	0.619	2.356e-05	6.354e-06	2.694e-05
migat	NOUN	migrant	migranten|gastarbeiter	migrante	5.683e-05	3	0.617	1.444e-05	2.849e-05	1.391e-05
nirar	ADJ			universitario	5.678e-05	3	0.455	0.000e+00	0.000e+00	5.678e-05
misar	NOUN	inspector	kommissar|inspektor	comisario|inspector	5.676e-05	3	0.445	2.463e-05	1.694e-05	1.519e-05
pedid	ADJ	lost	verloren	perdido	5.675e-05	3	0.615	9.883e-06	5.866e-06	4.101e-05
kofun	VERB	confuse	verwechseln	confundir	5.670e-05	3	0.494	2.004e-05	1.613e-05	2.053e-05
fudin	NOUN	funding		financiación	5.668e-05	3	0.569	3.899e-05	0.000e+00	1.769e-05
davor	ADV		davor		5.668e-05	3	1.000	0.000e+00	5.668e-05	0.000e+00
durar	VERB			durar	5.667e-05	3	1.000	0.000e+00	0.000e+00	5.667e-05
noran	ADJ	orange		naranja|anaranjado	5.665e-05	3	0.618	3.620e-05	0.000e+00	2.046e-05
repat	VERB	breathe		respirar	5.663e-05	3	0.552	2.967e-05	0.000e+00	2.697e-05
resor	VERB	restore	wiederherstellen	restaurar	5.662e-05	3	0.661	3.744e-05	9.325e-06	9.857e-06
vabal	ADV	way			5.662e-05	3	0.200	5.662e-05	0.000e+00	0.000e+00
komor	NOUN	comfort	komfort	comodidad|consuelo|confort	5.657e-05	3	0.578	2.748e-05	4.402e-06	2.468e-05
koser	VERB	concern	bedenken		5.656e-05	3	0.492	3.519e-05	2.137e-05	0.000e+00
depiv	ADJ			deportivo	5.655e-05	3	0.625	0.000e+00	0.000e+00	5.655e-05
rerer	VERB	reserve	reservieren	reservar	5.655e-05	3	0.594	3.435e-05	8.882e-06	1.332e-05
molot	ADJ	smooth	glatt	liso	5.651e-05	3	0.488	2.756e-05	2.627e-05	2.674e-06
gakag	NOUN		kg		5.648e-05	3	0.400	0.000e+00	5.648e-05	0.000e+00
nerat	NOUN	councillor	stadtrat|gemeinderat	concejal	5.648e-05	3	0.354	9.084e-06	3.219e-05	1.520e-05
manid	NOUN	magnitude	ausmaß|größenordnung	magnitud	5.648e-05	3	0.350	1.116e-05	2.662e-05	1.870e-05
munek	NOUN	doll	puppe	muñeca|muñeco	5.646e-05	3	0.452	2.004e-05	1.364e-05	2.277e-05
suril	NOUN	survival	überleben	supervivencia|sobrevivencia	5.645e-05	3	0.410	2.611e-05	1.611e-05	1.422e-05
lanat	VERB	plant	pflanzen		5.644e-05	3	0.584	5.252e-05	3.917e-06	0.000e+00
hemuk	NOUN	jewelry	schmuck	joya|joyería	5.639e-05	3	0.329	1.473e-05	1.947e-05	2.219e-05
riris	ADJ	irish	irisch	irlandés	5.637e-05	3	0.726	3.872e-05	1.004e-05	7.604e-06
miger	NOUN	misery	unglück|elend	miseria	5.634e-05	3	0.450	9.013e-06	2.830e-05	1.903e-05
kokar	VERB			colocar	5.632e-05	3	0.714	0.000e+00	0.000e+00	5.632e-05
geren	VERB		geraten		5.631e-05	3	0.714	0.000e+00	5.631e-05	0.000e+00
dafad	NOUN	fdi	di		5.628e-05	3	0.203	9.073e-07	5.538e-05	0.000e+00
heful	ADJ	helpful	nützlich|hilfsbereit		5.623e-05	3	0.450	3.002e-05	2.621e-05	0.000e+00
falod	NOUN	flood	flut|überschwemmung	inundación|diluvio	5.623e-05	3	0.438	3.117e-05	1.068e-05	1.437e-05
madat	NOUN	mandate	mandat	mandato	5.621e-05	3	0.833	1.041e-05	1.459e-05	3.120e-05
hisok	NOUN	hockey	eishockey|hockey	hockey	5.620e-05	3	0.651	2.935e-05	2.013e-05	6.719e-06
valar	VERB	value		valorar	5.619e-05	3	0.653	3.004e-05	0.000e+00	2.615e-05
paraf	NOUN	paragraph	ziffer|paragraph	párrafo|apartado	5.616e-05	3	0.611	1.609e-05	1.151e-05	2.856e-05
ranil	NOUN	trail	wanderweg	rastro	5.608e-05	3	0.522	3.939e-05	5.781e-06	1.091e-05
siben	VERB	slide	schieben	deslizar	5.608e-05	3	0.652	1.465e-05	3.994e-05	1.501e-06
nerit	NOUN	entrance	eintritt		5.604e-05	3	0.432	2.734e-05	2.870e-05	0.000e+00
nanet	ADJ		erneut		5.602e-05	3	0.500	0.000e+00	5.602e-05	0.000e+00
rinel	NOUN	print	drucken|print|ausdrucken	huella	5.599e-05	3	0.387	2.114e-05	1.069e-05	2.415e-05
dafid	ADJ	afraid			5.591e-05	3	0.500	5.591e-05	0.000e+00	0.000e+00
ganen	VERB	supplement	ergänzen		5.590e-05	3	0.535	1.254e-05	4.336e-05	0.000e+00
pepup	INTJ			ay	5.586e-05	3	0.000	0.000e+00	0.000e+00	5.586e-05
tetik	ADJ	authentic	verbindlich|authentisch	auténtico	5.586e-05	3	0.559	1.228e-05	1.273e-05	3.085e-05
felas	NOUN	flash	blitz	flash|destello	5.585e-05	3	0.645	3.147e-05	1.130e-05	1.308e-05
sabut	VERB	shut			5.579e-05	3	0.600	5.579e-05	0.000e+00	0.000e+00
seget	NOUN	segment	segment	segmento	5.578e-05	3	0.714	3.097e-05	1.012e-05	1.469e-05
tebil	ADV		teil		5.567e-05	3	0.800	0.000e+00	5.567e-05	0.000e+00
goran	NOUN	grain	korn	grano	5.565e-05	3	0.672	2.244e-05	1.331e-05	1.990e-05
tinig	ADJ	tiny	winzig		5.565e-05	3	0.611	4.654e-05	9.111e-06	0.000e+00
videl	ADV	widely		ampliamente	5.562e-05	3	0.757	3.872e-05	0.000e+00	1.690e-05
tetag	ADJ	steady	stetig|gleichmäßig		5.561e-05	3	0.462	1.951e-05	3.610e-05	0.000e+00
tedal	NOUN	cathedral	dom|kathedrale	catedral	5.561e-05	3	0.471	1.090e-05	2.507e-05	1.963e-05
mehal	NOUN	meal	mahlzeit		5.560e-05	3	0.754	5.100e-05	4.603e-06	0.000e+00
relis	ADJ	realistic	realistisch	realista	5.557e-05	3	0.608	1.618e-05	2.111e-05	1.828e-05
matur	NOUN	amateur	amateur	aficionado|amateur	5.554e-05	3	0.503	1.853e-05	1.846e-05	1.855e-05
luson	NOUN	illusion	illusion	ilusión	5.550e-05	3	0.714	1.279e-05	1.190e-05	3.080e-05
dukiv	ADJ	productive	produktiv	productivo	5.550e-05	3	0.556	1.853e-05	7.289e-06	2.968e-05
lemot	NOUN	motto	motto|devise	lema	5.547e-05	3	0.576	5.859e-06	3.628e-05	1.333e-05
visab	ADJ	wise		sabio	5.542e-05	3	0.600	3.471e-05	0.000e+00	2.071e-05
rener	ADJ		wiener		5.542e-05	3	0.667	0.000e+00	5.542e-05	0.000e+00
komev	ADJ	competitive		competitivo	5.541e-05	3	0.500	4.151e-05	0.000e+00	1.390e-05
mehen	VERB	bypass	umgehen		5.540e-05	3	0.617	7.555e-06	4.784e-05	0.000e+00
miben	ADV		mitten		5.538e-05	3	0.800	0.000e+00	5.538e-05	0.000e+00
dabir	ADP			dar	5.537e-05	3	0.600	0.000e+00	0.000e+00	5.537e-05
segal	NOUN	seal	siegel	sello|foca	5.537e-05	3	0.667	1.906e-05	1.130e-05	2.501e-05
repas	NOUN	workplace	arbeitsplatz|arbeitsstelle		5.530e-05	3	0.428	1.228e-05	4.303e-05	0.000e+00
gerot	ADJ		grösste		5.520e-05	3	0.600	0.000e+00	5.520e-05	0.000e+00
loser	NOUN	monastery	kloster	monasterio	5.520e-05	3	0.640	6.495e-06	3.600e-05	1.271e-05
salit	NOUN	satellite	satellit	satélite	5.518e-05	3	0.714	3.046e-05	1.139e-05	1.333e-05
kobir	NOUN	choir	chor	coro	5.514e-05	3	0.631	8.470e-06	2.952e-05	1.715e-05
siten	NOUN	excitement	aufregung|erregung	entusiasmo|excitación	5.513e-05	3	0.313	1.730e-05	2.020e-05	1.763e-05
tegen	ADP		entgegen		5.513e-05	3	0.625	0.000e+00	5.513e-05	0.000e+00
radat	NOUN	graduate	diplom|absolvent	licenciado|postgrado	5.510e-05	3	0.341	2.310e-05	2.026e-05	1.174e-05
salet	NOUN	jump		salto|salta	5.510e-05	3	0.565	1.620e-05	0.000e+00	3.890e-05
telen	VERB		aufstellen		5.510e-05	3	0.556	0.000e+00	5.510e-05	0.000e+00
letim	ADJ	legitimate	legitim|rechtmäßig	legítimo	5.508e-05	3	0.612	1.853e-05	1.625e-05	2.030e-05
halaf	DET	half			5.507e-05	3	0.800	5.507e-05	0.000e+00	0.000e+00
netil	ADJ	childish		infantil	5.503e-05	3	0.464	5.993e-06	0.000e+00	4.903e-05
tuden	VERB		studieren		5.497e-05	3	0.556	0.000e+00	5.497e-05	0.000e+00
hidet	ADJ	hidden	verborgen	oculto|escondido	5.497e-05	3	0.399	1.974e-05	2.367e-06	3.286e-05
lilin	NOUN	airline	fluggesellschaft|airline	aerolínea	5.494e-05	3	0.536	2.957e-05	1.267e-05	1.270e-05
gosed	NOUN	goodbye	abschied	despedida	5.494e-05	3	0.438	2.232e-05	2.307e-05	9.542e-06
bemek	VERB		bemerken		5.490e-05	3	0.625	0.000e+00	5.490e-05	0.000e+00
makis	NOUN	max		máximo	5.485e-05	3	0.755	3.643e-05	0.000e+00	1.842e-05
darag	VERB	drag	schleppen	arrastrar	5.481e-05	3	0.580	3.291e-05	7.297e-06	1.460e-05
vetag	NOUN	everyday	alltag		5.479e-05	3	0.540	1.235e-05	4.244e-05	0.000e+00
dahid	NOUN	aid	beihilfe		5.479e-05	3	0.567	4.908e-05	5.703e-06	0.000e+00
depit	NOUN	deposit	einlage	depósito	5.471e-05	3	0.627	1.792e-05	6.662e-06	3.013e-05
pasar	NOUN	pass	vergehen	pase|pasar	5.469e-05	3	0.593	1.524e-05	3.254e-06	3.619e-05
vereg	NOUN	spread	verbreitung|verteilen	propagación	5.463e-05	3	0.380	1.922e-05	3.075e-05	4.652e-06
kadis	VERB	kiss		kiss	5.463e-05	3	0.600	5.235e-05	0.000e+00	2.276e-06
gehos	NOUN	ghost		fantasma	5.460e-05	3	0.460	3.782e-05	0.000e+00	1.678e-05
roram	NOUN	programme			5.457e-05	3	0.714	5.457e-05	0.000e+00	0.000e+00
kopir	VERB	copy	kopieren	copiar	5.448e-05	3	0.671	2.873e-05	1.033e-05	1.542e-05
deket	NOUN			decreto	5.445e-05	3	0.833	0.000e+00	0.000e+00	5.445e-05
danin	NOUN	dancing	tanzen	danza	5.428e-05	3	0.613	1.924e-05	1.485e-05	2.020e-05
garin	NOUN	earning	verdienst		5.428e-05	3	0.466	3.024e-05	2.403e-05	0.000e+00
vedor	NOUN	vendor	verkäufer	vendedor	5.425e-05	3	0.583	1.346e-05	1.736e-05	2.343e-05
tatig	ADJ		tätig		5.425e-05	3	1.000	0.000e+00	5.425e-05	0.000e+00
rafet	NOUN	craft	handwerk	artesanía	5.424e-05	3	0.422	2.831e-05	2.027e-05	5.656e-06
tarap	NOUN	trap	falle	trampa	5.421e-05	3	0.623	2.388e-05	8.785e-06	2.154e-05
mehat	ADV	somewhat	einigermaßen		5.417e-05	3	0.502	3.962e-05	1.455e-05	0.000e+00
hatig	ADJ	sustained	nachhaltig	sostenido	5.414e-05	3	0.435	1.730e-05	3.430e-05	2.540e-06
fetiv	ADJ			efectivo	5.411e-05	3	0.714	0.000e+00	0.000e+00	5.411e-05
kudin	VERB	terminate	kündigen		5.411e-05	3	0.547	1.126e-05	4.285e-05	0.000e+00
biter	ADJ	bitter	bitter	amargo|amargado	5.408e-05	3	0.738	1.808e-05	2.181e-05	1.420e-05
ronil	ADJ	provincial		provincial	5.408e-05	3	0.500	1.339e-05	0.000e+00	4.068e-05
beref	ADJ		betreffen		5.407e-05	3	0.625	0.000e+00	5.407e-05	0.000e+00
delan	ADV			delante	5.400e-05	3	0.833	0.000e+00	0.000e+00	5.400e-05
fotik	NOUN	computing	informatik|datenverarbeitung	informática|computación	5.400e-05	3	0.408	1.306e-05	1.697e-05	2.398e-05
demel	ADV	deeply	zutiefst	profundamente	5.399e-05	3	0.437	3.069e-05	5.214e-06	1.809e-05
dikim	NOUN	discrimination	diskriminierung	discriminación	5.389e-05	3	0.351	2.277e-05	1.303e-05	1.809e-05
rerun	NOUN	renewal	verlängerung|erneuerung	renovación	5.387e-05	3	0.380	7.723e-06	3.074e-05	1.541e-05
roler	ADJ	merry	fröhlich|heiter	alegre	5.386e-05	3	0.408	7.544e-06	2.408e-05	2.224e-05
sekit	NOUN			escrito	5.385e-05	3	0.500	0.000e+00	0.000e+00	5.385e-05
silan	VERB	shine	strahlen|glänzen	brillar	5.383e-05	3	0.480	2.307e-05	2.058e-05	1.018e-05
sopig	NOUN	shopping	einkauf		5.377e-05	3	0.576	3.719e-05	1.658e-05	0.000e+00
vevol	VERB	evolve	weiterentwickeln	evolucionar	5.375e-05	3	0.448	2.896e-05	1.118e-05	1.361e-05
hevil	ADV	heavily		fuertemente	5.373e-05	3	0.628	3.872e-05	0.000e+00	1.501e-05
hisob	NOUN	hobby	hobby	afición|pasatiempo	5.369e-05	3	0.538	1.387e-05	2.611e-05	1.371e-05
tinat	NOUN	tape		cinta	5.366e-05	3	0.506	2.511e-05	0.000e+00	2.855e-05
mubel	NOUN	furniture	möbel	mueble	5.362e-05	3	0.467	2.176e-05	1.615e-05	1.571e-05
laral	ADJ	israeli	israelisch	israelí	5.361e-05	3	0.464	2.801e-05	1.540e-05	1.021e-05
tilit	NOUN	utility	nutzen	utilidad	5.359e-05	3	0.604	2.942e-05	8.468e-06	1.571e-05
bigaf	NOUN	bio	bio	biografía	5.358e-05	3	0.315	1.306e-05	2.852e-05	1.201e-05
soker	NOUN	soccer		futbol	5.358e-05	3	0.524	3.370e-05	0.000e+00	1.988e-05
liter	NOUN	liter	liter	litro	5.355e-05	3	0.935	4.944e-06	3.112e-05	1.748e-05
mafin	ADJ	marine		marino	5.353e-05	3	0.800	2.837e-05	0.000e+00	2.516e-05
kilen	ADJ			chileno	5.353e-05	3	1.000	0.000e+00	0.000e+00	5.353e-05
vanit	NOUN	width	breite|breit	ancho|anchura	5.351e-05	3	0.393	1.172e-05	2.178e-05	2.001e-05
mabum	NOUN	mum		mama	5.348e-05	3	0.600	2.868e-05	0.000e+00	2.480e-05
volag	NOUN	submission	vorlage|unterwerfung	sumisión|sometimiento	5.347e-05	3	0.517	1.306e-05	3.527e-05	5.139e-06
naben	ADJ	ancient			5.346e-05	3	0.429	5.346e-05	0.000e+00	0.000e+00
logip	NOUN	logo	logo	logotipo	5.338e-05	3	0.608	2.132e-05	2.853e-05	3.529e-06
supes	NOUN			supuesto	5.336e-05	3	0.714	0.000e+00	0.000e+00	5.336e-05
ganid	ADJ	organized	organisiert	organizado	5.333e-05	3	0.545	1.572e-05	3.057e-06	3.456e-05
hanet	VERB	hunt	jagen	cazar	5.332e-05	3	0.456	2.516e-05	1.796e-05	1.020e-05
gelan	NOUN	terrain	gelände|terrain		5.332e-05	3	0.743	9.720e-06	4.360e-05	0.000e+00
foraf	NOUN	photography	fotografie		5.330e-05	3	0.625	3.147e-05	2.183e-05	0.000e+00
perim	NOUN	journalism	journalismus	periodismo	5.330e-05	3	0.414	1.473e-05	1.242e-05	2.614e-05
ponet	NOUN	opponent		adversario|oponente	5.326e-05	3	0.616	3.660e-05	0.000e+00	1.666e-05
babos	ADJ		bös		5.325e-05	3	0.600	0.000e+00	5.325e-05	0.000e+00
buter	NOUN	butter	butter	mantequilla	5.324e-05	3	0.896	2.801e-05	1.787e-05	7.366e-06
petiv	ADV	respectively		respectivamente	5.324e-05	3	0.415	3.147e-05	0.000e+00	2.177e-05
genis	NOUN	genius		genio|genialidad	5.322e-05	3	0.697	2.388e-05	0.000e+00	2.933e-05
kakun	NOUN	calculation	berechnung	cálculo	5.317e-05	3	0.498	6.417e-06	2.277e-05	2.399e-05
lesel	NOUN	grocery	lebensmittel		5.315e-05	3	0.413	1.806e-05	3.510e-05	0.000e+00
nerur	VERB	interrupt	unterbrechen	interrumpir	5.314e-05	3	0.437	1.457e-05	2.449e-05	1.407e-05
raget	ADV	straight		recto|directo	5.301e-05	3	0.492	4.987e-05	0.000e+00	3.137e-06
guran	VERB	guarantee			5.300e-05	3	0.714	5.300e-05	0.000e+00	0.000e+00
revin	NOUN	revision	revision|überarbeitung	revisión	5.299e-05	3	0.601	1.052e-05	1.327e-05	2.919e-05
ruber	NOUN	ruler	herrscher|machthaber	gobernante	5.298e-05	3	0.454	1.331e-05	1.660e-05	2.306e-05
torof	NOUN	trophy	pokal|trophäe	trofeo	5.297e-05	3	0.529	1.652e-05	2.695e-05	9.503e-06
felik	ADJ	peaceful	friedlich		5.294e-05	3	0.424	2.132e-05	3.163e-05	0.000e+00
renev	VERB	renew	erneuern	renovar	5.293e-05	3	0.654	1.816e-05	1.735e-05	1.741e-05
solar	ADJ	solar		solar	5.292e-05	3	1.000	3.783e-05	0.000e+00	1.508e-05
donag	NOUN		donnerstag		5.289e-05	3	0.556	0.000e+00	5.289e-05	0.000e+00
mavam	NOUN		wm		5.289e-05	3	0.400	0.000e+00	5.289e-05	0.000e+00
surik	NOUN		zürich		5.289e-05	3	1.000	0.000e+00	5.289e-05	0.000e+00
dasen	NOUN	dozen	dutzend	docena	5.288e-05	3	0.701	1.507e-05	2.289e-05	1.492e-05
fikid	NOUN	fluid	flüssigkeit	líquido|fluido	5.286e-05	3	0.597	2.143e-05	1.490e-05	1.653e-05
reseg	NOUN	receipt	beleg|quittung	recibo	5.285e-05	3	0.569	9.285e-06	2.441e-05	1.915e-05
boput	NOUN	boost	steigerung|auftrieb	impulso	5.284e-05	3	0.330	1.639e-05	1.836e-05	1.809e-05
vever	NOUN	viewer	betrachter	espectador	5.283e-05	3	0.518	2.510e-05	6.719e-06	2.101e-05
relan	NOUN	realization	durchführung	realización	5.281e-05	3	0.338	5.859e-06	2.260e-05	2.435e-05
tonag	NOUN	tongue	zunge		5.280e-05	3	0.622	2.926e-05	2.354e-05	0.000e+00
livig	NOUN	living		vivir	5.277e-05	3	0.819	4.960e-05	0.000e+00	3.174e-06
sadul	VERB	schedule		programar	5.272e-05	3	0.658	4.183e-05	0.000e+00	1.088e-05
lehen	VERB	lean	lehnen		5.270e-05	3	0.772	1.391e-05	3.879e-05	0.000e+00
suviv	NOUN	survivor	überlebende	sobreviviente|superviviente	5.268e-05	3	0.405	2.522e-05	1.207e-05	1.539e-05
kabin	NOUN	cabin	hütte	cabina	5.264e-05	3	0.522	1.780e-05	2.518e-05	9.662e-06
bedik	ADJ		selbstverständlich		5.263e-05	3	0.294	0.000e+00	5.263e-05	0.000e+00
fises	NOUN	efficiency	effizienz|effektivität	eficiencia	5.263e-05	3	0.599	2.678e-05	1.171e-05	1.414e-05
dires	ADJ		divers		5.262e-05	3	0.667	0.000e+00	5.262e-05	0.000e+00
karet	NOUN	chart		gráfico	5.254e-05	3	0.564	3.292e-05	0.000e+00	1.962e-05
bugek	NOUN	bug	bug	insecto	5.252e-05	3	0.536	2.991e-05	9.939e-06	1.267e-05
kamak	NOUN	mac	mac		5.250e-05	3	0.600	3.270e-05	1.980e-05	0.000e+00
kures	NOUN	currency	währung	divisa	5.240e-05	3	0.500	2.611e-05	1.474e-05	1.154e-05
gehan	VERB		eingehen		5.238e-05	3	0.500	0.000e+00	5.238e-05	0.000e+00
hetar	NOUN	acre	hektar	hectárea|acre	5.238e-05	3	0.612	1.652e-05	1.491e-05	2.096e-05
mapal	ADV	mainly	hauptsächlich		5.236e-05	3	0.564	4.442e-05	7.943e-06	0.000e+00
kovin	NOUN	conviction	überzeugung	convicción|convencimiento	5.235e-05	3	0.357	2.113e-05	1.787e-05	1.336e-05
hakes	NOUN	axis	achse	eje	5.233e-05	3	0.359	1.172e-05	1.496e-05	2.566e-05
komik	NOUN	comic	comic	cómic|historieta	5.229e-05	3	0.912	2.385e-05	1.007e-05	1.836e-05
huset	NOUN	adjustment	anpassung	ajuste	5.225e-05	3	0.398	1.585e-05	1.703e-05	1.938e-05
kafer	NOUN	cafe	café|cafe	cafetería	5.224e-05	3	0.614	1.611e-05	2.983e-05	6.299e-06
natel	NOUN	disadvantage	nachteil|benachteiligung	desventaja	5.224e-05	3	0.498	9.173e-06	3.431e-05	8.757e-06
porab	ADV	pre	vorab		5.220e-05	3	0.495	3.977e-05	1.242e-05	0.000e+00
valen	NOUN			valencia	5.218e-05	3	0.833	0.000e+00	0.000e+00	5.218e-05
kakat	NOUN		aktie		5.218e-05	3	0.600	0.000e+00	5.218e-05	0.000e+00
divor	NOUN	divorce	scheidung	divorcio	5.218e-05	3	0.669	2.678e-05	1.242e-05	1.297e-05
linal	ADJ	lonely	einsam	solitario	5.218e-05	3	0.517	1.986e-05	1.709e-05	1.522e-05
serug	NOUN	struggle			5.217e-05	3	0.667	5.217e-05	0.000e+00	0.000e+00
topot	NOUN	pot	topf	olla	5.217e-05	3	0.528	2.801e-05	1.479e-05	9.363e-06
hener	ADV	whenever			5.214e-05	3	0.625	5.214e-05	0.000e+00	0.000e+00
rusen	VERB	rush	hetzen		5.213e-05	3	0.590	4.708e-05	5.053e-06	0.000e+00
dedid	ADJ	dedicated	engagiert	dedicado	5.213e-05	3	0.580	2.313e-05	5.504e-06	2.349e-05
veten	VERB	betray	verraten	traicionar	5.212e-05	3	0.630	6.417e-06	4.186e-05	3.840e-06
parik	NOUN	parish	kirchengemeinde|pfarrei|pfarrkirche	parroquia	5.211e-05	3	0.590	1.440e-05	2.371e-05	1.401e-05
susen	ADJ	sufficient	ausreichend|hinreichend		5.208e-05	3	0.453	2.332e-05	2.875e-05	0.000e+00
rabet	NOUN	rat		rata	5.208e-05	3	0.600	2.902e-05	0.000e+00	2.306e-05
varem	NOUN	heating	wärme|klimaanlage	calentamiento	5.204e-05	3	0.421	1.498e-05	3.034e-05	6.719e-06
litor	ADJ	mandatory	obligatorisch|zwingend	obligatorio	5.203e-05	3	0.457	1.507e-05	9.541e-06	2.742e-05
dused	ADJ	used		usado|utilizado	5.203e-05	3	0.623	2.679e-05	0.000e+00	2.524e-05
levil	ADJ	evil	übel	malvado	5.202e-05	3	0.502	2.631e-05	2.298e-05	2.733e-06
hamel	NOUN	hammer	hammer	martillo	5.201e-05	3	0.745	1.618e-05	2.970e-05	6.133e-06
senal	NOUN			central	5.199e-05	3	0.714	0.000e+00	0.000e+00	5.199e-05
rebel	NOUN	rebel	rebell	rebelde|rebeldes	5.198e-05	3	0.953	2.645e-05	1.302e-05	1.251e-05
kinad	ADJ	kind		amable	5.197e-05	3	0.443	2.876e-05	0.000e+00	2.321e-05
lidar	NOUN	solidarity	solidarität	solidaridad	5.197e-05	3	0.471	8.660e-06	1.597e-05	2.733e-05
farul	NOUN	fault	verschulden		5.195e-05	3	0.584	4.877e-05	3.183e-06	0.000e+00
behan	NOUN	assertion	behauptung	afirmación	5.194e-05	3	0.345	6.841e-06	2.402e-05	2.108e-05
serar	VERB			acercar	5.194e-05	3	0.714	0.000e+00	0.000e+00	5.194e-05
humil	ADJ	humble	bescheiden	humilde	5.193e-05	3	0.632	1.440e-05	1.410e-05	2.343e-05
melod	NOUN	tune	melodie|einschalten	melodía	5.192e-05	3	0.518	2.076e-05	2.203e-05	9.135e-06
nenad	NOUN	downtown	innenstadt		5.192e-05	3	0.371	2.222e-05	2.970e-05	0.000e+00
labur	NOUN	labour	arbeitsmarkt		5.191e-05	3	0.645	3.727e-05	1.464e-05	0.000e+00
garil	NOUN	glasses	brille	gafas	5.190e-05	3	0.468	1.901e-05	2.403e-05	8.863e-06
basub	NOUN	sub		sub	5.187e-05	3	0.600	2.550e-05	0.000e+00	2.637e-05
raruv	ADJ	raw	roh	crudo	5.187e-05	3	0.526	3.783e-05	5.135e-06	8.906e-06
vital	ADJ	vital		vital	5.184e-05	3	1.000	2.678e-05	0.000e+00	2.506e-05
bates	NOUN	bath	badezimmer	bañera|baños	5.182e-05	3	0.572	3.591e-05	9.395e-06	6.510e-06
takul	NOUN	obstacle	hürde	obstáculo	5.181e-05	3	0.386	1.433e-05	1.530e-05	2.218e-05
korut	ADJ	corrupt	beschädigt|korrupt	corrupto	5.177e-05	3	0.789	1.540e-05	5.621e-06	3.074e-05
roral	ADJ	oral	mündlich	oral	5.176e-05	3	0.642	2.031e-05	1.241e-05	1.904e-05
betat	NOUN	beat	takt	beat	5.171e-05	3	0.694	3.569e-05	1.370e-05	2.326e-06
sodas	SCONJ		sodass		5.171e-05	3	1.000	0.000e+00	5.171e-05	0.000e+00
buden	NOUN		bundesregierung		5.171e-05	3	0.333	0.000e+00	5.171e-05	0.000e+00
dinag	NOUN		dienstag		5.171e-05	3	0.625	0.000e+00	5.171e-05	0.000e+00
pabas	NOUN		ps		5.171e-05	3	0.400	0.000e+00	5.171e-05	0.000e+00
nosin	NOUN	nonsense	unsinn	tonterías|tontería	5.168e-05	3	0.512	1.808e-05	2.367e-05	9.940e-06
tomik	ADV	automatically		automáticamente	5.165e-05	3	0.427	3.694e-05	0.000e+00	1.471e-05
gilin	NOUN	guideline	richtlinie|leitlinie	directriz	5.162e-05	3	0.593	1.986e-05	2.688e-05	4.871e-06
koker	VERB	conquer	erobern	conquistar	5.158e-05	3	0.543	1.395e-05	2.137e-05	1.626e-05
relab	ADJ	reliable	zuverlässig	confiable	5.155e-05	3	0.464	2.176e-05	1.826e-05	1.153e-05
besat	ADJ		beste		5.154e-05	3	0.800	0.000e+00	5.154e-05	0.000e+00
ratig	ADJ	robust	kräftig	robusto	5.153e-05	3	0.561	9.720e-06	3.714e-05	4.665e-06
garif	NOUN	grip	griff		5.150e-05	3	0.731	1.769e-05	3.381e-05	0.000e+00
posat	ADJ	post		post	5.146e-05	3	0.800	5.088e-06	0.000e+00	4.637e-05
kanal	ADJ	occasional	gelegentlich	ocasional	5.138e-05	3	0.330	1.473e-05	3.096e-05	5.696e-06
herer	VERB			ejercer	5.135e-05	3	0.714	0.000e+00	0.000e+00	5.135e-05
febov	ADJ	fellow			5.134e-05	3	0.800	5.134e-05	0.000e+00	0.000e+00
sofuk	NOUN	couch	sofa	sofá|sillón	5.133e-05	3	0.537	1.751e-05	1.668e-05	1.714e-05
latar	VERB			plantear	5.127e-05	3	0.625	0.000e+00	0.000e+00	5.127e-05
pasap	NOUN	shape			5.127e-05	3	0.600	5.127e-05	0.000e+00	0.000e+00
kivet	ADJ	equivalent	gleichwertig	equivalente	5.127e-05	3	0.538	3.206e-05	4.580e-06	1.463e-05
demin	NOUN	demo	demo	demostración|demo	5.126e-05	3	0.564	1.283e-05	2.414e-05	1.428e-05
darit	ADJ		dritt		5.125e-05	3	0.800	0.000e+00	5.125e-05	0.000e+00
nadun	NOUN	uni	uni		5.121e-05	3	0.400	5.468e-06	4.575e-05	0.000e+00
semet	ADV	subsequently		posteriormente	5.118e-05	3	0.390	1.897e-05	0.000e+00	3.221e-05
revad	NOUN	reward	belohnung	recompensa	5.117e-05	3	0.539	2.899e-05	1.361e-05	8.573e-06
benet	NOUN	congressman	abgeordnete|abgeordneter	congresista	5.116e-05	3	0.411	8.080e-06	3.501e-05	8.071e-06
satif	VERB	satisfy	befriedigen	satisfacer	5.115e-05	3	0.580	2.352e-05	9.123e-06	1.851e-05
kurav	NOUN	curve	kurve	curva	5.115e-05	3	0.800	2.049e-05	1.420e-05	1.646e-05
sasat	ADV	east			5.110e-05	3	0.600	5.110e-05	0.000e+00	0.000e+00
neted	ADJ	unexpected	unerwartet	inesperado	5.108e-05	3	0.433	1.897e-05	1.796e-05	1.414e-05
sosit	NOUN	associate	mitarbeiterin	asociado	5.107e-05	3	0.559	3.464e-05	1.343e-05	3.002e-06
ravir	NOUN	wire	draht	alambre	5.107e-05	3	0.512	3.792e-05	7.301e-06	5.845e-06
sadis	NOUN	dish	speise	platillo	5.106e-05	3	0.572	3.314e-05	1.261e-05	5.298e-06
sekik	VERB	strike			5.105e-05	3	0.600	5.105e-05	0.000e+00	0.000e+00
dihas	NOUN	jazz	jazz	jazz	5.105e-05	3	0.600	2.277e-05	1.834e-05	9.940e-06
kepot	NOUN	export	export	exportación	5.104e-05	3	0.458	1.373e-05	1.306e-05	2.425e-05
hisor	NOUN	historian	historiker	historiador	5.104e-05	3	0.500	1.624e-05	1.541e-05	1.939e-05
mavil	NOUN	mansion	villa	mansión	5.102e-05	3	0.527	1.348e-05	2.925e-05	8.290e-06
tadet	NOUN	et			5.100e-05	3	0.400	5.100e-05	0.000e+00	0.000e+00
riher	ADV	everywhere			5.100e-05	3	0.556	5.100e-05	0.000e+00	0.000e+00
ranen	NOUN	transparency	transparenz|offenheit	transparencia	5.099e-05	3	0.425	8.861e-06	2.186e-05	2.028e-05
heves	NOUN			jueves	5.099e-05	3	0.833	0.000e+00	0.000e+00	5.099e-05
haboh	INTJ			oh	5.099e-05	3	0.400	0.000e+00	0.000e+00	5.099e-05
pabaf	ADP			pa	5.099e-05	3	0.200	0.000e+00	0.000e+00	5.099e-05
koger	VERB			coger	5.098e-05	3	1.000	0.000e+00	0.000e+00	5.098e-05
bunet	ADJ	colorful	bunt		5.098e-05	3	0.689	7.042e-06	4.393e-05	0.000e+00
fasid	NOUN	ease	leichtigkeit	facilidad	5.096e-05	3	0.431	2.139e-05	6.508e-06	2.307e-05
kufig	ADJ		künftig		5.096e-05	3	0.714	0.000e+00	5.096e-05	0.000e+00
betar	VERB	bet	wetten	apostar	5.096e-05	3	0.502	2.295e-05	7.533e-06	2.047e-05
fever	NOUN	fever	fieber	fiebre	5.095e-05	3	0.703	1.914e-05	1.491e-05	1.690e-05
tilas	ADV	partially	teils		5.091e-05	3	0.493	1.730e-05	3.361e-05	0.000e+00
bakup	NOUN	backup	sicherung	respaldo	5.090e-05	3	0.440	1.808e-05	1.725e-05	1.557e-05
lisan	VERB		anschließen		5.089e-05	3	0.444	0.000e+00	5.089e-05	0.000e+00
nobar	VERB			nombrar	5.088e-05	3	0.714	0.000e+00	0.000e+00	5.088e-05
humor	NOUN	humor	humor		5.087e-05	3	1.000	1.514e-05	3.573e-05	0.000e+00
netul	ADJ	unfortunate	unglücklich	lamentable|desafortunado	5.087e-05	3	0.319	1.473e-05	1.769e-05	1.845e-05
davan	NOUN	dawn		amanecer|alba	5.083e-05	3	0.461	2.076e-05	0.000e+00	3.007e-05
sedis	ADJ	swedish	schwedisch	sueco	5.082e-05	3	0.728	1.808e-05	2.427e-05	8.470e-06
diket	NOUN	jet	jet	chorro|jet	5.080e-05	3	0.547	3.549e-05	6.508e-06	8.807e-06
pasug	NOUN	parade	umzug	desfile	5.078e-05	3	0.406	1.658e-05	1.917e-05	1.503e-05
helek	NOUN	helmet	helm	casco	5.076e-05	3	0.458	1.616e-05	1.384e-05	2.075e-05
sadus	NOUN	sauce	sauce	salsa	5.076e-05	3	0.719	2.405e-05	6.212e-06	2.049e-05
koren	ADJ	korean	koreanisch	coreano	5.075e-05	3	0.816	3.448e-05	4.118e-06	1.215e-05
bobad	NOUN	bombing		atentado|bombardeo	5.070e-05	3	0.425	1.742e-05	0.000e+00	3.328e-05
sibes	NOUN	yes	ja	sí	5.069e-05	3	0.110	3.617e-06	3.015e-05	1.693e-05
tagat	VERB	target			5.067e-05	3	0.667	5.067e-05	0.000e+00	0.000e+00
nusir	ADJ	unfair	unfair|ungerecht	injusto|desleal	5.064e-05	3	0.379	1.652e-05	1.857e-05	1.556e-05
porot	NOUN	import	import	importación	5.063e-05	3	0.448	2.253e-05	8.896e-06	1.920e-05
panik	NOUN	panic	panik	pánico	5.063e-05	3	1.000	1.693e-05	1.870e-05	1.501e-05
romas	NOUN	romance	romantik	romance|romanticismo	5.055e-05	3	0.740	2.332e-05	9.845e-06	1.739e-05
genos	ADJ	generous	großzügig	generoso	5.054e-05	3	0.519	1.763e-05	1.788e-05	1.503e-05
torug	ADJ	thorough	sorgfältig|gründlich|eingehend	minucioso	5.053e-05	3	0.348	1.516e-05	3.248e-05	2.884e-06
gibas	VERB		gibts		5.053e-05	3	0.800	0.000e+00	5.053e-05	0.000e+00
ganes	NOUN	whole	ganze|ganzes	entero	5.053e-05	3	0.411	1.916e-05	2.347e-05	7.900e-06
tamet	NOUN			ayuntamiento	5.052e-05	3	0.455	0.000e+00	0.000e+00	5.052e-05
nelal	ADJ	neutral	neutral	neutral|neutro	5.052e-05	3	0.563	1.942e-05	1.896e-05	1.214e-05
bofot	NOUN	boot	kofferraum	bota	5.042e-05	3	0.679	2.965e-05	5.538e-06	1.524e-05
paris	NOUN	prize	preisgeld	premiado	5.041e-05	3	0.750	4.515e-05	3.573e-06	1.690e-06
delog	NOUN	ideology	ideologie	ideología	5.033e-05	3	0.714	1.172e-05	1.302e-05	2.560e-05
relak	VERB	relax	entspannen		5.032e-05	3	0.517	2.828e-05	2.204e-05	0.000e+00
sogan	ADJ		sogenannt		5.031e-05	3	0.625	0.000e+00	5.031e-05	0.000e+00
kemet	VERB	experiment	experimentieren	experimentar	5.030e-05	3	0.407	1.938e-05	3.479e-06	2.744e-05
kuban	ADJ	cuban		cubano	5.028e-05	3	1.000	9.497e-06	0.000e+00	4.079e-05
rasar	ADJ	rear		trasero	5.025e-05	3	0.634	2.456e-05	0.000e+00	2.568e-05
peres	NOUN	preference	vorzug	preferencia	5.023e-05	3	0.488	2.287e-05	8.740e-06	1.863e-05
kolor	NOUN	colour			5.022e-05	3	0.833	5.022e-05	0.000e+00	0.000e+00
sinet	NOUN	singing	singen	canto|cantar	5.019e-05	3	0.468	4.824e-06	1.432e-05	3.105e-05
vegen	VERB	silence	schweigen	silenciar	5.018e-05	3	0.641	5.357e-06	4.147e-05	3.352e-06
viden	ADJ	evident	offenkundig	evidente	5.018e-05	3	0.659	1.090e-05	4.496e-06	3.478e-05
rutal	ADJ	brutal	brutal	brutal	5.017e-05	3	0.833	1.406e-05	1.866e-05	1.744e-05
milag	NOUN	miracle		milagro	5.011e-05	3	0.690	2.148e-05	0.000e+00	2.863e-05
kabeb	VERB			caber	5.011e-05	3	0.800	0.000e+00	0.000e+00	5.011e-05
ranek	VERB	rank			5.011e-05	3	0.800	5.011e-05	0.000e+00	0.000e+00
redek	VERB	reject	abweisen		5.010e-05	3	0.754	4.328e-05	6.826e-06	0.000e+00
tusen	VERB	plunge	stürzen		5.009e-05	3	0.655	4.180e-06	4.591e-05	0.000e+00
nogik	ADJ	technological		tecnológico	5.008e-05	3	0.479	1.283e-05	0.000e+00	3.725e-05
hakik	ADJ		hauptsächlich		5.004e-05	3	0.455	0.000e+00	5.004e-05	0.000e+00
raged	NOUN	tragedy	tragödie	tragedia	5.004e-05	3	0.798	1.758e-05	1.054e-05	2.192e-05
besin	NOUN	liberation	befreiung	liberación	5.002e-05	3	0.467	9.073e-06	1.361e-05	2.733e-05
homag	NOUN	homepage	homepage		5.001e-05	3	0.714	3.147e-06	4.687e-05	0.000e+00
defes	NOUN	defence	abwehr		5.000e-05	3	0.649	3.616e-05	1.384e-05	0.000e+00
rotet	VERB	protest	protestieren	protestar	4.998e-05	3	0.586	2.125e-05	1.332e-05	1.541e-05
lebar	ADJ	comparable	vergleichbar	comparable	4.998e-05	3	0.372	1.339e-05	3.224e-05	4.344e-06
nuler	NOUN	zero	null	cero|zero	4.997e-05	3	0.506	1.283e-06	2.643e-05	2.226e-05
tasen	ADJ	disappointed	enttäuschen|enttäuscht	decepcionado	4.996e-05	3	0.354	1.957e-05	2.066e-05	9.741e-06
sibet	VERB	shift	verschieben		4.993e-05	3	0.490	1.464e-05	3.528e-05	0.000e+00
lanek	NOUN	blanket	decke	manta	4.992e-05	3	0.463	1.828e-05	2.278e-05	8.857e-06
kabut	ADJ	cute			4.988e-05	3	0.600	4.988e-05	0.000e+00	0.000e+00
fabof	NOUN	off	off		4.985e-05	3	0.400	2.785e-05	2.201e-05	0.000e+00
setal	ADV	essentially		fundamentalmente|esencialmente	4.985e-05	3	0.490	2.935e-05	0.000e+00	2.050e-05
forad	VERB	forward	weiterleiten		4.982e-05	3	0.601	4.086e-05	8.957e-06	0.000e+00
rinip	NOUN			príncipe	4.980e-05	3	0.714	0.000e+00	0.000e+00	4.980e-05
benak	NOUN	bench		banca	4.980e-05	3	0.710	2.734e-05	0.000e+00	2.245e-05
piral	ADJ	spiritual		espiritual	4.978e-05	3	0.531	2.801e-05	0.000e+00	2.177e-05
disak	NOUN	disc	disc		4.977e-05	3	0.800	1.507e-05	3.471e-05	0.000e+00
limir	ADJ	preliminary	vorläufig	preliminar	4.977e-05	3	0.375	1.618e-05	2.232e-05	1.126e-05
mitir	VERB			emitir	4.976e-05	3	0.833	0.000e+00	0.000e+00	4.976e-05
nifim	ADJ	uniform	einheitlich	uniforme	4.975e-05	3	0.392	8.684e-06	3.295e-05	8.111e-06
falan	NOUN	flat		plano	4.973e-05	3	0.600	1.108e-05	0.000e+00	3.865e-05
laber	ADJ	aerial		aéreo	4.972e-05	3	0.521	9.073e-06	0.000e+00	4.064e-05
nitet	NOUN	grandson	enkel	nieto	4.969e-05	3	0.519	8.622e-06	1.361e-05	2.746e-05
semer	NOUN	semester	semester|halbjahr	semestre	4.967e-05	3	0.572	1.194e-05	2.233e-05	1.541e-05
bunen	INTJ	good		bueno	4.959e-05	3	0.740	3.720e-06	0.000e+00	4.587e-05
budag	NOUN		bundestag		4.958e-05	3	0.556	0.000e+00	4.958e-05	0.000e+00
kason	NOUN	chase		persecución	4.958e-05	3	0.510	3.069e-05	0.000e+00	1.889e-05
kagar	VERB			encargar	4.953e-05	3	0.625	0.000e+00	0.000e+00	4.953e-05
fekun	ADJ	frequent	häufiger	frecuente	4.953e-05	3	0.559	1.384e-05	5.006e-06	3.068e-05
retat	NOUN	portrait	porträt	retrato	4.951e-05	3	0.585	1.853e-05	9.395e-06	2.159e-05
finit	ADJ	infinite	unbegrenzt	infinito	4.951e-05	3	0.627	1.618e-05	8.428e-06	2.490e-05
meted	NOUN	cemetery	friedhof	cementerio	4.951e-05	3	0.422	1.283e-05	1.917e-05	1.750e-05
kafin	NOUN	qualification	qualifikation|qualifizierung	calificación	4.951e-05	3	0.415	8.470e-06	2.911e-05	1.193e-05
belan	NOUN	strain	belastung	cepa	4.951e-05	3	0.459	1.897e-05	2.888e-05	1.650e-06
keser	ADV	extra	extra		4.949e-05	3	0.400	4.957e-06	4.453e-05	0.000e+00
lovog	ADJ	loving	liebevoll	amoroso	4.945e-05	3	0.493	2.195e-05	1.387e-05	1.364e-05
desat	ADJ	desperate	verzweifelt	desesperado	4.945e-05	3	0.467	2.339e-05	1.526e-05	1.079e-05
kurar	VERB	cure	heilen	curar	4.944e-05	3	0.510	1.636e-05	1.769e-05	1.539e-05
bebal	NOUN	baseball		béisbol	4.943e-05	3	0.683	3.872e-05	0.000e+00	1.071e-05
siper	NOUN	recipient	empfänger	receptor|destinatario	4.942e-05	3	0.377	1.710e-05	1.893e-05	1.339e-05
polik	ADJ	athletic	sportlich	atlético	4.936e-05	3	0.538	1.473e-05	2.748e-05	7.157e-06
neket	NOUN	injustice	unrecht	injusticia	4.935e-05	3	0.381	7.209e-06	2.591e-05	1.623e-05
pitar	NOUN	landlord		propietario|casero	4.935e-05	3	0.464	8.660e-06	0.000e+00	4.069e-05
bilag	ADV		bislang		4.934e-05	3	0.714	0.000e+00	4.934e-05	0.000e+00
gegim	NOUN	regime	regime		4.933e-05	3	0.800	2.610e-05	2.323e-05	0.000e+00
gefik	ADJ	graphic		gráfico	4.932e-05	3	0.667	1.581e-05	0.000e+00	3.351e-05
nadet	NOUN	net			4.932e-05	3	0.600	4.932e-05	0.000e+00	0.000e+00
sanog	NOUN	slope	hang|steigung|gefälle	ladera	4.928e-05	3	0.460	8.861e-06	3.597e-05	4.453e-06
paras	NOUN	paradise	paradies	paraíso	4.927e-05	3	0.731	1.618e-05	1.491e-05	1.818e-05
sumir	NOUN	summit		cumbre	4.924e-05	3	0.691	2.232e-05	0.000e+00	2.692e-05
kakes	VERB	characterize	charakterisieren	caracterizar	4.922e-05	3	0.434	1.452e-05	4.475e-06	3.022e-05
badad	ADJ	broad			4.922e-05	3	0.600	4.922e-05	0.000e+00	0.000e+00
kobor	VERB	collaborate	kooperieren	colaborar	4.917e-05	3	0.501	6.227e-06	9.427e-06	3.352e-05
rotar	NOUN			otra	4.917e-05	3	0.600	0.000e+00	0.000e+00	4.917e-05
pabar	NOUN	pro		pro	4.916e-05	3	0.400	8.269e-06	0.000e+00	4.089e-05
koret	NOUN	correction	korrektur	corrección|rectificación	4.911e-05	3	0.522	1.541e-05	1.781e-05	1.589e-05
vites	VERB	witness	zeugen		4.909e-05	3	0.571	2.974e-05	1.935e-05	0.000e+00
horen	NOUN	oven	ofen	horno	4.909e-05	3	0.678	1.250e-05	1.754e-05	1.905e-05
hemen	VERB	diminish	abnehmen|vermindern		4.909e-05	3	0.445	1.051e-05	3.858e-05	0.000e+00
honad	NOUN	workday		jornada	4.908e-05	3	0.825	9.720e-07	0.000e+00	4.811e-05
rasis	VERB	resist		resistir	4.908e-05	3	0.590	2.642e-05	0.000e+00	2.266e-05
sarad	ADJ	sacred		sagrado	4.906e-05	3	0.767	1.942e-05	0.000e+00	2.964e-05
potar	VERB			aportar	4.905e-05	3	0.714	0.000e+00	0.000e+00	4.905e-05
maler	NOUN	painter	maler	pintor	4.902e-05	3	0.604	9.497e-06	2.272e-05	1.680e-05
supet	ADJ			supuesto	4.902e-05	3	0.714	0.000e+00	0.000e+00	4.902e-05
novet	NOUN	novelty	neuerung|neuheit	novedad	4.899e-05	3	0.510	5.100e-06	1.646e-05	2.743e-05
dokan	NOUN	documentation	dokumentation	documentación	4.897e-05	3	0.385	9.943e-06	1.964e-05	1.938e-05
moman	INTJ	man		hombre	4.896e-05	3	0.590	4.652e-05	0.000e+00	2.437e-06
sesif	VERB	specify		precisar|especificar	4.894e-05	3	0.597	2.151e-05	0.000e+00	2.744e-05
vegar	VERB			vengar	4.891e-05	3	0.833	0.000e+00	0.000e+00	4.891e-05
radab	ADJ	pleasant		agradable	4.891e-05	3	0.483	1.853e-05	0.000e+00	3.039e-05
lafen	VERB		verlaufen		4.890e-05	3	0.556	0.000e+00	4.890e-05	0.000e+00
sedem	ADV		seitdem		4.886e-05	3	0.714	0.000e+00	4.886e-05	0.000e+00
paril	ADJ	partial	teilweise	parcial	4.882e-05	3	0.661	1.652e-05	4.404e-06	2.790e-05
kutin	NOUN	auction	auktion|versteigerung	remate|subasta	4.878e-05	3	0.371	2.076e-05	1.047e-05	1.755e-05
halar	VERB			hallar	4.878e-05	3	1.000	0.000e+00	0.000e+00	4.878e-05
keles	NOUN	excellence		excelencia	4.877e-05	3	0.625	1.306e-05	0.000e+00	3.572e-05
vetad	ADJ	understandable	verständlich|nachvollziehbar	comprensible	4.875e-05	3	0.352	6.138e-06	3.744e-05	5.170e-06
dalig	ADJ		damalig		4.873e-05	3	0.714	0.000e+00	4.873e-05	0.000e+00
lekul	ADJ	intellectual		intelectual	4.870e-05	3	0.455	1.913e-05	0.000e+00	2.957e-05
rikin	NOUN	jurisdiction	rechtsprechung|gerichtsbarkeit	jurisdicción	4.863e-05	3	0.371	1.850e-05	1.403e-05	1.609e-05
daret	NOUN	appreciation	dankbarkeit|aufwertung	agradecimiento|aprecio|apreciación	4.861e-05	3	0.302	1.473e-05	1.007e-05	2.381e-05
riser	NOUN			serio	4.860e-05	3	0.600	0.000e+00	0.000e+00	4.860e-05
panen	ADJ		spannen		4.858e-05	3	0.833	0.000e+00	4.858e-05	0.000e+00
hadip	NOUN	hip	hip	cadera	4.855e-05	3	0.582	3.214e-05	1.207e-05	4.344e-06
tifer	NOUN	tire	reifen	neumático	4.854e-05	3	0.482	2.366e-05	1.842e-05	6.461e-06
konel	ADJ	conventional	konventionell	convencional	4.853e-05	3	0.417	1.986e-05	1.206e-05	1.661e-05
nelis	ADJ	endless	unendlich|endlos	interminable	4.853e-05	3	0.464	1.685e-05	2.409e-05	7.584e-06
vakun	NOUN	vaccine	impfung|impfstoff	vacuna	4.852e-05	3	0.608	1.758e-05	1.635e-05	1.459e-05
ladig	NOUN	landing	landung	aterrizaje|desembarco	4.850e-05	3	0.565	3.062e-05	8.378e-06	9.503e-06
sekun	NOUN	subscription	zeichnung|abonnement	suscripción	4.850e-05	3	0.458	1.283e-05	2.981e-05	5.855e-06
denik	ADJ	identical	identisch	idéntico	4.848e-05	3	0.600	1.808e-05	1.876e-05	1.164e-05
ganar	VERB			garantizar	4.848e-05	3	0.500	0.000e+00	0.000e+00	4.848e-05
lipis	NOUN	cleaning	reinigung	limpieza	4.845e-05	3	0.481	1.295e-05	1.079e-05	2.471e-05
pulid	ADJ	posted	geschrieben|veröffentlicht	publicado	4.844e-05	3	0.464	1.358e-05	7.766e-06	2.709e-05
tarat	NOUN	throat	kehle	garganta	4.843e-05	3	0.508	2.493e-05	6.650e-06	1.685e-05
funal	NOUN	funeral	beerdigung	funeral	4.843e-05	3	0.634	2.845e-05	6.354e-06	1.363e-05
dinad	VERB	invade	einfallen	invadir	4.843e-05	3	0.457	1.421e-05	2.012e-05	1.410e-05
pekum	NOUN	spectrum	spektrum	espectro	4.843e-05	3	0.579	2.031e-05	1.668e-05	1.143e-05
kiker	ADV			siquiera	4.840e-05	3	0.667	0.000e+00	0.000e+00	4.840e-05
bekip	NOUN	scholarship	stipendium	beca	4.838e-05	3	0.446	1.574e-05	4.816e-06	2.783e-05
defit	ADJ	definite	definitiv		4.837e-05	3	0.578	6.729e-06	4.164e-05	0.000e+00
penon	NOUN	prevention	prävention	prevención	4.837e-05	3	0.500	2.132e-05	7.135e-06	1.992e-05
rusel	ADJ	cruel	grausam	cruel	4.836e-05	3	0.559	1.473e-05	1.150e-05	2.214e-05
nepek	NOUN	nonrespect			4.836e-05	3	0.500	4.836e-05	0.000e+00	0.000e+00
heker	NOUN	helicopter	hubschrauber	helicóptero	4.834e-05	3	0.452	2.092e-05	1.156e-05	1.585e-05
nufen	ADJ	run	laufen|ausführen		4.834e-05	3	0.615	5.431e-06	4.291e-05	0.000e+00
dilat	ADJ	diplomatic	diplomatisch	diplomático	4.832e-05	3	0.500	1.440e-05	1.132e-05	2.260e-05
nesar	ADJ	unnecessary	unnötig	innecesario	4.830e-05	3	0.444	1.687e-05	1.904e-05	1.240e-05
ninut	NOUN	input	eingabe|input	aportación	4.830e-05	3	0.430	2.500e-05	1.054e-05	1.276e-05
haven	NOUN	heaven			4.827e-05	3	0.833	4.827e-05	0.000e+00	0.000e+00
kelek	VERB	elect			4.824e-05	3	0.600	4.824e-05	0.000e+00	0.000e+00
gelag	VERB		gelangen		4.822e-05	3	0.625	0.000e+00	4.822e-05	0.000e+00
sesib	ADJ	affordable	preiswert|kostengünstig	accesible|asequible	4.819e-05	3	0.345	1.853e-05	1.071e-05	1.896e-05
hebis	ADV		heiß		4.816e-05	3	0.800	0.000e+00	4.816e-05	0.000e+00
herab	ADV		hierbei		4.816e-05	3	0.600	0.000e+00	4.816e-05	0.000e+00
pator	NOUN	pastor	pastor	pastor	4.816e-05	3	0.833	1.339e-05	1.028e-05	2.448e-05
ramus	NOUN	bouquet	strauß	ramo	4.811e-05	3	0.533	2.868e-06	1.526e-05	2.998e-05
hohod	NOUN	household			4.799e-05	3	0.556	4.799e-05	0.000e+00	0.000e+00
beher	NOUN		bewohner		4.793e-05	3	0.625	0.000e+00	4.793e-05	0.000e+00
lotad	NOUN	loyalty	treue	lealtad|fidelidad	4.792e-05	3	0.435	1.652e-05	9.797e-06	2.161e-05
fugin	ADV	fucking			4.789e-05	3	0.667	4.789e-05	0.000e+00	0.000e+00
mekar	NOUN		amerikaner		4.789e-05	3	0.500	0.000e+00	4.789e-05	0.000e+00
gesut	NOUN	gesture	geste	gesto	4.788e-05	3	0.763	1.320e-05	9.395e-06	2.529e-05
piran	NOUN	inspiration		inspiración	4.786e-05	3	0.455	2.868e-05	0.000e+00	1.918e-05
letil	VERB	entitle	berechtigen		4.784e-05	3	0.430	3.099e-05	1.685e-05	0.000e+00
migin	NOUN	migration	migration	migración	4.782e-05	3	0.556	1.659e-05	1.455e-05	1.667e-05
selit	VERB	split			4.781e-05	3	0.800	4.781e-05	0.000e+00	0.000e+00
doman	ADJ	dominant	dominieren|dominant	dominante	4.781e-05	3	0.610	2.661e-05	5.995e-06	1.521e-05
sasis	VERB	assist			4.775e-05	3	0.600	4.775e-05	0.000e+00	0.000e+00
biben	NOUN	bee	biene	abeja	4.774e-05	3	0.356	3.408e-05	1.183e-05	1.822e-06
teran	NOUN	veteran	veteran	veterano	4.774e-05	3	0.714	3.430e-05	3.337e-06	1.010e-05
menan	ADJ		momentan		4.773e-05	3	0.625	0.000e+00	4.773e-05	0.000e+00
doken	VERB	document	dokumentieren	documentar	4.773e-05	3	0.512	2.375e-05	2.069e-05	3.295e-06
polar	NOUN	popularity	beliebtheit|popularität	popularidad	4.770e-05	3	0.444	1.942e-05	1.179e-05	1.650e-05
peman	NOUN	supplement	ergänzung|beilage|aufpreis	complemento|suplemento	4.768e-05	3	0.325	5.971e-06	2.479e-05	1.692e-05
fesar	VERB			manifestar	4.766e-05	3	0.500	0.000e+00	0.000e+00	4.766e-05
kedib	ADJ	incredible			4.765e-05	3	0.556	4.765e-05	0.000e+00	0.000e+00
mabak	NOUN	ma			4.765e-05	3	0.200	4.765e-05	0.000e+00	0.000e+00
habih	INTJ	ah			4.765e-05	3	0.400	4.765e-05	0.000e+00	0.000e+00
herid	ADJ	wounded	verwundet	herido	4.763e-05	3	0.732	1.272e-05	2.769e-06	3.213e-05
petes	NOUN	expertise	kompetenz|expertise	pericia	4.762e-05	3	0.516	1.283e-05	3.301e-05	1.769e-06
vekak	NOUN	weakness	schwäche	debilidad	4.761e-05	3	0.333	7.042e-06	2.142e-05	1.915e-05
pedes	NOUN			presidencia	4.761e-05	3	0.556	0.000e+00	0.000e+00	4.761e-05
dasad	ADJ		schade		4.757e-05	3	0.600	0.000e+00	4.757e-05	0.000e+00
maneg	NOUN	sleeve	ärmel	manga	4.756e-05	3	0.544	1.509e-05	5.171e-06	2.731e-05
kalif	VERB	qualify	qualifizieren		4.755e-05	3	0.703	2.332e-05	2.423e-05	0.000e+00
setat	NOUN	statue	statue	estatua	4.755e-05	3	0.727	1.872e-05	1.148e-05	1.735e-05
geser	VERB			agradecer	4.751e-05	3	0.556	0.000e+00	0.000e+00	4.751e-05
natun	NOUN	nomination	nominierung	candidatura|nominación	4.741e-05	3	0.373	1.306e-05	6.650e-06	2.770e-05
hitip	NOUN	hint	tipp		4.739e-05	3	0.539	1.443e-05	3.296e-05	0.000e+00
beges	ADJ	enthusiastic	begeistern	entusiasta	4.737e-05	3	0.376	7.723e-06	3.271e-05	6.938e-06
gorag	NOUN	rage	zorn|rage	rabia	4.731e-05	3	0.477	1.440e-05	1.482e-05	1.809e-05
retil	NOUN	retail	einzelhandel		4.729e-05	3	0.679	3.632e-05	1.097e-05	0.000e+00
sugal	ADJ	accessible	zugänglich		4.728e-05	3	0.447	1.685e-05	3.043e-05	0.000e+00
kober	NOUN	copper	kupfer	cobre	4.727e-05	3	0.747	2.076e-05	8.417e-06	1.809e-05
subet	ADJ	subject		sujeto	4.726e-05	3	0.748	2.859e-05	0.000e+00	1.867e-05
fesas	NOUN	essay	aufsatz|essay		4.724e-05	3	0.411	1.897e-05	2.827e-05	0.000e+00
habak	NOUN		ha		4.723e-05	3	0.200	0.000e+00	4.723e-05	0.000e+00
derer	ADV		andererseits		4.721e-05	3	0.417	0.000e+00	4.721e-05	0.000e+00
firam	ADJ	firm		firme	4.721e-05	3	0.800	8.101e-06	0.000e+00	3.911e-05
tepik	NOUN	carpet	teppich	alfombra	4.720e-05	3	0.416	1.946e-05	1.640e-05	1.134e-05
kalip	NOUN	clip	clip	clip	4.719e-05	3	0.800	3.259e-05	1.271e-05	1.899e-06
dirit	NOUN	diversity		diversidad	4.718e-05	3	0.511	2.332e-05	0.000e+00	2.386e-05
kalat	VERB	chat	chatten	charlar	4.718e-05	3	0.599	3.771e-05	2.479e-06	6.987e-06
nedit	ADV	anytime	jederzeit		4.717e-05	3	0.404	1.730e-05	2.988e-05	0.000e+00
somel	VERB	smell	riechen	oler	4.713e-05	3	0.711	3.862e-05	3.337e-06	5.179e-06
setor	VERB	store	speichern	almacenar	4.712e-05	3	0.583	2.321e-05	2.215e-05	1.762e-06
koler	VERB		kontrollieren		4.712e-05	3	0.417	0.000e+00	4.712e-05	0.000e+00
fudar	VERB			fundar	4.710e-05	3	0.833	0.000e+00	0.000e+00	4.710e-05
hebin	NOUN		rhein		4.709e-05	3	0.600	0.000e+00	4.709e-05	0.000e+00
vasin	NOUN	invasion	invasion	invasión	4.709e-05	3	0.625	1.897e-05	8.092e-06	2.003e-05
vunal	ADJ	vulnerable	empfindlich|anfällig	vulnerable	4.708e-05	3	0.449	1.808e-05	1.525e-05	1.376e-05
letur	NOUN	lecture	vorlesung	cátedra	4.705e-05	3	0.605	2.558e-05	1.079e-05	1.068e-05
siler	ADJ	silver		plateado	4.702e-05	3	0.790	4.406e-05	0.000e+00	2.965e-06
sikat	ADJ	sixth	sechste	sexto	4.702e-05	3	0.665	1.531e-05	7.348e-06	2.437e-05
gigal	ADV			igual	4.700e-05	3	0.600	0.000e+00	0.000e+00	4.700e-05
baker	NOUN	bachelor	bachelor	soltero	4.697e-05	3	0.623	1.041e-05	2.532e-05	1.123e-05
naren	NOUN	arena	arena		4.696e-05	3	0.800	2.388e-05	2.307e-05	0.000e+00
nobel	ADJ	noble	edel	noble	4.693e-05	3	0.686	1.965e-05	1.337e-05	1.392e-05
dapat	VERB	adapt		adaptar	4.693e-05	3	0.588	2.802e-05	0.000e+00	1.890e-05
dekan	NOUN	dean	dean|dekan	decano	4.692e-05	3	0.851	2.801e-05	1.238e-05	6.528e-06
rimar	NOUN	primary	grundschule	primaria|primario	4.691e-05	3	0.442	7.482e-06	2.593e-05	1.350e-05
nasan	ADJ	insane	wahnsinnig		4.691e-05	3	0.493	2.801e-05	1.890e-05	0.000e+00
gular	ADV	regularly		regularmente	4.688e-05	3	0.589	3.694e-05	0.000e+00	9.940e-06
korat	VERB	concentrate		concentrar	4.685e-05	3	0.458	2.720e-05	0.000e+00	1.965e-05
ralar	VERB	relocate	verlagern	trasladar	4.680e-05	3	0.509	4.832e-06	7.003e-06	3.497e-05
mabas	CCONJ			mas	4.677e-05	3	0.600	0.000e+00	0.000e+00	4.677e-05
pelal	VERB	appeal		apelar	4.676e-05	3	0.616	3.573e-05	0.000e+00	1.104e-05
neres	ADJ		interessieren		4.674e-05	3	0.417	0.000e+00	4.674e-05	0.000e+00
velom	INTJ	welcome			4.673e-05	3	0.833	4.673e-05	0.000e+00	0.000e+00
dabas	NOUN	database	datenbank		4.670e-05	3	0.603	2.742e-05	1.928e-05	0.000e+00
behov	ADP	below	unterhalb		4.669e-05	3	0.557	2.705e-05	1.964e-05	0.000e+00
ledig	VERB		erledigen		4.669e-05	3	0.556	0.000e+00	4.669e-05	0.000e+00
busak	NOUN			busca	4.669e-05	3	0.800	0.000e+00	0.000e+00	4.669e-05
situr	VERB			situar	4.668e-05	3	0.833	0.000e+00	0.000e+00	4.668e-05
pekin	NOUN	prediction	prognose	predicción	4.664e-05	3	0.413	1.990e-05	1.887e-05	7.872e-06
ginan	NOUN	imagination	phantasie	imaginación	4.660e-05	3	0.436	1.975e-05	6.969e-06	1.988e-05
reves	PRON	ourselves			4.654e-05	3	0.556	4.654e-05	0.000e+00	0.000e+00
genek	ADJ	genetic	genetisch	genético	4.653e-05	3	0.690	2.444e-05	8.034e-06	1.405e-05
kabim	NOUN			km	4.652e-05	3	0.400	0.000e+00	0.000e+00	4.652e-05
vakin	NOUN	walking	wandern		4.652e-05	3	0.686	4.184e-05	4.674e-06	0.000e+00
noram	NOUN	norm	norm|normalfall		4.650e-05	3	0.773	1.591e-05	3.059e-05	0.000e+00
roses	NOUN	processing	verarbeitung	procesamiento|procesado|tramitación	4.649e-05	3	0.418	1.861e-05	1.130e-05	1.658e-05
kehen	VERB		kehren		4.649e-05	3	0.833	0.000e+00	4.649e-05	0.000e+00
kibes	NOUN	kiss		beso	4.645e-05	3	0.600	5.993e-06	0.000e+00	4.046e-05
narer	NOUN	nursery	kindergarten|kinderzimmer	guardería	4.644e-05	3	0.422	8.660e-06	3.317e-05	4.612e-06
kadel	NOUN	candle	kerze	vela	4.643e-05	3	0.429	1.585e-05	9.182e-06	2.140e-05
dinam	ADJ	dynamic	dynamisch	dinámico	4.640e-05	3	0.714	1.707e-05	1.625e-05	1.308e-05
poset	PART			post	4.637e-05	3	0.800	0.000e+00	0.000e+00	4.637e-05
togar	VERB			otorgar	4.635e-05	3	0.714	0.000e+00	0.000e+00	4.635e-05
lelit	NOUN	elite	elite	élite|elite	4.632e-05	3	0.800	6.210e-06	1.949e-05	2.063e-05
litin	NOUN	lighting	beleuchtung	iluminación|alumbrado	4.624e-05	3	0.445	2.044e-05	1.302e-05	1.278e-05
mador	NOUN	major	major	mayor	4.623e-05	3	0.860	1.390e-05	2.011e-05	1.222e-05
kalen	VERB	challenge			4.620e-05	3	0.833	4.620e-05	0.000e+00	0.000e+00
telad	NOUN	keyboard	tastatur|keyboard	teclado	4.620e-05	3	0.498	1.440e-05	1.624e-05	1.556e-05
ralik	ADJ	geographic	räumlich	geográfico	4.617e-05	3	0.518	1.041e-05	1.256e-05	2.320e-05
kuras	NOUN	accuracy	richtigkeit|präzision	precisión	4.615e-05	3	0.426	1.951e-05	1.201e-05	1.463e-05
rasit	NOUN	transit	transit	tránsito	4.614e-05	3	0.714	1.763e-05	2.367e-06	2.614e-05
bogom	NOUN	boom	boom	auge|boom	4.614e-05	3	0.679	1.990e-05	8.693e-06	1.754e-05
mahin	ADJ	mini		mini	4.610e-05	3	0.600	3.069e-05	0.000e+00	1.541e-05
fikan	ADV	significantly		significativamente	4.609e-05	3	0.397	3.872e-05	0.000e+00	7.366e-06
biset	VERB	bite	beißen	morder	4.608e-05	3	0.562	2.812e-05	1.202e-05	5.940e-06
kalok	VERB	lock			4.608e-05	3	0.600	4.608e-05	0.000e+00	0.000e+00
sides	NOUN	aids	aids|hilfsmittel	sida	4.606e-05	3	0.552	1.986e-05	1.692e-05	9.274e-06
moges	ADV		morgens		4.603e-05	3	0.714	0.000e+00	4.603e-05	0.000e+00
nakas	ADV		nachts		4.603e-05	3	0.800	0.000e+00	4.603e-05	0.000e+00
gemas	ADP		gemäß		4.603e-05	3	1.000	0.000e+00	4.603e-05	0.000e+00
daneb	ADV		daneben		4.602e-05	3	0.714	0.000e+00	4.602e-05	0.000e+00
galin	NOUN	gasoline	benzin	gasolina	4.601e-05	3	0.582	7.901e-06	1.597e-05	2.214e-05
gegeg	ADJ		gegenseitig		4.601e-05	3	0.455	0.000e+00	4.601e-05	0.000e+00
karas	NOUN	crash	absturz|crash		4.601e-05	3	0.642	2.797e-05	1.804e-05	0.000e+00
konun	NOUN	confusion	verwirrung|verwechslung	confusión	4.596e-05	3	0.481	1.730e-05	1.066e-05	1.800e-05
balet	NOUN	bullet		bala	4.596e-05	3	0.685	1.942e-05	0.000e+00	2.654e-05
rider	NOUN	rider	reiter	jinete	4.595e-05	3	0.797	2.262e-05	1.751e-05	5.820e-06
basen	ADJ		basieren		4.595e-05	3	0.625	0.000e+00	4.595e-05	0.000e+00
gimam	NOUN		gymnasium		4.595e-05	3	0.556	0.000e+00	4.595e-05	0.000e+00
pelak	NOUN	badge	abzeichen	placa	4.594e-05	3	0.536	1.172e-05	4.106e-06	3.012e-05
keras	VERB	crash	abstürzen		4.594e-05	3	0.710	3.992e-05	6.021e-06	0.000e+00
vehak	NOUN		weihnacht		4.593e-05	3	0.625	0.000e+00	4.593e-05	0.000e+00
gelis	NOUN		englisch		4.591e-05	3	0.500	0.000e+00	4.591e-05	0.000e+00
divin	ADJ	divine	göttlich	divino	4.585e-05	3	0.908	1.942e-05	5.053e-06	2.138e-05
fotaf	NOUN	photograph	fotografieren		4.585e-05	3	0.598	4.070e-05	5.153e-06	0.000e+00
gerel	ADJ		generell		4.584e-05	3	0.714	0.000e+00	4.584e-05	0.000e+00
leral	ADJ	overall			4.583e-05	3	0.667	4.583e-05	0.000e+00	0.000e+00
korot	NOUN	concrete	beton	concreto|hormigón	4.582e-05	3	0.466	1.754e-05	1.031e-05	1.798e-05
neniv	NOUN	incentive	anregung	incentivo	4.580e-05	3	0.491	1.888e-05	1.635e-05	1.057e-05
momis	ADJ		römisch		4.578e-05	3	0.800	0.000e+00	4.578e-05	0.000e+00
derab	ADJ	considerable	beträchtlich	considerable	4.576e-05	3	0.425	1.986e-05	8.682e-06	1.722e-05
riten	VERB		einrichten		4.575e-05	3	0.556	0.000e+00	4.575e-05	0.000e+00
baner	NOUN	banner	fahne	pancarta|estandarte	4.575e-05	3	0.560	1.917e-05	2.066e-05	5.914e-06
beros	NOUN	bronze	bronze	bronce	4.572e-05	3	0.600	1.763e-05	1.526e-05	1.282e-05
lurat	VERB	illustrate	illustrieren	ilustrar	4.571e-05	3	0.562	2.934e-05	3.656e-06	1.272e-05
koban	ADJ			colombiano	4.571e-05	3	0.556	0.000e+00	0.000e+00	4.571e-05
binen	VERB		bedienen		4.570e-05	3	0.625	0.000e+00	4.570e-05	0.000e+00
liman	NOUN	limitation	beschränkung	limitación	4.563e-05	3	0.441	1.822e-05	8.910e-06	1.850e-05
dunir	ADJ	junior		junior	4.562e-05	3	0.793	3.448e-05	0.000e+00	1.113e-05
fedak	NOUN	feedback	feedback|rückmeldung	retroalimentación	4.562e-05	3	0.643	2.466e-05	1.902e-05	1.938e-06
hamuh	NOUN		mühe		4.558e-05	3	0.600	0.000e+00	4.558e-05	0.000e+00
rakat	VERB	react		reaccionar	4.554e-05	3	0.511	2.521e-05	0.000e+00	2.033e-05
sigar	NOUN	cigarette	zigarette	cigarrillo|cigarro	4.552e-05	3	0.765	1.283e-05	1.384e-05	1.885e-05
koten	NOUN	accommodation	unterkunft	alojamiento	4.552e-05	3	0.323	1.620e-05	2.046e-05	8.857e-06
belik	NOUN	overview	überblick		4.552e-05	3	0.506	1.440e-05	3.112e-05	0.000e+00
mikes	NOUN			miércoles	4.552e-05	3	0.556	0.000e+00	0.000e+00	4.552e-05
konag	NOUN	counting		contar	4.549e-05	3	0.648	5.189e-06	0.000e+00	4.030e-05
deten	NOUN	determination	feststellung|entschlossenheit	determinación	4.545e-05	3	0.368	1.618e-05	1.571e-05	1.356e-05
savet	SCONJ		soweit		4.544e-05	3	0.667	0.000e+00	4.544e-05	0.000e+00
pevit	ADJ	planned	geplant|vorgesehen	previsto|planeado|planificado	4.544e-05	3	0.491	1.764e-06	7.145e-06	3.653e-05
mares	NOUN			martes	4.543e-05	3	0.833	0.000e+00	0.000e+00	4.543e-05
nadad	NOUN			navidad	4.543e-05	3	0.714	0.000e+00	0.000e+00	4.543e-05
sevil	NOUN			sevilla	4.543e-05	3	1.000	0.000e+00	0.000e+00	4.543e-05
kapab	ADJ	capable			4.542e-05	3	0.833	4.542e-05	0.000e+00	0.000e+00
moder	ADJ	moderate	mäßig|moderat	moderado	4.540e-05	3	0.602	1.779e-05	1.242e-05	1.519e-05
sumel	VERB	assemble	zusammenstellen|zusammensetzen		4.539e-05	3	0.410	1.744e-05	2.794e-05	0.000e+00
geden	NOUN	ingredient	zutaten|zutat	ingrediente	4.539e-05	3	0.422	2.154e-05	1.106e-05	1.278e-05
besud	ADJ	absurd	absurd	absurdo	4.538e-05	3	0.500	9.943e-06	1.265e-05	2.279e-05
lasin	NOUN	inflation	inflation	inflación	4.535e-05	3	0.493	1.540e-05	1.007e-05	1.988e-05
buger	ADJ		hamburger		4.535e-05	3	0.556	0.000e+00	4.535e-05	0.000e+00
haten	VERB	adhere	einhalten|haften	adherir	4.532e-05	3	0.532	7.939e-06	3.445e-05	2.929e-06
dinar	ADJ	ordinary		ordinario	4.531e-05	3	0.714	2.935e-05	0.000e+00	1.596e-05
paful	ADJ	painful	schmerzhaft|schmerzlich	doloroso	4.519e-05	3	0.399	2.332e-05	1.206e-05	9.811e-06
karam	NOUN	charm	charme	encanto	4.518e-05	3	0.569	1.860e-05	1.007e-05	1.650e-05
durek	NOUN	dirt	dreck	suciedad	4.516e-05	3	0.590	1.942e-05	2.260e-05	3.141e-06
kados	NOUN	chaos	durcheinander	caos	4.515e-05	3	0.671	1.845e-05	1.055e-05	1.615e-05
boter	VERB	bother	belästigen		4.515e-05	3	0.882	3.752e-05	7.633e-06	0.000e+00
dadon	VERB	don			4.512e-05	3	0.600	4.512e-05	0.000e+00	0.000e+00
befan	VERB		befassen		4.511e-05	3	0.714	0.000e+00	4.511e-05	0.000e+00
resiv	ADJ	impressive	eindrucksvoll|beeindruckend		4.509e-05	3	0.504	3.292e-05	1.217e-05	0.000e+00
kolok	NOUN	cookie	plätzchen|cookie	galleta	4.508e-05	3	0.607	2.779e-05	8.224e-06	9.065e-06
turak	NOUN	turkey		pavo	4.505e-05	3	0.740	4.051e-05	0.000e+00	4.543e-06
konon	NOUN	concentration	konzentration		4.504e-05	3	0.385	2.717e-05	1.787e-05	0.000e+00
kinar	VERB	kidnap	entführen	secuestrar	4.496e-05	3	0.380	1.675e-05	1.356e-05	1.465e-05
rakig	NOUN	ranking	reihenfolge|ranking	ranking	4.496e-05	3	0.527	1.041e-05	2.346e-05	1.108e-05
kogas	NOUN		kongreß		4.495e-05	3	0.571	0.000e+00	4.495e-05	0.000e+00
logen	VERB	apologize	entschuldigen		4.494e-05	3	0.368	1.618e-05	2.875e-05	0.000e+00
safus	NOUN		schuß		4.493e-05	3	0.600	0.000e+00	4.493e-05	0.000e+00
temer	VERB			temer	4.491e-05	3	1.000	0.000e+00	0.000e+00	4.491e-05
ronik	ADJ	chronic	chronisch	crónico	4.488e-05	3	0.781	1.763e-05	1.409e-05	1.316e-05
ranad	NOUN	grenade		granada	4.487e-05	3	0.802	8.359e-06	0.000e+00	3.651e-05
minit	NOUN	midnight	mitternacht	medianoche	4.486e-05	3	0.524	2.277e-05	1.455e-05	7.544e-06
vakel	NOUN	wake	aufwachen	estela	4.486e-05	3	0.560	3.342e-05	4.922e-06	6.512e-06
kapil	NOUN	chapel	kapelle	capilla|ermita	4.481e-05	3	0.827	1.194e-05	1.595e-05	1.692e-05
patet	NOUN	patent	patent	patente	4.479e-05	3	0.833	2.342e-05	1.208e-05	9.292e-06
disar	VERB			diseñar	4.477e-05	3	0.714	0.000e+00	0.000e+00	4.477e-05
gupap	ADJ	handsome		guapo	4.477e-05	3	0.469	1.853e-05	0.000e+00	2.624e-05
dufis	NOUN	juice	saft	jugo	4.474e-05	3	0.543	2.556e-05	1.242e-05	6.759e-06
pekos	ADJ	suspicious	verdächtig	sospechoso	4.473e-05	3	0.399	1.373e-05	1.401e-05	1.700e-05
datig	NOUN	dating			4.473e-05	3	0.833	4.473e-05	0.000e+00	0.000e+00
naniv	INTJ	anyway			4.473e-05	3	0.800	4.473e-05	0.000e+00	0.000e+00
tanom	NOUN	autonomy	selbständigkeit|autonomie	autonomía	4.471e-05	3	0.509	8.080e-06	1.313e-05	2.350e-05
ketik	NOUN	ethics	ethik	ética	4.470e-05	3	0.740	1.345e-05	1.526e-05	1.598e-05
rafak	NOUN	graphic	grafik		4.468e-05	3	0.667	2.046e-05	2.422e-05	0.000e+00
ralen	ADJ	brazilian		brasileño|brasilero	4.468e-05	3	0.542	1.897e-05	0.000e+00	2.571e-05
sekek	VERB	stretch	strecken	estirar	4.468e-05	3	0.479	3.043e-05	9.726e-06	4.518e-06
sikar	ADJ	scary	unheimlich	aterrador	4.461e-05	3	0.525	2.611e-05	1.513e-05	3.362e-06
marim	NOUN	mistress	herrin|meisterin	ama	4.461e-05	3	0.393	9.497e-07	9.703e-06	3.395e-05
veben	VERB	disseminate	verbreiten		4.460e-05	3	0.493	1.194e-06	4.341e-05	0.000e+00
regul	VERB	regulate	regulieren	regular	4.458e-05	3	0.681	1.626e-05	6.946e-06	2.137e-05
kofes	VERB	confess	gestehen	confesar	4.451e-05	3	0.479	5.993e-06	1.551e-05	2.300e-05
selib	NOUN	slice	scheibe	rebanada	4.449e-05	3	0.705	1.593e-05	2.700e-05	1.563e-06
pesag	NOUN	pay	bezahlung|bezahlen	paga	4.446e-05	3	0.445	5.836e-06	2.487e-05	1.376e-05
hamon	NOUN	harmony	harmonie|einklang	armonía	4.446e-05	3	0.628	1.440e-05	1.754e-05	1.252e-05
kalog	NOUN	catalogue	katalog	catálogo	4.445e-05	3	0.714	9.073e-06	1.809e-05	1.729e-05
pohip	NOUN	pipe	rohr|pfeife	pipa	4.444e-05	3	0.511	1.986e-05	1.970e-05	4.871e-06
kotis	ADJ	scottish			4.442e-05	3	0.833	4.442e-05	0.000e+00	0.000e+00
saved	NOUN		schwede		4.439e-05	3	0.800	0.000e+00	4.439e-05	0.000e+00
lamik	ADJ	islamic		islámico	4.439e-05	3	0.714	3.069e-05	0.000e+00	1.370e-05
vekeg	NOUN		weltkrieg		4.438e-05	3	0.556	0.000e+00	4.438e-05	0.000e+00
barus	NOUN	bush		arbusto	4.436e-05	3	0.587	3.872e-05	0.000e+00	5.636e-06
dimer	NOUN	diameter	durchmesser	diámetro	4.435e-05	3	0.563	1.339e-05	2.044e-05	1.053e-05
beveb	VERB	advertise	bewerben		4.432e-05	3	0.529	1.137e-05	3.295e-05	0.000e+00
dabig	VERB	dig	graben		4.432e-05	3	0.575	4.019e-05	4.136e-06	0.000e+00
venel	ADJ		eventuell		4.432e-05	3	0.625	0.000e+00	4.432e-05	0.000e+00
hugos	NOUN	gaming	glücksspiel	juegos	4.431e-05	3	0.472	1.533e-05	4.496e-06	2.448e-05
suped	VERB	suspend		suspender	4.431e-05	3	0.639	2.332e-05	0.000e+00	2.098e-05
vunad	NOUN	wound	wunde		4.431e-05	3	0.653	3.248e-05	1.183e-05	0.000e+00
beset	NOUN	beast	ungeheuer	bestia	4.430e-05	3	0.640	2.735e-05	2.769e-06	1.418e-05
konos	NOUN	economics	ökonomie|wirtschaftlichkeit|wirtschaftswissenschaft		4.427e-05	3	0.497	2.935e-05	1.492e-05	0.000e+00
refug	NOUN	shelter		refugio	4.426e-05	3	0.576	2.254e-05	0.000e+00	2.172e-05
mabal	NOUN		mio		4.424e-05	3	0.200	0.000e+00	4.424e-05	0.000e+00
piden	NOUN	spider	spinne	araña	4.423e-05	3	0.466	1.986e-05	1.252e-05	1.185e-05
patin	NOUN	pin	stift|pin	pin	4.422e-05	3	0.460	2.125e-05	1.799e-05	4.980e-06
minen	ADJ	prominent	prominent	prominente	4.421e-05	3	0.556	2.388e-05	1.369e-05	6.640e-06
herus	ADV		heraus		4.420e-05	3	0.833	0.000e+00	4.420e-05	0.000e+00
fifet	NUM	fifty	fünfzig	cincuenta	4.419e-05	3	0.563	2.082e-05	5.928e-06	1.744e-05
daduf	ADP		drauf		4.418e-05	3	0.600	0.000e+00	4.418e-05	0.000e+00
momat	NOUN	tomato	tomate	tomate	4.416e-05	3	0.800	1.682e-05	1.054e-05	1.680e-05
pires	VERB	press			4.415e-05	3	0.800	4.415e-05	0.000e+00	0.000e+00
latil	SCONJ	till			4.412e-05	3	0.600	4.412e-05	0.000e+00	0.000e+00
demak	ADV		demnach		4.402e-05	3	0.833	0.000e+00	4.402e-05	0.000e+00
meril	ADJ	imperial	kaiserlich	imperial	4.401e-05	3	0.538	1.808e-05	1.317e-05	1.276e-05
pedit	VERB	predict		predecir	4.400e-05	3	0.674	3.578e-05	0.000e+00	8.217e-06
temal	NOUN	terminal	terminal	terminal	4.398e-05	3	0.625	1.972e-05	9.028e-06	1.523e-05
sobup	NOUN	soup	suppe	sopa	4.397e-05	3	0.678	1.714e-05	1.156e-05	1.527e-05
viher	NOUN	traveler	reisende	viajero	4.393e-05	3	0.530	1.187e-05	1.439e-05	1.767e-05
pakug	NOUN	pack	packung	pack	4.391e-05	3	0.647	2.827e-05	8.768e-06	6.878e-06
garos	ADJ	gross		bruto|asqueroso	4.390e-05	3	0.570	2.575e-05	0.000e+00	1.815e-05
defal	NOUN	ideal	ideal	ideal	4.388e-05	3	0.600	1.287e-05	9.585e-06	2.143e-05
noras	NOUN	ignorance	ignoranz|unwissenheit	ignorancia|desconocimiento	4.387e-05	3	0.524	1.228e-05	8.129e-06	2.347e-05
medid	NOUN	midday		mediodía	4.387e-05	3	0.676	2.951e-05	0.000e+00	1.436e-05
vereh	VERB	confer	verleihen	conferir	4.386e-05	3	0.527	8.649e-07	3.994e-05	3.049e-06
noher	ADV	nowhere	nirgendwo		4.385e-05	3	0.695	3.343e-05	1.041e-05	0.000e+00
gunas	NOUN		jungs		4.384e-05	3	0.600	0.000e+00	4.384e-05	0.000e+00
rumor	NOUN	rumor		rumor	4.382e-05	3	1.000	1.738e-05	0.000e+00	2.644e-05
peper	NOUN	pepper	pfeffer|paprika	pimienta|pimiento	4.382e-05	3	0.692	2.050e-05	1.246e-05	1.085e-05
gigen	ADJ		eignen		4.379e-05	3	0.667	0.000e+00	4.379e-05	0.000e+00
vohen	VERB		vornehmen		4.379e-05	3	0.556	0.000e+00	4.379e-05	0.000e+00
kabal	ADJ		ca		4.378e-05	3	0.200	0.000e+00	4.378e-05	0.000e+00
karak	VERB	crack	knacken		4.376e-05	3	0.683	3.275e-05	1.100e-05	0.000e+00
lerin	NOUN	instructor	lehrerin	instructor	4.376e-05	3	0.402	1.587e-05	2.519e-05	2.697e-06
tonet	NOUN	fool	narr	tonto|tonta	4.375e-05	3	0.555	5.803e-06	1.206e-05	2.589e-05
geheb	VERB		angehen		4.372e-05	3	0.571	0.000e+00	4.372e-05	0.000e+00
laler	VERB	alter	abändern	alterar	4.371e-05	3	0.537	2.856e-05	3.094e-06	1.206e-05
deler	VERB			devolver	4.368e-05	3	0.625	0.000e+00	0.000e+00	4.368e-05
morat	NOUN	morality	moral	moral	4.360e-05	3	0.784	8.080e-06	1.716e-05	1.836e-05
visil	ADJ	invisible	unsichtbar	invisible	4.354e-05	3	0.490	1.373e-05	1.464e-05	1.518e-05
fires	VERB	freeze	frieren|einfrieren	congelar	4.350e-05	3	0.547	3.466e-05	5.189e-06	3.659e-06
pelid	NOUN	surname	nachname	apellido	4.349e-05	3	0.571	3.527e-06	1.017e-05	2.980e-05
neret	VERB	insert	fügen	insertar	4.346e-05	3	0.340	1.752e-05	2.109e-05	4.853e-06
simim	ADV			asimismo	4.344e-05	3	0.714	0.000e+00	0.000e+00	4.344e-05
sivik	ADJ	civic	bürgerlich	cívico	4.340e-05	3	0.717	1.116e-05	1.581e-05	1.643e-05
lasif	VERB	classify	einordnen|klassifizieren	clasificar	4.340e-05	3	0.469	1.219e-05	1.283e-05	1.838e-05
horan	NOUN	horn	horn	cuerno|bocina	4.339e-05	3	0.625	1.540e-05	1.455e-05	1.344e-05
relik	ADJ	abundant	reichlich	abundante	4.338e-05	3	0.360	6.573e-06	2.188e-05	1.492e-05
rinas	NOUN		prinz		4.333e-05	3	0.600	0.000e+00	4.333e-05	0.000e+00
lagos	ADJ	lazy	faul	vago|flojo	4.332e-05	3	0.421	1.942e-05	6.827e-06	1.708e-05
kosel	ADV	closely		estrechamente	4.330e-05	3	0.751	3.783e-05	0.000e+00	5.467e-06
ranot	VERB	transport			4.329e-05	3	0.556	4.329e-05	0.000e+00	0.000e+00
pahav	NOUN	straw	stroh	paja	4.325e-05	3	0.450	1.289e-05	6.508e-06	2.386e-05
mites	ADP		mittels		4.322e-05	3	0.833	0.000e+00	4.322e-05	0.000e+00
renas	VERB	race	rennen		4.317e-05	3	0.600	2.615e-05	1.702e-05	0.000e+00
lunog	NOUN	lung	lunge	pulmón	4.315e-05	3	0.732	2.447e-05	1.240e-05	6.272e-06
halen	VERB		unterhalten		4.314e-05	3	0.455	0.000e+00	4.314e-05	0.000e+00
beret	ADP		bereit		4.313e-05	3	0.833	0.000e+00	4.313e-05	0.000e+00
lemal	VERB	email			4.311e-05	3	0.600	4.311e-05	0.000e+00	0.000e+00
getis	ADV			gratis	4.311e-05	3	0.667	0.000e+00	0.000e+00	4.311e-05
sevan	NOUN	servant	diener	siervo|sirviente	4.306e-05	3	0.508	2.567e-05	1.079e-05	6.600e-06
desit	NOUN	density	dichte	densidad	4.305e-05	3	0.667	2.388e-05	7.907e-06	1.126e-05
libel	NOUN	liberal	liberal|liberale	liberal	4.305e-05	3	0.714	1.507e-05	1.144e-05	1.654e-05
musen	NOUN	merger	zusammenschluß	fusión	4.304e-05	3	0.394	1.341e-05	1.718e-05	1.244e-05
sefep	NOUN	sheep	schaf	oveja	4.304e-05	3	0.505	1.730e-05	1.383e-05	1.191e-05
serul	VERB	struggle			4.302e-05	3	0.667	4.302e-05	0.000e+00	0.000e+00
hinen	VERB		hinweisen		4.302e-05	3	0.556	0.000e+00	4.302e-05	0.000e+00
bekig	VERB		berücksichtigen		4.302e-05	3	0.385	0.000e+00	4.302e-05	0.000e+00
keset	NOUN	orchestra	orchester	orquesta	4.301e-05	3	0.481	1.138e-05	1.905e-05	1.257e-05
rager	NOUN	stranger	fremde	extraño	4.300e-05	3	0.507	3.435e-05	6.366e-06	2.286e-06
tedit	NOUN	edit	bearbeitung		4.296e-05	3	0.562	2.353e-05	1.943e-05	0.000e+00
menar	NOUN	menu	menü|speisekarte	menú	4.295e-05	3	0.580	2.031e-05	1.279e-05	9.846e-06
latal	ADJ	tall			4.293e-05	3	0.600	4.293e-05	0.000e+00	0.000e+00
veser	VERB			vencer	4.291e-05	3	0.833	0.000e+00	0.000e+00	4.291e-05
koton	NOUN	cotton	baumwolle	algodón	4.291e-05	3	0.726	2.500e-05	5.289e-06	1.262e-05
rutot	NOUN	truthout			4.289e-05	3	0.714	4.289e-05	0.000e+00	0.000e+00
sener	NOUN	sender	sender		4.287e-05	3	0.833	1.808e-06	4.106e-05	0.000e+00
paret	ADJ	transparent	transparent	transparente	4.286e-05	3	0.455	1.138e-05	1.491e-05	1.657e-05
sigef	NOUN	oxygen	sauerstoff	oxígeno	4.283e-05	3	0.510	1.986e-05	1.104e-05	1.193e-05
sesop	NOUN	spy	spion	espía	4.282e-05	3	0.456	2.501e-05	5.881e-06	1.193e-05
bober	ADJ		ober		4.281e-05	3	0.800	0.000e+00	4.281e-05	0.000e+00
damas	ADJ			demás	4.279e-05	3	0.800	0.000e+00	0.000e+00	4.279e-05
fekas	NOUN	effectiveness	wirksamkeit	eficacia|efectividad	4.279e-05	3	0.421	1.250e-05	8.981e-06	2.131e-05
noret	ADJ	north	nord		4.279e-05	3	0.780	3.859e-05	4.201e-06	0.000e+00
gavis	ADJ		gewiß		4.276e-05	3	0.800	0.000e+00	4.276e-05	0.000e+00
fabak	ADJ	fake			4.276e-05	3	0.600	4.276e-05	0.000e+00	0.000e+00
neven	VERB	intervene	eingreifen	intervenir	4.275e-05	3	0.489	2.388e-06	7.592e-06	3.277e-05
sabaf	NOUN			sea	4.273e-05	3	0.200	0.000e+00	0.000e+00	4.273e-05
kodar	VERB	accommodate	unterbringen	acomodar	4.270e-05	3	0.266	1.334e-05	2.519e-05	4.179e-06
nafet	ADJ	net		neto	4.270e-05	3	0.600	2.206e-05	0.000e+00	2.065e-05
valet	NOUN	wallet	geldbeutel|portemonnaie	cartera|monedero	4.269e-05	3	0.547	1.574e-05	1.005e-05	1.691e-05
misun	NOUN	admission	zulassung	admisión	4.265e-05	3	0.462	2.174e-05	1.302e-05	7.892e-06
dikek	ADJ	indirect	indirekt	indirecto	4.262e-05	3	0.500	1.116e-05	2.063e-05	1.083e-05
degan	NOUN	delegation	delegation	delegación	4.262e-05	3	0.500	9.285e-06	8.901e-06	2.443e-05
fenes	NOUN	offense	beleidigung	ofensa	4.260e-05	3	0.425	2.031e-05	1.784e-05	4.443e-06
petat	ADJ	representative	repräsentativ	representativo|representante	4.259e-05	3	0.386	1.444e-05	9.652e-06	1.850e-05
desan	ADJ	decent	anständig	decente	4.259e-05	3	0.646	2.801e-05	2.651e-06	1.193e-05
fobad	VERB	found			4.253e-05	3	0.600	4.253e-05	0.000e+00	0.000e+00
kukom	NOUN	outcome		desenlace	4.251e-05	3	0.613	3.906e-05	0.000e+00	3.449e-06
radan	NOUN	radiation	strahlung	radiación	4.251e-05	3	0.503	2.076e-05	1.007e-05	1.168e-05
kared	ADJ	scared		asustado	4.250e-05	3	0.739	3.669e-05	0.000e+00	5.805e-06
koned	ADJ	convinced	überzeugt	convencido	4.247e-05	3	0.526	1.601e-05	2.838e-06	2.362e-05
befik	ADJ		beruflich		4.247e-05	3	0.625	0.000e+00	4.247e-05	0.000e+00
reter	DET	either			4.246e-05	3	0.600	4.246e-05	0.000e+00	0.000e+00
koras	NOUN	conspiracy	verschwörung	conspiración	4.244e-05	3	0.438	2.031e-05	8.768e-06	1.336e-05
habam	INTJ	ha			4.241e-05	3	0.200	4.241e-05	0.000e+00	0.000e+00
neked	ADJ		entsprechend		4.237e-05	3	0.455	0.000e+00	4.237e-05	0.000e+00
gedek	DET		irgendwelcher		4.228e-05	3	0.417	0.000e+00	4.228e-05	0.000e+00
fadil	VERB	file			4.227e-05	3	0.600	4.227e-05	0.000e+00	0.000e+00
rever	VERB	reverse		revertir	4.227e-05	3	0.810	3.759e-05	0.000e+00	4.680e-06
salad	NOUN	salad	salat	ensalada	4.226e-05	3	0.867	1.801e-05	1.527e-05	8.986e-06
kalid	NOUN	locality		localidad	4.225e-05	3	0.557	3.783e-06	0.000e+00	3.847e-05
rokam	VERB	proclaim	verkünden	proclamar	4.224e-05	3	0.342	8.426e-06	2.161e-05	1.221e-05
perut	NOUN	prey	beute	presa	4.224e-05	3	0.481	1.066e-05	1.716e-05	1.442e-05
vadiv	NOUN			vivo	4.222e-05	3	0.600	0.000e+00	0.000e+00	4.222e-05
ruset	NOUN	trust		fideicomiso	4.221e-05	3	0.572	3.988e-05	0.000e+00	2.326e-06
meras	NOUN	embrace		abrazo	4.220e-05	3	0.617	1.079e-05	0.000e+00	3.141e-05
gebot	NOUN	bid	gebot	puja	4.219e-05	3	0.559	2.101e-05	1.938e-05	1.809e-06
retir	NOUN	withdrawal	rücktritt	retirada	4.218e-05	3	0.444	1.250e-05	1.834e-05	1.134e-05
godut	NOUN	goodness	güte	bondad	4.217e-05	3	0.483	1.507e-05	1.834e-05	8.767e-06
hegen	ADJ		jährigen		4.214e-05	3	0.500	0.000e+00	4.214e-05	0.000e+00
silim	NOUN	socialism	sozialismus	socialismo	4.214e-05	3	0.517	8.470e-06	1.597e-05	1.769e-05
sepan	NOUN	acceptance	akzeptanz	aceptación	4.213e-05	3	0.535	1.618e-05	1.054e-05	1.541e-05
katik	NOUN	kick	tritt	patada	4.212e-05	3	0.511	2.604e-05	2.604e-06	1.348e-05
kinah	NOUN	intake	einnahme		4.211e-05	3	0.599	1.066e-05	3.145e-05	0.000e+00
katen	VERB		achten		4.211e-05	3	0.600	0.000e+00	4.211e-05	0.000e+00
belas	VERB		überlassen		4.210e-05	3	0.556	0.000e+00	4.210e-05	0.000e+00
karis	NOUN	corn	mais	maíz	4.209e-05	3	0.516	1.761e-05	8.378e-06	1.610e-05
supen	NOUN	suspension	fahrwerk	suspensión	4.209e-05	3	0.473	1.942e-05	3.041e-06	1.963e-05
hetag	ADV	nowadays	heutzutage		4.208e-05	3	0.408	1.440e-05	2.769e-05	0.000e+00
genin	NOUN			argentino	4.206e-05	3	0.625	0.000e+00	0.000e+00	4.206e-05
lamer	ADJ	parliamentary		parlamentario	4.206e-05	3	0.439	1.685e-05	0.000e+00	2.521e-05
nunat	NOUN	aunt		tía	4.206e-05	3	0.354	1.618e-05	0.000e+00	2.587e-05
silis	ADJ	socialist		socialista	4.205e-05	3	0.556	9.263e-06	0.000e+00	3.279e-05
patik	NOUN	particle	teilchen|partikel	partícula	4.204e-05	3	0.613	2.225e-05	8.744e-06	1.104e-05
lilen	NOUN		willen		4.203e-05	3	0.800	0.000e+00	4.203e-05	0.000e+00
pilen	ADJ			pleno	4.202e-05	3	0.800	0.000e+00	0.000e+00	4.202e-05
larug	NOUN	enlightenment	aufklärung|erleuchtung		4.201e-05	3	0.435	5.223e-06	3.679e-05	0.000e+00
pases	ADV		spätestens		4.201e-05	3	0.500	0.000e+00	4.201e-05	0.000e+00
febug	NOUN		freiburg		4.201e-05	3	0.625	0.000e+00	4.201e-05	0.000e+00
semat	ADJ	systematic	systematisch	sistemático	4.196e-05	3	0.500	8.269e-06	2.217e-05	1.151e-05
renal	NOUN	arsenal	arsenal	arsenal	4.196e-05	3	0.714	2.321e-05	1.031e-05	8.439e-06
rifis	NOUN	sacrifice		sacrificio	4.195e-05	3	0.625	1.892e-05	0.000e+00	2.303e-05
kuros	NOUN	curiosity	neugier	curiosidad	4.191e-05	3	0.466	1.041e-05	7.644e-06	2.386e-05
daril	ADV	daily		diariamente	4.190e-05	3	0.698	3.126e-05	0.000e+00	1.064e-05
remed	ADJ	tremendous		tremendo	4.186e-05	3	0.647	1.306e-05	0.000e+00	2.881e-05
desot	ADV		desto		4.186e-05	3	0.800	0.000e+00	4.186e-05	0.000e+00
delin	VERB	decline		declinar	4.183e-05	3	0.821	3.944e-05	0.000e+00	2.394e-06
ritek	NOUN	reviewer	prüfer	crítico	4.183e-05	3	0.588	6.584e-06	4.106e-06	3.114e-05
muten	VERB		vermuten		4.179e-05	3	0.625	0.000e+00	4.179e-05	0.000e+00
semar	NOUN	specimen	exemplar		4.177e-05	3	0.502	1.243e-05	2.933e-05	0.000e+00
liken	VERB	align	ausrichten	alinear	4.176e-05	3	0.430	1.181e-05	2.515e-05	4.797e-06
bilad	NOUN	blade	klinge	filo	4.175e-05	3	0.546	2.557e-05	1.033e-05	5.855e-06
ganan	NOUN	organisation			4.174e-05	3	0.417	4.174e-05	0.000e+00	0.000e+00
titil	ADJ	institutional	institutionell	institucional	4.171e-05	3	0.385	1.116e-05	5.146e-06	2.541e-05
lamal	ADJ		mal		4.166e-05	3	0.600	0.000e+00	4.166e-05	0.000e+00
fihed	ADJ	fixed		fijo	4.165e-05	3	0.603	2.110e-06	0.000e+00	3.954e-05
girut	NOUN	twist	wendung	giro	4.164e-05	3	0.409	1.279e-05	6.165e-06	2.268e-05
belin	NOUN	rebellion	aufstand|rebellion	rebelión	4.163e-05	3	0.449	9.720e-06	1.894e-05	1.297e-05
repel	NOUN	reply	antworten		4.161e-05	3	0.631	3.142e-05	1.019e-05	0.000e+00
sogik	NOUN	zoo	zoo	zoológico|zoo	4.161e-05	3	0.261	1.540e-05	1.668e-05	9.522e-06
takal	VERB	tackle		abordar	4.161e-05	3	0.447	1.926e-05	0.000e+00	2.234e-05
teden	NOUN	tendency	tendenz		4.160e-05	3	0.714	1.452e-05	2.709e-05	0.000e+00
digat	ADJ	disgusting	ekelhaft	desagradable|repugnante	4.159e-05	3	0.333	1.897e-05	7.644e-06	1.498e-05
rifil	NOUN	rifle	gewehr	fusil|rifle	4.158e-05	3	0.609	2.457e-05	6.508e-06	1.050e-05
linas	ADV	left	links		4.152e-05	3	0.658	9.797e-06	3.172e-05	0.000e+00
kelik	ADP	unlike			4.151e-05	3	0.600	4.151e-05	0.000e+00	0.000e+00
nomal	ADV	normally			4.151e-05	3	0.833	4.151e-05	0.000e+00	0.000e+00
ruker	VERB	revert	zurückkehren		4.150e-05	3	0.500	1.540e-06	3.996e-05	0.000e+00
siken	VERB		auszeichnen		4.150e-05	3	0.556	0.000e+00	4.150e-05	0.000e+00
kines	NUM	fifteen	fünfzehn	quince	4.149e-05	3	0.527	1.540e-05	6.212e-06	1.988e-05
keson	VERB	question			4.147e-05	3	0.714	4.147e-05	0.000e+00	0.000e+00
sabag	DET			suyo	4.145e-05	3	0.200	0.000e+00	0.000e+00	4.145e-05
toran	NOUN			torno	4.145e-05	3	0.800	0.000e+00	0.000e+00	4.145e-05
porak	NOUN			porqué	4.145e-05	3	0.800	0.000e+00	0.000e+00	4.145e-05
supal	VERB	supply			4.145e-05	3	0.800	4.145e-05	0.000e+00	0.000e+00
helil	NOUN	salvation	heil	salvación	4.144e-05	3	0.529	9.943e-06	2.201e-05	9.493e-06
vekal	ADJ	vertical	senkrecht|vertikal	vertical	4.144e-05	3	0.572	1.574e-05	1.061e-05	1.509e-05
konut	VERB	consult		consultar	4.143e-05	3	0.622	1.731e-05	0.000e+00	2.412e-05
nanal	NOUN	nationality	nationalität	nacionalidad	4.143e-05	3	0.433	8.136e-06	8.768e-06	2.452e-05
labod	ADJ	elaborate	aufwendig|erarbeiten	elaborado	4.142e-05	3	0.374	1.283e-05	1.777e-05	1.082e-05
famas	NOUN	pharmacy	apotheke	farmacia	4.141e-05	3	0.439	8.269e-06	1.961e-05	1.354e-05
defiv	ADJ	definitive		definitivo	4.138e-05	3	0.556	7.042e-06	0.000e+00	3.434e-05
feses	NOUN			francés	4.138e-05	3	0.571	0.000e+00	0.000e+00	4.138e-05
kokin	NOUN	cooking	kochen	cocinar	4.137e-05	3	0.774	8.583e-06	3.133e-05	1.457e-06
ligar	VERB	allocate	zuweisen	asignar	4.137e-05	3	0.429	1.084e-05	7.429e-06	2.310e-05
laben	ADJ		planen		4.136e-05	3	0.667	0.000e+00	4.136e-05	0.000e+00
damin	NOUN	damn		maldición	4.135e-05	3	0.721	3.432e-05	0.000e+00	7.038e-06
namen	ADP		namens		4.132e-05	3	0.833	0.000e+00	4.132e-05	0.000e+00
vales	ADV	overly	allzu	excesivamente	4.130e-05	3	0.450	7.544e-06	2.899e-05	4.761e-06
goled	ADJ	gold			4.129e-05	3	0.800	4.129e-05	0.000e+00	0.000e+00
nikel	ADJ	unlikely	unwahrscheinlich	improbable	4.129e-05	3	0.483	2.277e-05	1.361e-05	4.912e-06
babev	ADJ	above	oben		4.128e-05	3	0.583	3.768e-05	3.608e-06	0.000e+00
sigat	NOUN	sight			4.128e-05	3	0.800	4.128e-05	0.000e+00	0.000e+00
febat	VERB	float	schweben	flotar	4.128e-05	3	0.515	2.819e-05	1.035e-05	2.732e-06
mokig	NOUN	smoking		tabaco	4.125e-05	3	0.497	2.873e-05	0.000e+00	1.252e-05
badal	ADV	badly			4.125e-05	3	0.800	4.125e-05	0.000e+00	0.000e+00
mulik	ADJ	probable	vermutlich		4.124e-05	3	0.463	6.886e-06	3.436e-05	0.000e+00
neker	ADJ	uncertain	unsicher|ungewiss	incierto	4.124e-05	3	0.434	1.090e-05	2.595e-05	4.381e-06
rekiv	ADJ	respective		respectivo	4.123e-05	3	0.556	1.730e-05	0.000e+00	2.394e-05
tufit	NOUN	outfit	outfit	atuendo	4.123e-05	3	0.646	2.607e-05	1.266e-05	2.495e-06
monak	NOUN	monk	mönch	monje	4.121e-05	3	0.742	1.536e-05	1.382e-05	1.204e-05
supid	ADJ	surprised	erstaunt	sorprendido	4.121e-05	3	0.430	2.339e-05	8.785e-06	9.033e-06
fitin	NOUN	confirmation	bestätigung	confirmación	4.120e-05	3	0.335	1.389e-05	1.781e-05	9.499e-06
detor	NOUN	presenter	moderator	presentador	4.120e-05	3	0.469	6.573e-06	2.358e-05	1.104e-05
remak	NOUN	remark	anmerkung		4.120e-05	3	0.538	2.128e-05	1.991e-05	0.000e+00
komom	NOUN	compromise	kompromiß		4.116e-05	3	0.556	1.574e-05	2.543e-05	0.000e+00
pekan	NOUN	applicant	bewerber|klägerin	demandante|solicitante	4.115e-05	3	0.299	1.460e-05	1.864e-05	7.912e-06
horis	NOUN	horizon	horizont	horizonte	4.114e-05	3	0.660	1.635e-05	1.104e-05	1.375e-05
verif	VERB	verify	verifizieren	verificar	4.107e-05	3	0.747	1.861e-05	2.781e-06	1.968e-05
vomit	ADV		womit		4.106e-05	3	1.000	0.000e+00	4.106e-05	0.000e+00
bageb	VERB		geb		4.106e-05	3	0.600	0.000e+00	4.106e-05	0.000e+00
babid	NOUN		bd		4.106e-05	3	0.400	0.000e+00	4.106e-05	0.000e+00
gekad	NOUN		griechenland		4.106e-05	3	0.455	0.000e+00	4.106e-05	0.000e+00
pasil	NOUN	pill		pastilla|píldora	4.105e-05	3	0.666	2.444e-05	0.000e+00	1.661e-05
leran	NOUN	tolerance	toleranz	tolerancia	4.103e-05	3	0.625	1.283e-05	1.597e-05	1.223e-05
nined	ADJ		anscheinend		4.103e-05	3	0.556	0.000e+00	4.103e-05	0.000e+00
rival	NOUN	rival		rival	4.102e-05	3	1.000	1.685e-05	0.000e+00	2.417e-05
paben	NOUN	pan	pan	sartén	4.098e-05	3	0.592	3.071e-05	6.969e-06	3.301e-06
perer	NOUN	preorder			4.097e-05	3	0.625	4.097e-05	0.000e+00	0.000e+00
supem	NOUN	supermarket	supermarkt	supermercado	4.096e-05	3	0.480	2.935e-06	2.323e-05	1.480e-05
virud	NOUN	virtue	tugend	virtud	4.094e-05	3	0.703	1.309e-05	3.408e-06	2.444e-05
degir	VERB	desire	begehren		4.093e-05	3	0.729	3.405e-05	6.875e-06	0.000e+00
gahig	NOUN		jährige		4.092e-05	3	0.667	0.000e+00	4.092e-05	0.000e+00
tabel	NOUN	spreadsheet	tabelle		4.087e-05	3	0.955	2.277e-06	3.860e-05	0.000e+00
penag	NOUN	percentage	prozentsatz		4.087e-05	3	0.535	3.657e-05	4.295e-06	0.000e+00
ganad	NOUN	cattle	vieh	ganado	4.086e-05	3	0.505	1.574e-05	7.644e-06	1.748e-05
dabor	ADP		dar		4.086e-05	3	0.600	0.000e+00	4.086e-05	0.000e+00
rutin	NOUN	routine	routine	rutina	4.084e-05	3	0.899	1.759e-05	7.148e-06	1.610e-05
kepar	VERB	export	exportieren	exportar	4.078e-05	3	0.404	2.647e-05	6.425e-06	7.882e-06
fasut	NOUN	fist	faust	puño	4.077e-05	3	0.494	1.166e-05	1.834e-05	1.076e-05
pasis	ADJ	precise		preciso	4.077e-05	3	0.667	1.507e-05	0.000e+00	2.570e-05
vitek	NOUN	switch	umschalten	interruptor	4.076e-05	3	0.559	3.628e-05	2.307e-06	2.177e-06
perun	NOUN	supervision	betreuung	supervisión	4.075e-05	3	0.404	9.720e-06	2.059e-05	1.044e-05
lefan	NOUN	elephant	elefant	elefante	4.074e-05	3	0.714	2.060e-05	8.981e-06	1.116e-05
dimik	NOUN	dynamic	dynamik	dinámica|dinamismo|dinámico	4.074e-05	3	0.701	1.373e-05	1.054e-05	1.647e-05
kalis	NOUN	capitalism	kapitalismus	capitalismo	4.073e-05	3	0.469	1.041e-05	1.491e-05	1.541e-05
perav	ADJ	operational		operativo|operacional	4.070e-05	3	0.500	1.808e-05	0.000e+00	2.262e-05
papat	NOUN	pope	papst		4.067e-05	3	0.787	1.339e-06	3.933e-05	0.000e+00
pitek	NOUN	pitch	spielfeld		4.067e-05	3	0.734	3.490e-05	5.772e-06	0.000e+00
bevar	NOUN	observer	beobachter	observador	4.066e-05	3	0.482	1.565e-05	1.350e-05	1.152e-05
dadir	VERB	admire	bewundern	admirar	4.064e-05	3	0.425	1.264e-05	1.117e-05	1.683e-05
pemen	ADV	allegedly		supuestamente|presuntamente	4.064e-05	3	0.375	1.283e-05	0.000e+00	2.780e-05
vakus	NOUN	vacuum	vakuum	vacío	4.063e-05	3	0.629	1.373e-05	4.201e-06	2.270e-05
mereb	VERB	impress	beeindrucken	impresionar	4.062e-05	3	0.375	1.830e-05	1.197e-05	1.035e-05
foler	NOUN	flyer	flieger|flyer	volante	4.062e-05	3	0.479	9.709e-06	1.980e-05	1.111e-05
ketem	NOUN			extremo	4.062e-05	3	0.571	0.000e+00	0.000e+00	4.062e-05
kadem	NOUN	academia		academia	4.061e-05	3	0.833	3.872e-06	0.000e+00	3.673e-05
damon	NOUN	demon	dämon	demonio	4.060e-05	3	0.820	1.116e-05	4.096e-06	2.535e-05
dikor	NOUN	indicator	indikator	indicador	4.059e-05	3	0.556	1.683e-05	6.946e-06	1.682e-05
milen	VERB		mitteilen		4.059e-05	3	0.625	0.000e+00	4.059e-05	0.000e+00
hadar	NOUN	hardware	hardware	hardware	4.057e-05	3	0.714	2.232e-05	1.183e-05	6.421e-06
katin	NOUN	vacation	ferien		4.056e-05	3	0.561	3.163e-05	8.934e-06	0.000e+00
labah	NOUN		le		4.056e-05	3	0.200	0.000e+00	4.056e-05	0.000e+00
pekak	ADJ	spectacular	spektakulär	espectacular	4.055e-05	3	0.438	1.283e-05	9.774e-06	1.794e-05
daket	NOUN	jacket		chaqueta	4.053e-05	3	0.951	3.053e-05	0.000e+00	1.000e-05
kesug	NOUN	crossing	kreuzung	cruce	4.053e-05	3	0.475	1.277e-05	1.183e-05	1.593e-05
fosen	NOUN	enforcement	durchsetzung|vollzug		4.051e-05	3	0.419	3.147e-05	9.040e-06	0.000e+00
nibod	PRON	anybody			4.051e-05	3	0.833	4.051e-05	0.000e+00	0.000e+00
pemer	ADJ	premier			4.051e-05	3	0.714	4.051e-05	0.000e+00	0.000e+00
mesid	ADJ	impressed	beeindrucken|beeindruckt		4.051e-05	3	0.364	1.564e-05	2.487e-05	0.000e+00
rivin	NOUN	driving	fahren|autofahren	conducción	4.049e-05	3	0.421	1.874e-05	1.260e-05	9.137e-06
lusus	NOUN	exclusion	ausschluß|ausgrenzung	exclusión	4.047e-05	3	0.484	5.346e-06	2.484e-05	1.028e-05
risat	NOUN			cristo	4.046e-05	3	0.600	0.000e+00	0.000e+00	4.046e-05
hagar	VERB			hagar	4.046e-05	3	1.000	0.000e+00	0.000e+00	4.046e-05
tinin	NOUN	distinction	unterscheidung	distinción	4.043e-05	3	0.424	1.634e-05	9.395e-06	1.470e-05
tadin	NOUN	standing	stehen		4.042e-05	3	0.507	2.407e-05	1.635e-05	0.000e+00
kotin	NOUN	curtain	vorhang	cortina|telón	4.040e-05	3	0.536	1.318e-05	1.123e-05	1.599e-05
nenit	NOUN	intensity	intensität	intensidad	4.039e-05	3	0.504	1.540e-05	7.301e-06	1.769e-05
difen	DET			diferente	4.038e-05	3	0.625	0.000e+00	0.000e+00	4.038e-05
legan	ADJ	elegant	elegant	elegante	4.037e-05	3	0.714	9.943e-06	1.331e-05	1.712e-05
narar	VERB			enterar	4.033e-05	3	0.571	0.000e+00	0.000e+00	4.033e-05
popos	VERB	oppose	widersetzen		4.032e-05	3	0.748	3.737e-05	2.953e-06	0.000e+00
finis	NOUN	finish		acabado	4.030e-05	3	0.750	3.024e-05	0.000e+00	1.006e-05
kalir	NOUN	corridor	flur|korridor	pasillo	4.029e-05	3	0.410	1.147e-05	1.592e-05	1.290e-05
hefet	NOUN	notebook	heft	cuaderno	4.027e-05	3	0.590	6.138e-06	2.757e-05	6.570e-06
sagil	VERB	sail	segeln	navegar	4.027e-05	3	0.606	2.365e-05	3.372e-06	1.325e-05
timal	ADJ	optimal	optimal	óptimo	4.026e-05	3	0.630	9.720e-06	2.391e-05	6.630e-06
ninid	NOUN	inside	innen|innenseite		4.023e-05	3	0.517	2.404e-05	1.620e-05	0.000e+00
karel	ADV	carefully		cuidadosamente	4.022e-05	3	0.617	3.214e-05	0.000e+00	8.081e-06
desek	VERB	contradict	widersprechen	contradecir	4.022e-05	3	0.355	5.234e-06	2.918e-05	5.805e-06
takik	NOUN	tactic	taktik	táctica	4.019e-05	3	0.833	2.224e-05	1.232e-05	5.633e-06
narun	NOUN	nutrition	nahrung	nutrición	4.017e-05	3	0.524	1.406e-05	2.012e-05	5.994e-06
benas	ADV		abends		4.014e-05	3	0.667	0.000e+00	4.014e-05	0.000e+00
parat	NOUN	appliance		aparato	4.013e-05	3	0.721	8.225e-06	0.000e+00	3.191e-05
vored	ADJ	worried			4.013e-05	3	0.833	4.013e-05	0.000e+00	0.000e+00
haveh	ADV		weh		4.011e-05	3	0.600	0.000e+00	4.011e-05	0.000e+00
voraf	ADV		worauf		4.011e-05	3	0.833	0.000e+00	4.011e-05	0.000e+00
gesik	ADP		angesichts		4.011e-05	3	0.556	0.000e+00	4.011e-05	0.000e+00
sekel	NOUN	sequel	fortsetzung	secuela	4.011e-05	3	0.531	1.066e-05	2.132e-05	8.131e-06
rikeb	VERB		errichten		4.010e-05	3	0.571	0.000e+00	4.010e-05	0.000e+00
garag	NOUN	garage	garage	garaje|cochera	4.010e-05	3	0.933	1.986e-05	1.325e-05	6.986e-06
bisof	NOUN		bischof		4.010e-05	3	1.000	0.000e+00	4.010e-05	0.000e+00
guten	NOUN	coupon	gutschein	cupón	4.010e-05	3	0.558	1.296e-05	2.291e-05	4.234e-06
ladis	ADJ		ausländisch		4.010e-05	3	0.556	0.000e+00	4.010e-05	0.000e+00
ranis	NOUN	franchise	franchise	franquicia	4.009e-05	3	0.714	2.176e-05	3.254e-06	1.508e-05
kagen	VERB	exchange	tauschen		4.009e-05	3	0.414	1.608e-05	2.401e-05	0.000e+00
senus	NOUN	census	zählung	censo	4.008e-05	3	0.778	1.786e-05	2.843e-06	1.938e-05
manul	NOUN	manual	handbuch	manual	4.007e-05	3	0.638	1.318e-05	1.930e-05	7.585e-06
bales	VERB	bless	segnen		4.007e-05	3	0.728	3.549e-05	4.577e-06	0.000e+00
dopin	NOUN	adoption	verabschiedung|adoption	adopción	4.003e-05	3	0.575	1.652e-05	7.810e-06	1.571e-05
bisik	NOUN	bicycle	radtour	bicicleta	4.002e-05	3	0.644	1.066e-05	2.367e-06	2.700e-05
kotan	NOUN	container	container	contenedor	3.996e-05	3	0.521	2.002e-05	1.111e-05	8.827e-06
defev	ADJ	defensive	defensiv	defensivo	3.995e-05	3	0.625	2.678e-05	2.826e-06	1.034e-05
merit	NOUN	merit		mérito	3.994e-05	3	1.000	1.750e-05	0.000e+00	2.244e-05
koses	NOUN	consensus	konsens|einvernehmen	consenso	3.993e-05	3	0.602	1.406e-05	1.071e-05	1.516e-05
kesiv	ADJ	excessive	übermäßig	excesivo	3.991e-05	3	0.640	1.473e-05	7.823e-06	1.736e-05
novat	ADJ	innovative	innovativ	innovador	3.988e-05	3	0.585	1.406e-05	1.316e-05	1.266e-05
makep	NOUN	makeup		maquillaje	3.987e-05	3	0.706	2.734e-05	0.000e+00	1.252e-05
dikir	NOUN	dictionary	wörterbuch	diccionario	3.984e-05	3	0.451	1.172e-05	9.395e-06	1.873e-05
veran	NOUN	governance	steuerung	gobernación|gobernabilidad	3.984e-05	3	0.412	1.373e-05	1.104e-05	1.507e-05
firen	VERB		profitieren		3.982e-05	3	0.455	0.000e+00	3.982e-05	0.000e+00
sepab	ADJ	acceptable	akzeptabel	aceptable	3.981e-05	3	0.566	2.076e-05	7.288e-06	1.177e-05
haker	NOUN	hacker	hacker	pirata	3.978e-05	3	0.554	1.095e-05	1.108e-05	1.776e-05
hines	ADP		hinzu		3.973e-05	3	0.800	0.000e+00	3.973e-05	0.000e+00
bolog	NOUN	biology	biologie	biología	3.970e-05	3	0.833	1.853e-05	1.104e-05	1.014e-05
dovan	ADJ	down	down	abajo	3.970e-05	3	0.670	1.320e-05	1.787e-05	8.630e-06
tumeb	NOUN	thumb	daumen	pulgar	3.969e-05	3	0.593	1.685e-05	1.870e-05	4.145e-06
luter	NOUN	leather		cuero	3.969e-05	3	0.642	2.500e-05	0.000e+00	1.469e-05
kakas	ADV			acaso	3.968e-05	3	0.800	0.000e+00	0.000e+00	3.968e-05
halan	ADJ		erhalten		3.967e-05	3	0.500	0.000e+00	3.967e-05	0.000e+00
natis	NOUN	native	muttersprache|einheimische	nativo	3.966e-05	3	0.632	1.953e-05	1.234e-05	7.793e-06
nefev	NOUN	nephew	neffe	sobrino	3.965e-05	3	0.521	1.346e-05	1.202e-05	1.417e-05
korel	NOUN			coronel	3.964e-05	3	0.714	0.000e+00	0.000e+00	3.964e-05
gasar	NOUN	organizer	veranstalter|organisator	organizador	3.962e-05	3	0.399	8.917e-06	2.133e-05	9.372e-06
maner	NOUN	manner			3.962e-05	3	1.000	3.962e-05	0.000e+00	0.000e+00
karil	NOUN	clay	lehm	barro|arcilla	3.961e-05	3	0.394	2.021e-05	3.183e-06	1.622e-05
pegas	NOUN	pregnancy		embarazo	3.959e-05	3	0.490	2.388e-05	0.000e+00	1.571e-05
berob	VERB	rob	berauben		3.959e-05	3	0.585	3.347e-05	6.118e-06	0.000e+00
sasid	ADV	aside	beiseite		3.957e-05	3	0.681	3.039e-05	9.182e-06	0.000e+00
kasir	NOUN			castro	3.956e-05	3	0.800	0.000e+00	0.000e+00	3.956e-05
vokom	VERB		vorkommen		3.956e-05	3	0.625	0.000e+00	3.956e-05	0.000e+00
fagek	ADJ		umfangreich		3.953e-05	3	0.500	0.000e+00	3.953e-05	0.000e+00
setin	NOUN	setting			3.951e-05	3	0.833	3.951e-05	0.000e+00	0.000e+00
furet	NUM	forty	vierzig	cuarenta	3.951e-05	3	0.526	1.763e-05	5.408e-06	1.647e-05
rekas	NOUN	rejection	absage	rechazo	3.950e-05	3	0.681	8.861e-06	8.378e-06	2.227e-05
segin	NOUN	tracking	verfolgen	seguimiento|rastreo	3.950e-05	3	0.418	1.242e-05	2.586e-06	2.450e-05
konot	NOUN	economist	ökonom	economista	3.950e-05	3	0.577	1.469e-05	7.656e-06	1.716e-05
redin	NOUN	breeding		reproducción|cría	3.949e-05	3	0.368	7.653e-06	0.000e+00	3.184e-05
disig	VERB	distinguish		distinguir	3.949e-05	3	0.556	1.310e-05	0.000e+00	2.639e-05
fakur	VERB	manufacture			3.947e-05	3	0.500	3.947e-05	0.000e+00	0.000e+00
rerar	VERB	repair	reparieren	reparar	3.945e-05	3	0.565	7.907e-06	1.754e-05	1.401e-05
hugar	VERB			juzgar	3.944e-05	3	0.833	0.000e+00	0.000e+00	3.944e-05
henor	VERB	honor	ehren		3.941e-05	3	0.529	2.161e-05	1.780e-05	0.000e+00
fasis	NOUN	emphasis	betonung	énfasis|hincapié	3.939e-05	3	0.530	1.730e-05	5.289e-06	1.680e-05
kenik	ADJ	ethnic	ethnisch	étnico	3.938e-05	3	0.569	2.388e-05	6.165e-06	9.334e-06
seleg	VERB	accelerate	beschleunigen	acelerar	3.938e-05	3	0.429	1.459e-05	1.461e-05	1.019e-05
gagen	VERB		wagen		3.935e-05	3	0.800	0.000e+00	3.935e-05	0.000e+00
vidif	NOUN	wildlife	fauna	fauna	3.931e-05	3	0.434	2.388e-05	5.289e-06	1.014e-05
noton	NOUN	autumn		otoño	3.930e-05	3	0.559	2.031e-05	0.000e+00	1.899e-05
kunig	ADJ		zukünftig		3.927e-05	3	0.556	0.000e+00	3.927e-05	0.000e+00
homah	NOUN	homage		homenaje	3.924e-05	3	0.724	4.542e-06	0.000e+00	3.470e-05
kemer	NOUN	cm	zentimeter		3.922e-05	3	0.400	1.661e-05	2.261e-05	0.000e+00
badis	INTJ	bye		adiós	3.919e-05	3	0.405	1.914e-05	0.000e+00	2.005e-05
monet	NOUN			monte	3.919e-05	3	0.800	0.000e+00	0.000e+00	3.919e-05
bemuh	VERB	strive	bemühen		3.919e-05	3	0.607	5.859e-06	3.333e-05	0.000e+00
radig	NOUN	trading			3.918e-05	3	0.714	3.918e-05	0.000e+00	0.000e+00
dafin	ADV		daraufhin		3.917e-05	3	0.556	0.000e+00	3.917e-05	0.000e+00
ginen	VERB		eignen		3.916e-05	3	0.667	0.000e+00	3.916e-05	0.000e+00
lifet	NOUN	lifetime	laufzeit		3.915e-05	3	0.657	2.875e-05	1.040e-05	0.000e+00
filos	NOUN	philosopher	philosoph	filósofo	3.913e-05	3	0.672	1.051e-05	1.429e-05	1.432e-05
temet	NOUN	testament	testament	testamento	3.913e-05	3	0.556	1.306e-05	1.384e-05	1.223e-05
nalit	NOUN	analyst	analyst	analista	3.907e-05	3	0.714	1.966e-05	7.277e-06	1.213e-05
loran	NOUN	exploration	erforschung	exploración	3.906e-05	3	0.398	1.730e-05	8.981e-06	1.278e-05
betiv	ADJ	objective	objektiv	objetivo	3.906e-05	3	0.647	2.236e-05	6.893e-06	9.805e-06
dibot	NOUN	idiot			3.906e-05	3	0.600	3.906e-05	0.000e+00	0.000e+00
filel	ADJ	faithful		fiel	3.906e-05	3	0.666	1.406e-05	0.000e+00	2.500e-05
toris	VERB	authorize		autorizar	3.903e-05	3	0.621	1.620e-05	0.000e+00	2.282e-05
putir	NOUN	pull		tira	3.901e-05	3	0.529	1.383e-05	0.000e+00	2.518e-05
lusid	ADJ	fluid	flüssig	líquido	3.900e-05	3	0.621	1.681e-05	1.244e-05	9.746e-06
taken	VERB	dive	tauchen		3.897e-05	3	0.771	2.929e-06	3.604e-05	0.000e+00
manim	NOUN	anime	anime	anime	3.897e-05	3	0.800	2.031e-05	1.130e-05	7.356e-06
feniv	ADJ	offensive	offensiv	ofensivo	3.895e-05	3	0.714	2.143e-05	5.462e-06	1.207e-05
forat	ADP		fort		3.892e-05	3	0.800	0.000e+00	3.892e-05	0.000e+00
sireb	VERB	aspire	anstreben|streben	aspirar	3.892e-05	3	0.422	7.343e-06	1.909e-05	1.248e-05
resig	VERB	resign	zurücktreten	dimitir	3.890e-05	3	0.556	2.269e-05	9.995e-06	6.220e-06
vaden	VERB	hike	wandern		3.888e-05	3	0.468	1.343e-05	2.545e-05	0.000e+00
selal	NOUN	shelf	regal|haltbarkeit	estantería|estante	3.885e-05	3	0.527	1.813e-05	1.679e-05	3.926e-06
kofid	ADJ	confident	zuversichtlich	confiado	3.884e-05	3	0.519	3.002e-05	5.171e-06	3.653e-06
kasit	NOUN	exit	abfahrt		3.884e-05	3	0.488	2.500e-05	1.384e-05	0.000e+00
viges	NOUN	validity	gültigkeit|geltung	vigencia|validez	3.884e-05	3	0.466	5.591e-06	1.316e-05	2.009e-05
lamap	NOUN	lamp	lampe	lámpara	3.882e-05	3	0.773	1.250e-05	1.836e-05	7.955e-06
gigan	ADJ	giant		gigante	3.876e-05	3	0.678	2.585e-05	0.000e+00	1.290e-05
paber	NOUN			parecer	3.875e-05	3	0.571	0.000e+00	0.000e+00	3.875e-05
sumal	SCONJ		zumal		3.873e-05	3	1.000	0.000e+00	3.873e-05	0.000e+00
dabah	NOUN	da			3.872e-05	3	0.200	3.872e-05	0.000e+00	0.000e+00
napen	NOUN			peña	3.870e-05	3	0.600	0.000e+00	0.000e+00	3.870e-05
robid	ADJ	forbidden	unzulässig|verboten	prohibido	3.866e-05	3	0.499	1.018e-05	7.726e-06	2.075e-05
safun	NOUN	abolition	abschaffung|aufhebung	supresión|abolición	3.865e-05	3	0.368	3.616e-06	2.432e-05	1.072e-05
nekan	VERB		ansprechen		3.865e-05	3	0.444	0.000e+00	3.865e-05	0.000e+00
retan	NOUN	restoration	wiederherstellung|restaurierung	restauración|restablecimiento	3.862e-05	3	0.395	1.440e-05	9.904e-06	1.432e-05
manal	ADJ	manual	manuell	manual	3.861e-05	3	0.796	1.014e-05	8.573e-06	1.990e-05
lifes	NOUN	lifestyle	lebensweise|lifestyle		3.860e-05	3	0.558	2.409e-05	1.451e-05	0.000e+00
kasal	ADJ	casual		informal|casual	3.858e-05	3	0.664	1.897e-05	0.000e+00	1.961e-05
sevet	ADJ	seventh	siebte	séptimo	3.855e-05	3	0.600	1.986e-05	5.139e-06	1.355e-05
rukul	ADJ	structural	strukturell	estructural	3.855e-05	3	0.484	1.685e-05	8.060e-06	1.364e-05
ninul	NOUN	peninsula	halbinsel	península	3.853e-05	3	0.546	1.194e-05	1.048e-05	1.610e-05
ronel	ADV	strongly		firmemente	3.851e-05	3	0.521	3.292e-05	0.000e+00	5.586e-06
subit	VERB	suit			3.850e-05	3	0.800	3.850e-05	0.000e+00	0.000e+00
verid	ADJ	everyday		cotidiano	3.850e-05	3	0.508	1.700e-05	0.000e+00	2.150e-05
feben	VERB	repeal	aufheben	revocar	3.849e-05	3	0.495	8.269e-06	2.486e-05	5.367e-06
butod	ADJ	bloody	blutig	sangriento	3.846e-05	3	0.451	2.132e-05	9.135e-06	8.012e-06
baken	VERB	bake	backen		3.841e-05	3	0.803	1.894e-05	1.947e-05	0.000e+00
tokik	ADJ	toxic	giftig	tóxico	3.840e-05	3	0.708	1.942e-05	7.225e-06	1.176e-05
saten	NOUN	sentiment	einschätzung		3.839e-05	3	0.418	1.590e-05	2.248e-05	0.000e+00
riral	ADJ	territorial	territorial	territorial	3.835e-05	3	0.500	9.073e-06	3.254e-06	2.602e-05
vised	ADJ	widespread	verbreitet	extendido	3.835e-05	3	0.400	1.730e-05	9.832e-06	1.122e-05
varon	NOUN	variation	variation	variación	3.827e-05	3	0.556	1.339e-05	7.301e-06	1.757e-05
vaset	ADJ	vast		vasto	3.826e-05	3	0.800	3.448e-05	0.000e+00	3.778e-06
kaset	VERB	cast			3.825e-05	3	0.800	3.825e-05	0.000e+00	0.000e+00
lenin	NOUN	denial	ablehnung|verweigerung	negación	3.821e-05	3	0.434	1.090e-05	2.022e-05	7.089e-06
lafig	ADJ		langfristig		3.818e-05	3	0.455	0.000e+00	3.818e-05	0.000e+00
sifut	NOUN	shift	verschiebung		3.818e-05	3	0.708	3.114e-05	7.040e-06	0.000e+00
terer	VERB	interfere	beeinträchtigen|einmischen	interferir	3.817e-05	3	0.374	1.309e-05	2.090e-05	4.180e-06
velin	NOUN	revelation	enthüllung	revelación|apocalipsis	3.816e-05	3	0.416	1.423e-05	5.360e-06	1.857e-05
lotin	NOUN	clothing		vestimenta	3.814e-05	3	0.662	3.292e-05	0.000e+00	5.218e-06
valek	NOUN	walk	fußweg		3.811e-05	3	0.678	3.080e-05	7.313e-06	0.000e+00
negit	NOUN	integrity	integrität	integridad	3.811e-05	3	0.523	1.853e-05	5.171e-06	1.441e-05
busad	ADV	abroad	auswärts		3.810e-05	3	0.478	3.145e-05	6.650e-06	0.000e+00
rekal	VERB	recall			3.810e-05	3	1.000	3.810e-05	0.000e+00	0.000e+00
banor	NOUN	bankruptcy	insolvenz|konkurs	quiebra|bancarrota	3.807e-05	3	0.312	1.505e-05	1.086e-05	1.216e-05
tevin	NOUN	twin	zwilling	gemelo	3.802e-05	3	0.602	2.444e-05	7.466e-06	6.117e-06
sokar	VERB	scare	erschrecken	asustar	3.799e-05	3	0.599	1.950e-05	4.295e-06	1.419e-05
bebig	ADJ	arbitrary	beliebig	arbitrario	3.795e-05	3	0.507	7.901e-06	2.603e-05	4.016e-06
nepis	NOUN	enterprise			3.794e-05	3	0.556	3.794e-05	0.000e+00	0.000e+00
konaf	NOUN	con		estafa	3.794e-05	3	0.546	2.773e-05	0.000e+00	1.021e-05
bakon	NOUN	balcony	balkon	balcón	3.791e-05	3	0.833	7.957e-06	1.944e-05	1.051e-05
mehov	ADV	somehow			3.783e-05	3	0.714	3.783e-05	0.000e+00	0.000e+00
timat	ADJ	ultimate			3.783e-05	3	0.714	3.783e-05	0.000e+00	0.000e+00
mator	NOUN	motor			3.783e-05	3	0.800	3.783e-05	0.000e+00	0.000e+00
habuh	INTJ	haha			3.783e-05	3	0.600	3.783e-05	0.000e+00	0.000e+00
kapek	NOUN	pc			3.783e-05	3	0.400	3.783e-05	0.000e+00	0.000e+00
fakum	NOUN		faktum		3.783e-05	3	0.833	0.000e+00	3.783e-05	0.000e+00
monek	NOUN	monkey	affe	mono	3.783e-05	3	0.573	1.306e-05	6.070e-06	1.870e-05
sager	ADJ	sour	sauer	agrio	3.778e-05	3	0.725	6.050e-06	2.964e-05	2.084e-06
lebir	VERB			leir	3.777e-05	3	0.800	0.000e+00	0.000e+00	3.777e-05
bereh	VERB	overlook	übersehen		3.776e-05	3	0.422	1.651e-05	2.126e-05	0.000e+00
fekib	ADJ	flexible	flexibel	flexible	3.776e-05	3	0.594	1.507e-05	1.670e-05	5.994e-06
pises	VERB	process		procesar	3.773e-05	3	0.615	2.601e-05	0.000e+00	1.173e-05
kotid	ADJ	committed		comprometido|cometido	3.773e-05	3	0.552	1.425e-05	0.000e+00	2.348e-05
lasil	NOUN	asylum	asyl	asilo	3.773e-05	3	0.713	1.090e-05	1.668e-05	1.014e-05
funon	ADJ	functional	funktionsfähig	funcional	3.772e-05	3	0.511	1.942e-05	3.123e-06	1.518e-05
lanik	ADJ	atlantic		atlántico	3.769e-05	3	0.625	2.734e-05	0.000e+00	1.035e-05
mader	ADJ	mere		mero	3.767e-05	3	0.600	1.507e-05	0.000e+00	2.260e-05
faben	VERB		auffallen		3.766e-05	3	0.571	0.000e+00	3.766e-05	0.000e+00
manek	NOUN	stain	fleck	mancha	3.760e-05	3	0.571	5.591e-06	1.031e-05	2.170e-05
dikup	NOUN	apology		disculpa|apología	3.757e-05	3	0.508	7.901e-06	0.000e+00	2.967e-05
remot	ADJ	remote		remoto	3.754e-05	3	1.000	2.868e-05	0.000e+00	8.857e-06
verit	NOUN	wheat	getreide|weizen	trigo	3.751e-05	3	0.394	1.138e-05	1.499e-05	1.113e-05
kusod	NOUN	custody	untersuchungshaft|gewahrsam	custodia	3.751e-05	3	0.690	1.853e-05	8.046e-06	1.093e-05
meran	NOUN	merchant	kaufmann	mercader	3.748e-05	3	0.541	2.129e-05	1.420e-05	1.988e-06
ralun	NOUN	rally	kundgebung|rallye	mitin|rally	3.748e-05	3	0.477	1.629e-05	1.272e-05	8.466e-06
fusen	VERB	offset	ausgleichen	compensar	3.748e-05	3	0.352	1.173e-05	1.569e-05	1.006e-05
sinal	VERB	signal			3.746e-05	3	0.833	3.746e-05	0.000e+00	0.000e+00
seman	VERB	sue	verklagen	demandar	3.745e-05	3	0.382	8.861e-06	1.068e-05	1.791e-05
heres	ADV		hierzu		3.739e-05	3	0.600	0.000e+00	3.739e-05	0.000e+00
buren	NOUN	burn	verbrennung	quema	3.736e-05	3	0.617	2.482e-05	6.721e-06	5.815e-06
pesap	VERB	shape			3.736e-05	3	0.600	3.736e-05	0.000e+00	0.000e+00
deleg	NOUN	delegate	delegierte	delegado|delegada	3.735e-05	3	0.698	1.531e-05	3.798e-06	1.824e-05
kemel	ADJ	experimental	experimentell	experimental	3.734e-05	3	0.385	2.132e-05	4.425e-06	1.160e-05
marit	NOUN	manuscript	manuskript|handschrift	manuscrito	3.733e-05	3	0.511	1.427e-05	1.214e-05	1.092e-05
nonen	NOUN	announcement	ankündigung		3.731e-05	3	0.384	2.277e-05	1.454e-05	0.000e+00
genar	NOUN	genre	genre		3.728e-05	3	0.800	2.238e-05	1.491e-05	0.000e+00
sanin	NOUN	sanction		sanción	3.728e-05	3	0.690	9.943e-06	0.000e+00	2.733e-05
naher	ADV	afterward	nachher		3.724e-05	3	0.710	7.544e-06	2.970e-05	0.000e+00
gabon	ADJ	gone			3.722e-05	3	0.600	3.722e-05	0.000e+00	0.000e+00
nalik	ADJ	questionable	fraglich|fragwürdig|bedenklich	discutible	3.716e-05	3	0.357	6.729e-06	2.756e-05	2.873e-06
gesag	NOUN	vocal	gesang	vocal	3.713e-05	3	0.577	9.073e-06	2.212e-05	5.944e-06
nevit	ADJ	nationwide	bundesweit|landesweit		3.712e-05	3	0.471	6.529e-06	3.059e-05	0.000e+00
dipar	NOUN	shooting		disparo	3.712e-05	3	0.531	1.346e-05	0.000e+00	2.366e-05
satuk	ADJ	stuck		atrapado	3.710e-05	3	0.597	2.566e-05	0.000e+00	1.144e-05
vetos	NOUN	infringement	verstoß		3.709e-05	3	0.637	4.542e-06	3.255e-05	0.000e+00
rober	NOUN	rubber		goma|caucho	3.709e-05	3	0.487	1.897e-05	0.000e+00	1.812e-05
faden	VERB		fällen		3.708e-05	3	0.800	0.000e+00	3.708e-05	0.000e+00
sovel	DET		soviel		3.707e-05	3	0.833	0.000e+00	3.707e-05	0.000e+00
pasiv	ADJ	passive	passiv	pasivo	3.707e-05	3	1.000	1.194e-05	1.663e-05	8.505e-06
befit	VERB	benefit			3.704e-05	3	0.714	3.704e-05	0.000e+00	0.000e+00
vidom	NOUN	wisdom		sabiduría	3.703e-05	3	0.616	2.232e-05	0.000e+00	1.471e-05
pedag	NOUN	pledge	zusage|pfand	prenda	3.702e-05	3	0.387	1.230e-05	1.356e-05	1.116e-05
mafob	NOUN	mob	mafia	mafia	3.698e-05	3	0.600	1.194e-05	1.079e-05	1.424e-05
kulur	NOUN	sculpture	skulptur	escultura	3.698e-05	3	0.625	1.344e-05	1.200e-05	1.154e-05
senob	NOUN	sensor	sensor	sensor	3.697e-05	3	0.667	1.878e-05	1.034e-05	7.843e-06
sekis	ADJ	czech	tschechisch	checo	3.696e-05	3	0.575	9.943e-06	1.491e-05	1.211e-05
laver	NOUN	slavery	sklaverei	esclavitud	3.696e-05	3	0.632	1.808e-05	6.354e-06	1.252e-05
loheg	NOUN	lounge	wohnzimmer|lounge|stube		3.694e-05	3	0.416	9.285e-06	2.766e-05	0.000e+00
dubel	NOUN	duel	duell	duelo	3.694e-05	3	0.800	4.988e-06	1.455e-05	1.739e-05
reruk	NOUN	reconstruction	wiederaufbau|rekonstruktion	reconstrucción	3.693e-05	3	0.346	1.018e-05	1.241e-05	1.434e-05
retiv	NOUN	creativity	kreativität	creatividad	3.693e-05	3	0.486	1.138e-05	1.242e-05	1.312e-05
forul	VERB	formulate	formulieren	formular	3.693e-05	3	0.492	1.897e-06	2.887e-05	6.157e-06
vevel	DET		wieviel		3.688e-05	3	0.714	0.000e+00	3.688e-05	0.000e+00
kirus	NOUN	cruise	kreuzfahrt	crucero	3.688e-05	3	0.537	2.146e-05	3.917e-06	1.150e-05
dedus	VERB	induce	hervorrufen|herbeiführen	inducir	3.687e-05	3	0.387	1.382e-05	1.614e-05	6.919e-06
letul	NOUN	intellectual	intellektuelle	intelectual	3.684e-05	3	0.455	6.637e-06	1.146e-05	1.874e-05
legam	ADV	legally		legalmente|jurídicamente	3.684e-05	3	0.660	1.808e-05	0.000e+00	1.876e-05
nabas	NOUN		nazi		3.682e-05	3	0.600	0.000e+00	3.682e-05	0.000e+00
pegen	VERB		prägen		3.679e-05	3	0.667	0.000e+00	3.679e-05	0.000e+00
dibos	DET			dios	3.678e-05	3	0.800	0.000e+00	0.000e+00	3.678e-05
gudan	NOUN	guardian	hüter	tutor	3.678e-05	3	0.514	2.720e-05	2.532e-06	7.047e-06
heler	NOUN	helper	helfer	ayudante	3.677e-05	3	0.529	1.652e-06	2.168e-05	1.344e-05
pavot	NOUN	paw	pfote	pata	3.676e-05	3	0.600	5.698e-06	3.573e-06	2.749e-05
dovin	NOUN	down		down|abajo	3.676e-05	3	0.706	2.490e-05	0.000e+00	1.186e-05
hahen	NOUN	rooster	hahn	gallo	3.672e-05	3	0.575	1.306e-06	2.307e-05	1.235e-05
rubad	ADJ	blonde	blond	rubio	3.672e-05	3	0.421	1.228e-05	4.201e-06	2.025e-05
faren	ADJ	experienced	erfahren	experimentado	3.672e-05	3	0.395	1.412e-05	1.465e-05	7.952e-06
gehed	ADJ		weitgehend		3.671e-05	3	0.500	0.000e+00	3.671e-05	0.000e+00
demat	NOUN	democrat	demokrat	demócrata	3.670e-05	3	0.625	1.456e-05	1.460e-05	7.536e-06
renan	VERB	reconcile	vereinbaren|versöhnen	conciliar	3.669e-05	3	0.414	5.458e-06	2.837e-05	2.862e-06
hedin	NOUN	headline	schlagzeile		3.668e-05	3	0.463	2.101e-05	1.567e-05	0.000e+00
mabik	ADJ		maßgeblich		3.668e-05	3	0.556	0.000e+00	3.668e-05	0.000e+00
kolal	ADJ	colonial		colonial	3.666e-05	3	0.625	1.652e-05	0.000e+00	2.015e-05
motag	NOUN	mortgage		hipoteca	3.662e-05	3	0.606	2.734e-05	0.000e+00	9.274e-06
temil	ADV	temporarily	zeitweise	temporalmente	3.661e-05	3	0.356	1.283e-05	1.550e-05	8.270e-06
defis	NOUN	deficit	defizit	déficit	3.660e-05	3	0.714	1.283e-05	7.940e-06	1.583e-05
sikog	NOUN	psychologist	psychologe|psychologin	psicólogo|psicóloga	3.659e-05	3	0.564	1.109e-05	1.246e-05	1.304e-05
lutin	NOUN	evaluation	auswertung		3.659e-05	3	0.415	2.108e-05	1.551e-05	0.000e+00
geret	ADJ	equitable	gerecht	equitativo	3.659e-05	3	0.731	2.556e-06	3.121e-05	2.815e-06
manos	NOUN			manos	3.658e-05	3	1.000	0.000e+00	0.000e+00	3.658e-05
lager	ADJ		länger		3.657e-05	3	0.833	0.000e+00	3.657e-05	0.000e+00
sulad	ADJ		schuld		3.657e-05	3	0.800	0.000e+00	3.657e-05	0.000e+00
furer	ADJ		frankfurter		3.656e-05	3	0.455	0.000e+00	3.656e-05	0.000e+00
sofen	SCONJ		sofern		3.656e-05	3	0.833	0.000e+00	3.656e-05	0.000e+00
bubik	NOUN		bundesrepublik		3.656e-05	3	0.357	0.000e+00	3.656e-05	0.000e+00
sabug	NOUN		salzburg		3.656e-05	3	0.625	0.000e+00	3.656e-05	0.000e+00
minel	NOUN	mineral		mineral	3.652e-05	3	0.714	2.144e-05	0.000e+00	1.508e-05
sised	NOUN		vorsitzend		3.650e-05	3	0.500	0.000e+00	3.650e-05	0.000e+00
rabit	NOUN	rabbit	hase	conejo	3.648e-05	3	0.570	1.784e-05	1.477e-05	3.867e-06
fesin	NOUN	confession	bekenntnis|geständnis	confesión	3.646e-05	3	0.433	8.470e-06	1.478e-05	1.321e-05
sutir	VERB	stir	rühren		3.646e-05	3	0.468	1.736e-05	1.910e-05	0.000e+00
seruk	NOUN	outbreak	ausbruch	brote	3.646e-05	3	0.373	1.340e-05	1.520e-05	7.853e-06
tavat	VERB	await	abwarten		3.642e-05	3	0.469	1.528e-05	2.115e-05	0.000e+00
limon	NOUN	lemon	zitrone	limón	3.640e-05	3	0.852	1.624e-05	4.295e-06	1.586e-05
gedar	ADJ	legendary	legendär	legendario	3.639e-05	3	0.625	1.897e-05	1.106e-05	6.359e-06
sesas	VERB	cease		cesar	3.638e-05	3	0.800	1.964e-05	0.000e+00	1.674e-05
kobak	NOUN	oak	eiche	roble	3.635e-05	3	0.458	2.139e-05	1.091e-05	4.046e-06
risak	VERB	risk		arriesgar	3.635e-05	3	0.737	2.877e-05	0.000e+00	7.574e-06
perit	VERB	cooperate	zusammenarbeiten|mitarbeiten	cooperar	3.635e-05	3	0.352	1.109e-05	2.079e-05	4.462e-06
kolev	NOUN			colectivo	3.632e-05	3	0.625	0.000e+00	0.000e+00	3.632e-05
kivat	VERB	activate	aktivieren		3.631e-05	3	0.503	1.780e-05	1.851e-05	0.000e+00
kilin	NOUN	killing	tötung	matanza	3.629e-05	3	0.475	1.676e-05	6.969e-06	1.255e-05
poper	NOUN	opera	oper	ópera	3.625e-05	3	0.800	1.763e-06	2.488e-05	9.605e-06
disen	NOUN	disappointment	enttäuschung	decepción|desilusión	3.625e-05	3	0.356	1.138e-05	1.079e-05	1.408e-05
nanes	NOUN	illness		enfermedades	3.625e-05	3	0.583	3.390e-05	0.000e+00	2.343e-06
lavad	NOUN	laundry	waschmaschine	lavado|lavandería	3.624e-05	3	0.622	1.283e-05	8.555e-06	1.485e-05
bamel	ADV	barely		escasamente	3.621e-05	3	0.776	3.448e-05	0.000e+00	1.730e-06
potin	NOUN	pollution	verschmutzung	contaminación	3.621e-05	3	0.454	1.766e-05	2.452e-06	1.610e-05
final	NOUN	semi	halbfinale		3.619e-05	3	0.371	1.205e-05	2.414e-05	0.000e+00
larel	VERB	rely			3.618e-05	3	0.600	3.618e-05	0.000e+00	0.000e+00
legen	VERB		verlegen		3.616e-05	3	0.625	0.000e+00	3.616e-05	0.000e+00
teken	VERB		streichen		3.615e-05	3	0.625	0.000e+00	3.615e-05	0.000e+00
vegeh	VERB	weigh	wiegen|wägen		3.610e-05	3	0.627	1.811e-05	1.799e-05	0.000e+00
sudit	NOUN	suite	suite	suite	3.605e-05	3	0.800	2.030e-05	9.182e-06	6.567e-06
susib	ADJ	sustainable		sostenible|sustentable	3.604e-05	3	0.464	1.730e-05	0.000e+00	1.874e-05
dirid	ADJ			dirigido	3.603e-05	3	0.714	0.000e+00	0.000e+00	3.603e-05
maken	VERB		ausmachen		3.602e-05	3	0.625	0.000e+00	3.602e-05	0.000e+00
dedis	ADJ		niederländisch		3.601e-05	3	0.417	0.000e+00	3.601e-05	0.000e+00
vinen	VERB		erwischen		3.598e-05	3	0.571	0.000e+00	3.598e-05	0.000e+00
rebal	NOUN			real	3.597e-05	3	0.800	0.000e+00	0.000e+00	3.597e-05
rovar	NOUN	browser	browser	explorador|navegador	3.597e-05	3	0.480	1.039e-05	1.345e-05	1.213e-05
dabat	VERB	date			3.593e-05	3	0.600	3.593e-05	0.000e+00	0.000e+00
kemon	NOUN	common	allgemein	común	3.593e-05	3	0.670	1.766e-05	4.488e-06	1.378e-05
fites	NOUN	ft		pies	3.592e-05	3	0.413	3.358e-05	0.000e+00	2.342e-06
kutek	NOUN	artwork	kunstwerk		3.591e-05	3	0.427	1.707e-05	1.884e-05	0.000e+00
safin	NOUN	satisfaction	befriedigung	satisfacción	3.589e-05	3	0.400	1.618e-05	3.491e-06	1.622e-05
patar	ADJ		später		3.589e-05	3	0.667	0.000e+00	3.589e-05	0.000e+00
sipat	NOUN	sympathy	sympathie|anteilnahme	simpatía|pésame	3.586e-05	3	0.735	1.138e-05	1.347e-05	1.101e-05
bisap	NOUN			obispo	3.585e-05	3	0.600	0.000e+00	0.000e+00	3.585e-05
hafet	NOUN	detention	haft		3.585e-05	3	0.630	1.053e-05	2.532e-05	0.000e+00
redis	NOUN	prejudice	vorurteil	prejuicio	3.585e-05	3	0.448	8.738e-06	1.400e-05	1.311e-05
kalit	NOUN	capability	leistungsfähigkeit		3.583e-05	3	0.465	2.745e-05	8.378e-06	0.000e+00
kosol	NOUN	console	konsole	consola	3.583e-05	3	0.833	1.339e-05	1.106e-05	1.137e-05
letik	ADJ	ethical	ethisch	ético	3.582e-05	3	0.649	1.306e-05	7.384e-06	1.538e-05
seled	ADJ	celebrated		celebrado|célebre	3.581e-05	3	0.616	6.473e-06	0.000e+00	2.934e-05
kelif	NOUN	cliff	felsen	barranco|acantilado	3.577e-05	3	0.460	1.406e-05	1.325e-05	8.459e-06
nebar	NOUN	neighbourhood	nachbarschaft	vecindario	3.576e-05	3	0.364	1.171e-05	1.597e-05	8.081e-06
polat	VERB	populate		poblar	3.575e-05	3	0.677	7.713e-06	0.000e+00	2.804e-05
siset	ADJ	existent		existente	3.574e-05	3	0.556	3.616e-06	0.000e+00	3.212e-05
serir	NOUN	exterior	außenbereich	exterior	3.574e-05	3	0.539	9.073e-06	3.041e-06	2.362e-05
kabos	ADV		quasi		3.573e-05	3	0.600	0.000e+00	3.573e-05	0.000e+00
dahad	ADP		anhand		3.573e-05	3	0.500	0.000e+00	3.573e-05	0.000e+00
neris	ADV		einerseits		3.573e-05	3	0.500	0.000e+00	3.573e-05	0.000e+00
budeh	NOUN		bundeswehr		3.573e-05	3	0.500	0.000e+00	3.573e-05	0.000e+00
renil	NOUN	rental	vermietung	alquiler	3.571e-05	3	0.419	1.321e-05	3.112e-06	1.938e-05
dutiv	NOUN	productivity	produktivität	productividad	3.566e-05	3	0.415	1.574e-05	6.508e-06	1.342e-05
tatah	NOUN	tattoo		tatuaje	3.563e-05	3	0.682	2.312e-05	0.000e+00	1.250e-05
manil	VERB	manipulate	manipulieren	manipular	3.562e-05	3	0.512	1.306e-05	1.119e-05	1.138e-05
piles	NOUN	mushroom	pilz	hongo|setas	3.560e-05	3	0.421	5.725e-06	1.823e-05	1.164e-05
repan	NOUN	rep	repräsentant		3.559e-05	3	0.569	2.954e-05	6.047e-06	0.000e+00
hohal	INTJ			ojalá	3.559e-05	3	0.800	0.000e+00	0.000e+00	3.559e-05
kaluf	NOUN	calling	aufruf	vocación	3.557e-05	3	0.347	8.252e-06	1.649e-05	1.083e-05
kotir	VERB	quote		cotizar	3.557e-05	3	0.614	3.117e-05	0.000e+00	4.396e-06
delas	VERB	displace	verdrängen	desplazar	3.556e-05	3	0.392	8.969e-06	1.672e-05	9.871e-06
barad	VERB	board			3.556e-05	3	0.600	3.556e-05	0.000e+00	0.000e+00
kotig	NOUN	accounting	buchhaltung	contabilidad	3.553e-05	3	0.465	2.176e-05	4.496e-06	9.274e-06
menas	ADJ	immense	immens	inmenso	3.551e-05	3	0.546	8.470e-06	7.740e-06	1.930e-05
kakus	NOUN	checkout	kasse		3.548e-05	3	0.586	4.877e-06	3.060e-05	0.000e+00
rumeb	NOUN	heading	rubrik	rumbo	3.547e-05	3	0.641	3.064e-06	6.863e-06	2.555e-05
beruh	NOUN	witch	hexe	bruja|brujo	3.547e-05	3	0.471	9.598e-06	6.650e-06	1.922e-05
teral	ADJ	literal	wörtlich|buchstäblich	literal	3.546e-05	3	0.502	6.573e-06	1.627e-05	1.262e-05
dodel	VERB	double	verdoppeln		3.545e-05	3	0.545	2.296e-05	1.249e-05	0.000e+00
rodek	VERB	project		proyectar	3.544e-05	3	0.589	1.900e-05	0.000e+00	1.643e-05
senas	NOUN	breast		seno	3.544e-05	3	0.412	2.500e-05	0.000e+00	1.044e-05
pesil	NOUN	specialty	spezialität|fachgebiet	especialidad	3.543e-05	3	0.453	8.660e-06	1.160e-05	1.518e-05
letor	NOUN	elevator	aufzug|fahrstuhl	ascensor|elevador	3.542e-05	3	0.369	1.268e-05	1.195e-05	1.079e-05
fabek	NOUN		fach		3.542e-05	3	0.600	0.000e+00	3.542e-05	0.000e+00
lasul	NOUN	classroom	klassenzimmer	aula	3.542e-05	3	0.462	1.574e-05	4.106e-06	1.558e-05
suhon	NOUN	listening	anhören|zuhören	escuchar	3.542e-05	3	0.481	6.000e-06	2.627e-05	3.148e-06
ravit	NOUN	gravity		gravedad	3.537e-05	3	0.609	1.808e-05	0.000e+00	1.730e-05
fered	NOUN	referendum	referendum	referéndum|referendo	3.536e-05	3	0.510	1.150e-05	7.999e-06	1.586e-05
behig	VERB	calm	beruhigen		3.536e-05	3	0.412	9.112e-06	2.624e-05	0.000e+00
sades	NOUN			eso	3.533e-05	3	0.400	0.000e+00	0.000e+00	3.533e-05
boled	ADJ	bold	frech	audaz	3.533e-05	3	0.540	2.131e-05	1.025e-05	3.777e-06
lalis	VERB	realise			3.532e-05	3	0.667	3.532e-05	0.000e+00	0.000e+00
viser	NOUN	adviser	beraterin	consejero	3.531e-05	3	0.500	1.416e-05	2.473e-06	1.867e-05
sakir	VERB	shake		sacudir|agitar	3.530e-05	3	0.607	2.832e-05	0.000e+00	6.977e-06
konor	VERB			convocar	3.527e-05	3	0.625	0.000e+00	0.000e+00	3.527e-05
kudir	VERB			acudir	3.527e-05	3	0.833	0.000e+00	0.000e+00	3.527e-05
fabal	ADV	fairly			3.527e-05	3	0.600	3.527e-05	0.000e+00	0.000e+00
darid	ADJ	rid			3.527e-05	3	0.600	3.527e-05	0.000e+00	0.000e+00
rasig	NOUN	racing			3.527e-05	3	0.833	3.527e-05	0.000e+00	0.000e+00
naden	ADP	en			3.527e-05	3	0.400	3.527e-05	0.000e+00	0.000e+00
tifik	NOUN	certification	zertifikat|zertifizierung	certificación|titulación	3.526e-05	3	0.403	1.041e-05	1.192e-05	1.293e-05
telat	NOUN	tent	zelt	carpa	3.526e-05	3	0.495	1.250e-05	1.659e-05	6.173e-06
polad	NOUN	poll		sondeo	3.525e-05	3	0.574	3.073e-05	0.000e+00	4.523e-06
sened	VERB	ascend	aufsteigen	ascender	3.524e-05	3	0.471	4.218e-06	1.350e-05	1.752e-05
salov	VERB	swallow	schlucken	tragar	3.524e-05	3	0.464	1.570e-05	1.384e-05	5.705e-06
solid	NOUN	solid	fest|massiv	sólido|macizo	3.524e-05	3	0.541	1.296e-05	1.450e-05	7.781e-06
suhen	ADJ		zunehmen		3.523e-05	3	0.625	0.000e+00	3.523e-05	0.000e+00
nekal	NOUN	inequality	ungleichheit	desigualdad	3.522e-05	3	0.385	1.123e-05	5.538e-06	1.846e-05
nesit	NOUN	nest	nest	nido	3.522e-05	3	0.675	1.456e-05	9.620e-06	1.104e-05
sakul	NOUN	skull	schädel	cráneo|calavera	3.522e-05	3	0.526	1.373e-05	1.207e-05	9.423e-06
rarov	NOUN	arrow	pfeil	flecha	3.519e-05	3	0.342	1.507e-05	8.378e-06	1.175e-05
ganas	NOUN		ganz		3.518e-05	3	0.800	0.000e+00	3.518e-05	0.000e+00
beseh	ADJ		bestehen		3.518e-05	3	0.625	0.000e+00	3.518e-05	0.000e+00
peran	ADJ			peruano	3.517e-05	3	0.833	0.000e+00	0.000e+00	3.517e-05
gedik	NOUN		jugendlich		3.517e-05	3	0.556	0.000e+00	3.517e-05	0.000e+00
lalit	NOUN	liability	haftung	pasivo	3.517e-05	3	0.468	2.023e-05	8.378e-06	6.555e-06
nabes	ADJ	nazi		nazi	3.515e-05	3	0.600	2.132e-05	0.000e+00	1.384e-05
gamar	NOUN	grammar	grammatik	gramática	3.515e-05	3	0.661	1.702e-05	1.156e-05	6.570e-06
kanad	NOUN	candy		dulce	3.515e-05	3	0.530	2.330e-05	0.000e+00	1.184e-05
kotet	ADJ	competent	kompetent	competente	3.514e-05	3	0.556	9.285e-06	1.344e-05	1.242e-05
sosad	ADJ	associated	verbunden	asociado	3.513e-05	3	0.528	1.732e-05	6.297e-06	1.151e-05
gones	NOUN	goods		bienes	3.513e-05	3	0.590	3.173e-05	0.000e+00	3.401e-06
sanis	NOUN	ash	asche	ceniza	3.512e-05	3	0.553	9.497e-06	1.222e-05	1.340e-05
ragis	ADJ	tragic	tragisch	trágico	3.511e-05	3	0.705	1.339e-05	8.129e-06	1.359e-05
repal	VERB	reply			3.510e-05	3	0.800	3.510e-05	0.000e+00	0.000e+00
patak	NOUN	patch	patch	parche	3.508e-05	3	0.765	2.571e-05	3.183e-06	6.183e-06
kopul	NOUN	cop	bulle	poli	3.508e-05	3	0.549	2.611e-05	4.816e-06	4.145e-06
pubip	NOUN	pub	kneipe	pub	3.507e-05	3	0.554	2.302e-05	7.999e-06	4.046e-06
komol	ADV	commonly		comúnmente	3.503e-05	3	0.716	2.678e-05	0.000e+00	8.251e-06
bomeb	VERB	bomb	bombardieren	bombardear	3.501e-05	3	0.698	2.686e-05	4.745e-06	3.408e-06
feram	NOUN			enfermo	3.501e-05	3	0.500	0.000e+00	0.000e+00	3.501e-05
soran	NOUN	sovereignty	souveränität	soberanía	3.501e-05	3	0.585	8.080e-06	6.650e-06	2.028e-05
pedas	NOUN	chunk		pedazo	3.499e-05	3	0.861	4.877e-06	0.000e+00	3.012e-05
gager	VERB		engagieren		3.499e-05	3	0.500	0.000e+00	3.499e-05	0.000e+00
pasit	ADP	past			3.495e-05	3	0.800	3.495e-05	0.000e+00	0.000e+00
rineg	VERB	ring	klingeln|läuten		3.494e-05	3	0.590	1.897e-05	1.597e-05	0.000e+00
soled	NOUN	solitude	einsamkeit	soledad	3.493e-05	3	0.579	2.935e-06	8.378e-06	2.362e-05
bodar	NOUN	boundary			3.493e-05	3	0.714	3.493e-05	0.000e+00	0.000e+00
vefal	NOUN		westfalen		3.491e-05	3	0.556	0.000e+00	3.491e-05	0.000e+00
borad	NOUN		bord		3.491e-05	3	0.800	0.000e+00	3.491e-05	0.000e+00
ripal	ADJ	triple	dreifach	triple	3.489e-05	3	0.559	2.277e-05	8.394e-06	3.732e-06
vahen	ADJ	select	auswählen|wählen		3.489e-05	3	0.557	7.553e-06	2.733e-05	0.000e+00
baten	ADV		bitten		3.487e-05	3	0.800	0.000e+00	3.487e-05	0.000e+00
bafit	PART		bitte		3.487e-05	3	0.600	0.000e+00	3.487e-05	0.000e+00
degik	ADJ	ideological	ideologisch	ideológico	3.486e-05	3	0.498	6.573e-06	1.194e-05	1.635e-05
pabup	ADJ	up			3.486e-05	3	0.400	3.486e-05	0.000e+00	0.000e+00
begon	NOUN	blessing	segen	bendición	3.485e-05	3	0.505	6.272e-06	1.420e-05	1.438e-05
suhas	ADJ		zuhause		3.485e-05	3	0.833	0.000e+00	3.485e-05	0.000e+00
nesul	NOUN	insult		insulto	3.483e-05	3	0.500	1.369e-05	0.000e+00	2.114e-05
nehan	VERB		einnehmen		3.480e-05	3	0.500	0.000e+00	3.480e-05	0.000e+00
kubat	DET			cuanto	3.478e-05	3	0.600	0.000e+00	0.000e+00	3.478e-05
selev	NOUN	jungle		selva	3.477e-05	3	0.461	1.473e-05	0.000e+00	2.004e-05
selin	NOUN	shine	glanz	brillo	3.476e-05	3	0.352	1.321e-05	1.183e-05	9.711e-06
pader	NOUN	per			3.475e-05	3	0.600	3.475e-05	0.000e+00	0.000e+00
medad	NOUN	moisture	feuchtigkeit|feuchte	humedad	3.474e-05	3	0.375	8.861e-06	1.147e-05	1.441e-05
mabam	ADJ			mío	3.473e-05	3	0.200	0.000e+00	0.000e+00	3.473e-05
neses	NOUN	essence	wesentliche	esencia	3.473e-05	3	0.574	1.194e-05	3.386e-06	1.940e-05
sogen	VERB		versorgen		3.468e-05	3	0.556	0.000e+00	3.468e-05	0.000e+00
ridar	VERB			brindar	3.467e-05	3	0.714	0.000e+00	0.000e+00	3.467e-05
senin	NOUN	citation		mención	3.467e-05	3	0.506	1.153e-05	0.000e+00	2.314e-05
veres	VERB		versetzen		3.466e-05	3	0.556	0.000e+00	3.466e-05	0.000e+00
desed	VERB	descend	absteigen	descender	3.466e-05	3	0.601	1.137e-05	7.932e-06	1.536e-05
vokig	NOUN	working	arbeitszeit		3.464e-05	3	0.447	1.956e-05	1.509e-05	0.000e+00
refes	VERB	reference			3.463e-05	3	0.625	3.463e-05	0.000e+00	0.000e+00
berun	VERB		berufen		3.463e-05	3	0.714	0.000e+00	3.463e-05	0.000e+00
beban	NOUN	bean	bohne		3.463e-05	3	0.701	2.606e-05	8.567e-06	0.000e+00
dabes	CCONJ		daß		3.462e-05	3	0.600	0.000e+00	3.462e-05	0.000e+00
voras	ADP	ahead	voraus		3.460e-05	3	0.706	6.969e-06	2.764e-05	0.000e+00
geval	ADJ	formidable	gewaltig	formidable	3.460e-05	3	0.521	4.988e-06	2.568e-05	3.928e-06
niman	NOUN	animation	animation	animación	3.459e-05	3	0.556	1.685e-05	7.301e-06	1.044e-05
bekam	NOUN	beam	balken	viga	3.456e-05	3	0.584	2.182e-05	8.188e-06	4.553e-06
senit	NOUN	accent	akzent	acento	3.456e-05	3	0.543	1.442e-05	5.289e-06	1.485e-05
rigat	INTJ	right			3.455e-05	3	0.800	3.455e-05	0.000e+00	0.000e+00
rerif	NOUN	maturity	reife	madurez	3.454e-05	3	0.488	8.269e-06	1.633e-05	9.940e-06
peruk	NOUN		spruch		3.452e-05	3	0.600	0.000e+00	3.452e-05	0.000e+00
lover	VERB	lower			3.450e-05	3	1.000	3.450e-05	0.000e+00	0.000e+00
banen	VERB	dismantle	abbauen|zerlegen	desmantelar|desmontar	3.450e-05	3	0.467	1.942e-06	2.723e-05	5.330e-06
relen	VERB	overtake	überholen	adelantar	3.450e-05	3	0.365	1.138e-06	1.173e-05	2.163e-05
tafet	CCONJ			et	3.449e-05	3	0.400	0.000e+00	0.000e+00	3.449e-05
fekel	ADV	effectively			3.448e-05	3	0.556	3.448e-05	0.000e+00	0.000e+00
hisik	ADJ	historic			3.448e-05	3	0.625	3.448e-05	0.000e+00	0.000e+00
babak	NOUN	bc			3.448e-05	3	0.400	3.448e-05	0.000e+00	0.000e+00
letak	VERB	leak	austreten		3.441e-05	3	0.634	2.455e-05	9.863e-06	0.000e+00
mutal	ADJ	mutual		mutuo	3.439e-05	3	0.738	2.031e-05	0.000e+00	1.408e-05
supis	NOUN	supplies	zubehör	abastecimiento	3.432e-05	3	0.495	1.887e-05	8.567e-06	6.878e-06
rorit	ADJ	terrorist		terrorista	3.431e-05	3	0.625	1.500e-05	0.000e+00	1.931e-05
valat	VERB	evaluate	auswerten		3.429e-05	3	0.542	2.452e-05	9.770e-06	0.000e+00
kokis	NOUN	conquest	eroberung	conquista	3.428e-05	3	0.578	6.573e-06	6.212e-06	2.149e-05
dinor	NOUN	coordinator	koordination	coordinador|coordinadora	3.425e-05	3	0.434	9.096e-06	5.928e-06	1.922e-05
pabop	VERB	pop			3.424e-05	3	0.600	3.424e-05	0.000e+00	0.000e+00
kekit	NOUN	equity	eigenkapital	equidad	3.423e-05	3	0.638	2.232e-05	3.834e-06	8.081e-06
nafin	ADJ	ongoing	laufenden|fortlaufend		3.423e-05	3	0.406	2.818e-05	6.047e-06	0.000e+00
tupit	NOUN	stupidity	dummheit	estupidez	3.422e-05	3	0.466	5.100e-06	1.156e-05	1.756e-05
hesiv	ADJ	comprehensive	umfassenden	exhaustivo	3.418e-05	3	0.383	2.556e-05	3.376e-06	5.252e-06
desid	ADJ	destined		destinado	3.416e-05	3	0.625	6.886e-06	0.000e+00	2.728e-05
garut	NOUN	gut	darm	intestino|tripa	3.416e-05	3	0.456	1.829e-05	9.182e-06	6.686e-06
teril	NOUN	butterfly	schmetterling	mariposa	3.416e-05	3	0.445	1.497e-05	1.014e-05	9.050e-06
telog	NOUN	theology	theologie	teología	3.416e-05	3	0.833	9.285e-06	1.716e-05	7.713e-06
pubil	ADV	publicly		públicamente	3.414e-05	3	0.583	2.132e-05	0.000e+00	1.282e-05
miket	ADJ	mixed	gemischt	mixto|mezclado	3.413e-05	3	0.622	1.108e-05	4.896e-06	1.815e-05
regel	VERB		regeln		3.411e-05	3	0.833	0.000e+00	3.411e-05	0.000e+00
voger	NOUN	worry	sorgen		3.410e-05	3	0.584	2.871e-05	5.394e-06	0.000e+00
kenel	DET		keinerlei		3.408e-05	3	0.714	0.000e+00	3.408e-05	0.000e+00
mihen	VERB		mitnehmen		3.408e-05	3	0.556	0.000e+00	3.408e-05	0.000e+00
begik	ADP		bezüglich		3.408e-05	3	0.625	0.000e+00	3.408e-05	0.000e+00
rinen	NOUN		großbritannien		3.408e-05	3	0.385	0.000e+00	3.408e-05	0.000e+00
siber	NOUN			sierra	3.406e-05	3	0.800	0.000e+00	0.000e+00	3.406e-05
bereg	ADJ	convincing	überzeugen		3.405e-05	3	0.432	5.785e-06	2.826e-05	0.000e+00
resid	VERB	reside		residir	3.403e-05	3	0.846	1.572e-05	0.000e+00	1.831e-05
lonas	NOUN	canvas	leinwand	lienzo|lona	3.403e-05	3	0.437	1.018e-05	1.420e-05	9.652e-06
magif	ADJ	magnificent		magnífico	3.399e-05	3	0.563	1.228e-05	0.000e+00	2.172e-05
maban	DET			mío	3.399e-05	3	0.200	0.000e+00	0.000e+00	3.399e-05
nomis	ADJ	economical	ökonomisch|sparsam		3.398e-05	3	0.492	4.341e-06	2.964e-05	0.000e+00
bekiv	NOUN	objective	objektiv		3.397e-05	3	0.625	1.659e-05	1.739e-05	0.000e+00
sobap	NOUN	soap	seife|soap	jabón	3.397e-05	3	0.541	1.685e-05	9.573e-06	7.544e-06
dukad	ADJ	educated	ausgebildet|gebildet	educado	3.394e-05	3	0.430	8.705e-06	1.751e-05	7.733e-06
nenir	NOUN	senior	senior		3.393e-05	3	0.667	8.470e-06	2.546e-05	0.000e+00
reseb	VERB		erweisen		3.393e-05	3	0.500	0.000e+00	3.393e-05	0.000e+00
getus	NOUN	guess	vermutung	conjetura	3.391e-05	3	0.437	1.254e-05	1.765e-05	3.708e-06
pekon	NOUN	inspection	inspektion	inspección	3.390e-05	3	0.500	1.540e-05	4.983e-06	1.352e-05
sasen	VERB	swap	austauschen	intercambiar	3.390e-05	3	0.415	2.611e-06	2.317e-05	8.113e-06
purut	NOUN	pursuit	verfolgung		3.385e-05	3	0.424	1.473e-05	1.912e-05	0.000e+00
rehed	NOUN	remedy	abhilfe	remedio	3.385e-05	3	0.710	5.658e-06	4.816e-06	2.338e-05
sikal	ADV	physically		físicamente	3.385e-05	3	0.607	2.232e-05	0.000e+00	1.153e-05
fegen	VERB		festlegen		3.385e-05	3	0.556	0.000e+00	3.385e-05	0.000e+00
babet	NOUN	beta	beta	beta	3.384e-05	3	0.600	1.763e-05	9.009e-06	7.197e-06
kulat	NOUN	cult	kult	secta	3.383e-05	3	0.656	1.530e-05	1.040e-05	8.131e-06
kinuk	NOUN	breaking	einbruch		3.382e-05	3	0.409	1.705e-05	1.677e-05	0.000e+00
kapik	NOUN	pic			3.381e-05	3	0.600	3.381e-05	0.000e+00	0.000e+00
latun	NOUN	cloth	tuch|lappen	paño	3.380e-05	3	0.376	1.194e-05	1.762e-05	4.244e-06
gakeg	NOUN			kg	3.380e-05	3	0.400	0.000e+00	0.000e+00	3.380e-05
rarel	ADV	rarely		raramente	3.379e-05	3	0.934	2.935e-05	0.000e+00	4.443e-06
lisin	NOUN	civilization	kulturgeschichte	civilización	3.376e-05	3	0.400	1.394e-05	3.337e-06	1.648e-05
deted	ADJ	delighted	begeistert	encantado	3.372e-05	3	0.369	1.177e-05	8.246e-06	1.371e-05
maril	ADV	primarily			3.370e-05	3	0.625	3.370e-05	0.000e+00	0.000e+00
tabut	NOUN	auto			3.370e-05	3	0.600	3.370e-05	0.000e+00	0.000e+00
pakar	NOUN			particular	3.364e-05	3	0.500	0.000e+00	0.000e+00	3.364e-05
koreg	VERB	correct		corregir	3.364e-05	3	0.692	1.603e-05	0.000e+00	1.761e-05
ranos	NOUN		franzose		3.364e-05	3	0.714	0.000e+00	3.364e-05	0.000e+00
serip	VERB	strip			3.364e-05	3	0.800	3.364e-05	0.000e+00	0.000e+00
fekad	ADJ	affected		afectado	3.364e-05	3	0.700	3.363e-06	0.000e+00	3.027e-05
kehek	NOUN	cheek	wange	mejilla	3.363e-05	3	0.518	1.755e-05	7.644e-06	8.429e-06
fatal	ADJ	fatal	fatal	fatal	3.362e-05	3	1.000	1.406e-05	7.147e-06	1.241e-05
rohet	NOUN	rocket		cohete	3.358e-05	3	0.800	2.277e-05	0.000e+00	1.081e-05
heror	ADP		hervor		3.357e-05	3	0.833	0.000e+00	3.357e-05	0.000e+00
gilog	VERB	log	einloggen		3.356e-05	3	0.591	3.039e-05	3.170e-06	0.000e+00
sekur	ADJ	secure	sichern	asegurado	3.356e-05	3	0.811	2.090e-05	8.573e-06	4.089e-06
dorav	NOUN	draw	ziehen	sorteo	3.356e-05	3	0.490	1.442e-05	6.855e-06	1.229e-05
hosil	ADJ	hostile	feindlich	hostil	3.355e-05	3	0.596	1.306e-05	1.122e-05	9.274e-06
telik	NOUN	fabric		tela	3.354e-05	3	0.494	1.339e-05	0.000e+00	2.015e-05
kurak	NOUN	fridge	kühlschrank	frigorífico	3.353e-05	3	0.336	1.172e-05	1.942e-05	2.394e-06
dusis	NOUN	judiciary	justiz	judicatura|magistratura	3.353e-05	3	0.597	4.040e-06	2.591e-05	3.578e-06
torur	NOUN	torture		tortura	3.350e-05	3	0.833	1.574e-05	0.000e+00	1.776e-05
disil	VERB	display			3.349e-05	3	0.800	3.349e-05	0.000e+00	0.000e+00
denil	ADJ	residential		residencial	3.348e-05	3	0.455	2.388e-05	0.000e+00	9.602e-06
maris	NOUN	array	matrix	matriz	3.348e-05	3	0.621	1.406e-05	8.621e-06	1.079e-05
falig	ADJ	striking	auffällig	llamativo	3.347e-05	3	0.540	7.053e-06	2.043e-05	5.988e-06
hunar	ADJ	hungry		hambriento	3.346e-05	3	0.766	3.147e-05	0.000e+00	1.988e-06
belat	NOUN	bat	fledermaus	murciélago|bate	3.344e-05	3	0.530	2.232e-05	3.021e-06	8.101e-06
nakut	NOUN	nude	akt|nackt	desnudo	3.343e-05	3	0.601	1.942e-06	2.940e-05	2.091e-06
meman	ADJ	mean	gemein		3.343e-05	3	0.649	1.659e-05	1.684e-05	0.000e+00
panam	NOUN	panorama	panorama	panorama	3.342e-05	3	0.714	2.734e-06	1.130e-05	1.938e-05
norag	NOUN	orange	orange	naranja	3.340e-05	3	0.586	1.034e-05	1.851e-05	4.543e-06
disit	DET			distinto	3.338e-05	3	0.714	0.000e+00	0.000e+00	3.338e-05
ponan	ADJ		spontan		3.338e-05	3	0.714	0.000e+00	3.338e-05	0.000e+00
madel	NOUN	gal	mädel		3.338e-05	3	0.834	9.240e-06	2.414e-05	0.000e+00
besed	NOUN		bescheid		3.337e-05	3	0.833	0.000e+00	3.337e-05	0.000e+00
nabat	NOUN		nato		3.337e-05	3	0.600	0.000e+00	3.337e-05	0.000e+00
duber	ADV		drüber		3.337e-05	3	0.833	0.000e+00	3.337e-05	0.000e+00
vidos	NOUN		windows		3.337e-05	3	0.714	0.000e+00	3.337e-05	0.000e+00
voreh	VERB		vorsehen		3.337e-05	3	0.625	0.000e+00	3.337e-05	0.000e+00
dikin	NOUN	dedication	einweihung|hingabe|widmung	dedicación|dedicatoria	3.337e-05	3	0.396	1.018e-05	1.270e-05	1.049e-05
loben	VERB	praise	loben		3.335e-05	3	0.649	1.172e-05	2.164e-05	0.000e+00
lelin	NOUN	online	online		3.335e-05	3	0.600	2.563e-05	7.727e-06	0.000e+00
ganer	NOUN	predecessor	vorgänger	predecesor|antecesor	3.335e-05	3	0.441	4.341e-06	2.141e-05	7.604e-06
nevil	ADJ	inevitable	unvermeidlich	inevitable	3.335e-05	3	0.533	1.339e-05	3.397e-06	1.656e-05
vogen	VERB		vorliegen		3.332e-05	3	0.556	0.000e+00	3.332e-05	0.000e+00
began	VERB		bergen		3.332e-05	3	0.667	0.000e+00	3.332e-05	0.000e+00
kasok	NOUN	sock	socke	calcetín	3.331e-05	3	0.578	1.648e-05	1.361e-05	3.221e-06
torin	NOUN	novelist	autorin	novelista	3.331e-05	3	0.562	5.680e-06	2.241e-05	5.218e-06
kolis	VERB	accomplish	vollbringen		3.330e-05	3	0.571	2.777e-05	5.526e-06	0.000e+00
labiv	ADV	live	live		3.330e-05	3	0.600	1.041e-05	2.289e-05	0.000e+00
viren	NOUN			virgen	3.328e-05	3	0.833	0.000e+00	0.000e+00	3.328e-05
solir	NOUN	scholar	gelehrter	estudioso	3.327e-05	3	0.659	2.491e-05	2.899e-06	5.467e-06
netit	NOUN	uncertainty	unsicherheit	incertidumbre	3.327e-05	3	0.402	1.194e-05	9.182e-06	1.215e-05
litim	ADJ			ultimo	3.327e-05	3	0.600	0.000e+00	0.000e+00	3.327e-05
litan	ADJ	metropolitan		metropolitano	3.326e-05	3	0.417	1.685e-05	0.000e+00	1.640e-05
digas	NOUN	disgrace		desgracia	3.321e-05	3	0.597	5.993e-06	0.000e+00	2.722e-05
makar	VERB			marchar	3.320e-05	3	0.833	0.000e+00	0.000e+00	3.320e-05
potal	ADV	potentially		potencialmente	3.320e-05	3	0.525	2.734e-05	0.000e+00	5.855e-06
rinin	NOUN	printing	druckerei	imprenta	3.317e-05	3	0.456	2.132e-05	4.822e-06	7.038e-06
videk	NOUN	paradox	widerspruch	paradoja	3.316e-05	3	0.418	4.765e-06	2.415e-05	4.244e-06
keled	NOUN	gown	kleid	bata	3.316e-05	3	0.428	6.272e-06	2.367e-05	3.221e-06
ditan	NOUN	editing	bearbeiten	montaje	3.314e-05	3	0.448	1.661e-05	4.317e-06	1.222e-05
kamik	ADJ	comic		cómico	3.312e-05	3	0.800	2.201e-05	0.000e+00	1.110e-05
pobor	NOUN	poor		pobre	3.311e-05	3	0.800	3.156e-06	0.000e+00	2.995e-05
betan	NOUN			obstante	3.309e-05	3	0.571	0.000e+00	0.000e+00	3.309e-05
sogip	NOUN	rope	seil|strick	soga	3.308e-05	3	0.421	1.283e-05	1.677e-05	3.475e-06
vemin	NOUN	placement	vermittlung	colocación	3.304e-05	3	0.378	1.228e-05	1.419e-05	6.570e-06
geler	NOUN	clerk	angestellter|sachbearbeiter	escribano	3.304e-05	3	0.387	1.116e-05	1.949e-05	2.386e-06
makir	NOUN	machinery	maschinenbau	maquinaria	3.303e-05	3	0.630	1.172e-05	8.188e-06	1.312e-05
nebel	NOUN	fog	nebel	niebla	3.302e-05	3	0.628	8.861e-06	1.562e-05	8.535e-06
danas	NOUN	jeans	jeans	jeans	3.298e-05	3	0.483	1.373e-05	1.491e-05	4.344e-06
kesis	VERB	exercise			3.295e-05	3	0.625	3.295e-05	0.000e+00	0.000e+00
pamer	NOUN	parameter	parameter	parámetro	3.295e-05	3	0.583	1.116e-05	8.792e-06	1.300e-05
henan	VERB	enhance		potenciar	3.293e-05	3	0.479	2.887e-05	0.000e+00	4.062e-06
filis	VERB	finalize		finalizar	3.293e-05	3	0.562	1.439e-06	0.000e+00	3.149e-05
soral	ADV	shortly			3.292e-05	3	0.800	3.292e-05	0.000e+00	0.000e+00
hekar	NOUN	healthcare			3.292e-05	3	0.625	3.292e-05	0.000e+00	0.000e+00
desaf	NOUN	defiance	mißachtung	desafío	3.291e-05	3	0.866	3.370e-06	3.183e-06	2.636e-05
movil	NOUN	mobile	mobilfunk	móvil	3.290e-05	3	0.915	1.283e-06	4.556e-06	2.706e-05
panet	ADJ	apparent		aparente	3.287e-05	3	0.571	2.332e-05	0.000e+00	9.542e-06
kerol	NOUN	col	oberst	col	3.285e-05	3	0.489	9.943e-06	1.364e-05	9.274e-06
legar	VERB			alegrar	3.284e-05	3	0.714	0.000e+00	0.000e+00	3.284e-05
porur	VERB	pour		verter	3.284e-05	3	0.753	2.952e-05	0.000e+00	3.322e-06
gerak	NOUN	beverage	getränk		3.284e-05	3	0.667	5.468e-06	2.737e-05	0.000e+00
karug	NOUN	cargo	ladung	cargamento	3.281e-05	3	0.642	1.730e-05	1.242e-05	3.092e-06
kesor	NOUN	extra	extra	extra	3.280e-05	3	0.400	1.188e-05	1.051e-05	1.041e-05
lenas	NOUN	lens	linse	lente	3.279e-05	3	0.681	1.321e-05	4.402e-06	1.518e-05
radut	VERB	graduate			3.276e-05	3	0.714	3.276e-05	0.000e+00	0.000e+00
sapen	VERB	disappoint	enttäuschen	decepcionar	3.275e-05	3	0.391	9.784e-06	2.150e-05	1.471e-06
sebar	ADJ	seeming	scheinbar		3.274e-05	3	0.695	1.468e-06	3.128e-05	0.000e+00
revun	NOUN	revival	aufschwung|wiederbelebung	renacimiento|reactivación|resurgimiento	3.267e-05	3	0.353	9.497e-06	1.154e-05	1.164e-05
lukem	NOUN	outline		esquema	3.267e-05	3	0.433	1.262e-05	0.000e+00	2.005e-05
ganus	NOUN		genuß		3.266e-05	3	0.800	0.000e+00	3.266e-05	0.000e+00
sikip	VERB	skip	überspringen	omitir	3.265e-05	3	0.707	2.733e-05	3.295e-06	2.029e-06
rakar	VERB			arrancar	3.264e-05	3	0.714	0.000e+00	0.000e+00	3.264e-05
niron	NOUN	irony	ironie	ironía	3.262e-05	3	0.800	8.080e-06	1.361e-05	1.093e-05
babir	ADJ		bar		3.260e-05	3	0.600	0.000e+00	3.260e-05	0.000e+00
ranal	ADJ	rational	rational	racional	3.260e-05	3	0.625	1.283e-05	7.598e-06	1.217e-05
galeg	VERB	allege		alegar	3.258e-05	3	0.672	1.872e-05	0.000e+00	1.386e-05
darom	NOUN	drum	trommel|schlagzeug	tambor	3.255e-05	3	0.375	9.497e-06	1.416e-05	8.886e-06
metom	NOUN	tome		tomo	3.254e-05	3	0.600	1.808e-06	0.000e+00	3.073e-05
voduk	ADV		wodurch		3.254e-05	3	0.833	0.000e+00	3.254e-05	0.000e+00
fenan	NOUN	confrontation	konfrontation	enfrentamiento	3.254e-05	3	0.357	5.859e-06	5.798e-06	2.088e-05
sopin	NOUN	spine	wirbelsäule	espina|lomo	3.252e-05	3	0.507	1.148e-05	4.709e-06	1.633e-05
derus	NOUN	decrease	reduzierung	disminución	3.251e-05	3	0.398	1.156e-05	6.969e-06	1.398e-05
vebid	ADJ		verbinden		3.249e-05	3	0.556	0.000e+00	3.249e-05	0.000e+00
vorap	VERB	wrap		envolver	3.249e-05	3	0.706	2.694e-05	0.000e+00	5.548e-06
gamig	ADJ			amigo	3.249e-05	3	0.800	0.000e+00	0.000e+00	3.249e-05
poder	NOUN	powder	pulver	pólvora	3.249e-05	3	0.704	1.986e-05	7.644e-06	4.980e-06
reder	NOUN	referee	schiedsrichter	árbitro	3.248e-05	3	0.459	8.080e-06	1.054e-05	1.386e-05
haken	VERB	hack	hacken		3.245e-05	3	0.648	2.854e-05	3.917e-06	0.000e+00
neger	NOUN	beginner	anfänger|einsteiger	iniciación|principiante	3.245e-05	3	0.418	7.388e-06	1.715e-05	7.912e-06
donor	NOUN	donor	spender|geldgeber	donante	3.241e-05	3	0.698	1.683e-05	8.445e-06	7.137e-06
sukon	NOUN	succession	nachfolge	sucesión	3.239e-05	3	0.448	1.041e-05	1.054e-05	1.143e-05
kagin	NOUN			chino	3.236e-05	3	0.600	0.000e+00	0.000e+00	3.236e-05
mepul	NOUN	momentum	impuls	ímpetu	3.236e-05	3	0.433	1.306e-05	1.753e-05	1.776e-06
viled	NOUN	wild	wild	salvaje	3.235e-05	3	0.769	2.143e-05	9.348e-06	1.571e-06
toron	NOUN	authorization		autorización	3.234e-05	3	0.417	6.138e-06	0.000e+00	2.620e-05
daged	ADJ	aged			3.233e-05	3	0.800	3.233e-05	0.000e+00	0.000e+00
malan	NOUN	manipulation	manipulation	manipulación	3.232e-05	3	0.417	8.656e-06	9.301e-06	1.436e-05
ditat	VERB	dictate	vorschreiben	dictar	3.231e-05	3	0.496	5.190e-06	1.128e-05	1.584e-05
lipik	NOUN	glimpse	einblick		3.231e-05	3	0.407	7.209e-06	2.510e-05	0.000e+00
heraf	NOUN		herrschaft		3.230e-05	3	0.714	0.000e+00	3.230e-05	0.000e+00
legat	ADJ	legit	legal		3.230e-05	3	0.800	1.138e-05	2.092e-05	0.000e+00
negal	ADJ	integral		integral	3.229e-05	3	0.625	1.018e-05	0.000e+00	2.212e-05
neden	NOUN			antecedente	3.224e-05	3	0.500	0.000e+00	0.000e+00	3.224e-05
beded	ADJ		bedeutend		3.223e-05	3	0.556	0.000e+00	3.223e-05	0.000e+00
kanok	ADV			anoche	3.221e-05	3	0.800	0.000e+00	0.000e+00	3.221e-05
radar	NOUN	radar	radar	radar	3.220e-05	3	1.000	1.763e-05	6.529e-06	8.041e-06
melit	VERB	melt	schmelzen	fundir	3.220e-05	3	0.651	2.259e-05	4.900e-06	4.705e-06
matat	ADJ	mathematical	mathematisch	matemático	3.218e-05	3	0.517	1.228e-05	1.156e-05	8.348e-06
geven	VERB		gewöhnen		3.218e-05	3	0.625	0.000e+00	3.218e-05	0.000e+00
luran	NOUN	illustration	illustration	ilustración	3.218e-05	3	0.455	8.269e-06	7.774e-06	1.613e-05
riket	NOUN	cricket		grillo	3.217e-05	3	0.774	2.915e-05	0.000e+00	3.022e-06
sefot	NOUN	scent	duft|witterung	aroma	3.216e-05	3	0.367	8.850e-06	1.561e-05	7.703e-06
sofik	ADJ	sophisticated	anspruchsvoll	sofisticado	3.216e-05	3	0.330	1.250e-05	1.386e-05	5.795e-06
katuk	NOUN	catch		captura	3.214e-05	3	0.720	1.292e-05	0.000e+00	1.922e-05
pabag	NOUN	pa			3.214e-05	3	0.200	3.214e-05	0.000e+00	0.000e+00
nutes	NOUN	nut		nuez|tuerca	3.213e-05	3	0.622	2.344e-05	0.000e+00	8.697e-06
kodir	VERB	coordinate	koordinieren	coordinar	3.212e-05	3	0.480	1.439e-05	5.849e-06	1.188e-05
rosad	NOUN	metropolis	großstadt|metropole	metrópoli	3.209e-05	3	0.453	4.151e-06	2.344e-05	4.503e-06
solit	NOUN	socialist	sozialist	socialista	3.209e-05	3	0.556	9.263e-06	6.969e-06	1.586e-05
lekok	NOUN	electronics	elektronik|elektrotechnik		3.208e-05	3	0.453	1.730e-05	1.478e-05	0.000e+00
dabur	VERB	dare			3.205e-05	3	0.600	3.205e-05	0.000e+00	0.000e+00
gonis	NOUN			protagonista	3.205e-05	3	0.455	0.000e+00	0.000e+00	3.205e-05
notin	NOUN	notion		noción	3.204e-05	3	0.772	2.021e-05	0.000e+00	1.183e-05
patit	ADJ	patient		paciente	3.204e-05	3	0.696	2.789e-05	0.000e+00	4.151e-06
retor	NOUN	creator	urheber		3.203e-05	3	0.654	2.529e-05	6.738e-06	0.000e+00
sugug	NOUN	extract	auszug	extracto	3.202e-05	3	0.380	1.172e-05	1.716e-05	3.141e-06
liseb	ADJ		anschließen		3.200e-05	3	0.444	0.000e+00	3.200e-05	0.000e+00
rubin	NOUN	ruin	ruine	ruina	3.200e-05	3	0.800	3.906e-06	9.939e-06	1.815e-05
benil	NOUN	belly		vientre|panza|barriga	3.198e-05	3	0.437	1.406e-05	0.000e+00	1.792e-05
hanad	VERB	hand			3.197e-05	3	0.800	3.197e-05	0.000e+00	0.000e+00
tasis	ADJ		statistisch		3.197e-05	3	0.556	0.000e+00	3.197e-05	0.000e+00
herog	NOUN		herzog		3.197e-05	3	0.833	0.000e+00	3.197e-05	0.000e+00
kofus	ADJ	confused	verwirren	confuso	3.196e-05	3	0.575	1.646e-05	5.774e-06	9.721e-06
riker	ADP		sicher		3.194e-05	3	0.800	0.000e+00	3.194e-05	0.000e+00
neleg	VERB		unterliegen		3.193e-05	3	0.455	0.000e+00	3.193e-05	0.000e+00
tamep	NOUN	stamp	stempel|briefmarke		3.192e-05	3	0.468	1.771e-05	1.421e-05	0.000e+00
nagen	ADJ	unpleasant	unangenehm		3.192e-05	3	0.456	7.042e-06	2.487e-05	0.000e+00
kanam	ADV	occasionally		ocasionalmente	3.188e-05	3	0.436	2.734e-05	0.000e+00	4.543e-06
gegaf	NOUN	geography	geographie	geografía	3.188e-05	3	0.714	1.066e-05	6.212e-06	1.501e-05
relek	ADJ		örtlich		3.186e-05	3	0.500	0.000e+00	3.186e-05	0.000e+00
nebub	NOUN		neubau		3.185e-05	3	0.800	0.000e+00	3.185e-05	0.000e+00
lusav	ADP		inklusive		3.185e-05	3	0.500	0.000e+00	3.185e-05	0.000e+00
nelin	NOUN	inclusion	einbeziehung	inclusión	3.184e-05	3	0.426	1.172e-05	5.408e-06	1.471e-05
dikit	NOUN	addiction	abhängigkeit		3.183e-05	3	0.421	1.681e-05	1.503e-05	0.000e+00
kokes	NOUN		konkurrenz		3.183e-05	3	0.556	0.000e+00	3.183e-05	0.000e+00
nokal	ADV		nochmals		3.183e-05	3	0.714	0.000e+00	3.183e-05	0.000e+00
kolar	ADJ		kölner		3.183e-05	3	0.667	0.000e+00	3.183e-05	0.000e+00
vebil	NOUN		weile		3.183e-05	3	0.800	0.000e+00	3.183e-05	0.000e+00
fuber	ADP		fuer		3.183e-05	3	0.800	0.000e+00	3.183e-05	0.000e+00
fotod	NOUN	phd	promotion	doctorado	3.181e-05	3	0.418	1.306e-05	7.821e-06	1.093e-05
velun	NOUN	venue	veranstaltungsort		3.180e-05	3	0.575	2.915e-05	2.651e-06	0.000e+00
gipas	ADJ	egyptian		egipcio	3.178e-05	3	0.543	1.808e-05	0.000e+00	1.370e-05
guluf	NOUN	gulf	kluft	golfo	3.178e-05	3	0.716	2.132e-05	2.955e-06	7.505e-06
nunen	ADV		außenßen		3.177e-05	3	0.500	0.000e+00	3.177e-05	0.000e+00
kalak	ADV	aka	aka|alias		3.177e-05	3	0.400	1.574e-05	1.603e-05	0.000e+00
fehel	NOUN	feel	fühlen	sentir	3.176e-05	3	0.629	1.885e-05	8.233e-06	4.675e-06
litil	ADP	till			3.176e-05	3	0.600	3.176e-05	0.000e+00	0.000e+00
visan	NOUN	wish	wünschen		3.175e-05	3	0.587	2.769e-05	4.055e-06	0.000e+00
kokut	ADJ	consecutive		consecutivo	3.174e-05	3	0.500	1.685e-05	0.000e+00	1.489e-05
bafen	VERB	abolish	abschaffen	abolir	3.174e-05	3	0.521	9.430e-06	2.055e-05	1.752e-06
loter	NOUN	lottery	gewinnspiel|lotto	lotería	3.172e-05	3	0.712	1.116e-05	1.384e-05	6.719e-06
peson	NOUN			pensión	3.171e-05	3	0.714	0.000e+00	0.000e+00	3.171e-05
galak	NOUN	galaxy		galaxia	3.170e-05	3	0.833	2.528e-05	0.000e+00	6.421e-06
sesat	NOUN			esto	3.169e-05	3	0.600	0.000e+00	0.000e+00	3.169e-05
didor	NOUN	dictator	diktator	dictador	3.169e-05	3	0.565	6.785e-06	8.413e-06	1.649e-05
turim	VERB	trim	kürzen|beschneiden	recortar	3.166e-05	3	0.445	1.195e-05	1.452e-05	5.188e-06
noden	NOUN	node	knoten	nodo	3.166e-05	3	0.627	1.520e-05	1.266e-05	3.797e-06
barik	NOUN	brick		ladrillo	3.160e-05	3	0.689	1.986e-05	0.000e+00	1.174e-05
sapin	NOUN	spin	spin	spin	3.158e-05	3	0.800	2.678e-05	3.140e-06	1.661e-06
kolap	NOUN	collapse	zusammenbruch|kollaps	colapso|derrumbe	3.157e-05	3	0.565	1.053e-05	9.482e-06	1.156e-05
nekit	NOUN	insect	insekt		3.156e-05	3	0.500	1.813e-05	1.343e-05	0.000e+00
taras	NOUN	trace		traza|trazo	3.154e-05	3	0.800	2.596e-05	0.000e+00	5.581e-06
biren	VERB		ausprobieren		3.153e-05	3	0.417	0.000e+00	3.153e-05	0.000e+00
baran	NOUN	barn	stall|scheune	granero	3.152e-05	3	0.445	1.244e-05	1.718e-05	1.899e-06
nugen	NOUN	enjoyment	vergnügen	disfrute	3.152e-05	3	0.414	7.209e-06	1.917e-05	5.142e-06
kofer	NOUN	luggage	koffer	equipaje	3.152e-05	3	0.614	7.042e-06	1.834e-05	6.133e-06
poter	NOUN	goalkeeper	torwart	portero|arquero	3.149e-05	3	0.506	6.886e-06	6.354e-06	1.825e-05
genil	ADJ	gentle	sanft|behutsam	gentil	3.149e-05	3	0.571	1.652e-05	1.175e-05	3.221e-06
logid	ADP	alongside			3.147e-05	3	0.625	3.147e-05	0.000e+00	0.000e+00
resek	VERB	rescue		rescatar	3.147e-05	3	0.563	1.393e-05	0.000e+00	1.754e-05
rasag	NOUN	trait		rasgo	3.144e-05	3	0.501	1.565e-05	0.000e+00	1.579e-05
difav	NOUN	jaw	kiefer	mandíbula	3.143e-05	3	0.441	1.471e-05	1.038e-05	6.342e-06
pabes	NOUN			pese	3.141e-05	3	0.600	0.000e+00	0.000e+00	3.141e-05
sutet	NOUN	southeast	südosten	sudeste|sureste	3.141e-05	3	0.626	1.124e-05	4.934e-06	1.523e-05
titar	VERB			titular	3.141e-05	3	0.714	0.000e+00	0.000e+00	3.141e-05
minad	VERB	mind			3.140e-05	3	0.800	3.140e-05	0.000e+00	0.000e+00
puril	ADJ	purple	lila	morado|violeta	3.139e-05	3	0.552	1.814e-05	4.698e-06	8.555e-06
larit	NOUN	clarity	klarheit	claridad	3.138e-05	3	0.632	8.861e-06	9.395e-06	1.312e-05
ramet	NOUN	fragment	fragment	fragmento	3.138e-05	3	0.625	7.377e-06	6.366e-06	1.763e-05
takeg	NOUN	tag	markierung		3.137e-05	3	0.563	2.557e-05	5.798e-06	0.000e+00
lemet	ADJ	elementary		elemental	3.136e-05	3	0.556	2.388e-05	0.000e+00	7.475e-06
nenor	NOUN	inventory	inventar|bestandsaufnahme	inventario	3.134e-05	3	0.526	1.540e-05	7.336e-06	8.608e-06
rokal	ADJ	tropical		tropical	3.133e-05	3	0.625	1.685e-05	0.000e+00	1.448e-05
duten	VERB		deuten		3.133e-05	3	0.833	0.000e+00	3.133e-05	0.000e+00
nikas	NOUN		nix		3.132e-05	3	0.800	0.000e+00	3.132e-05	0.000e+00
diven	VERB	divorce	scheiden		3.131e-05	3	0.500	3.677e-06	2.763e-05	0.000e+00
rasal	ADJ	racial		racial	3.127e-05	3	0.833	2.232e-05	0.000e+00	8.946e-06
lusir	VERB			lucir	3.125e-05	3	1.000	0.000e+00	0.000e+00	3.125e-05
kulan	NOUN	speculation	spekulation	especulación	3.123e-05	3	0.443	1.090e-05	1.053e-05	9.791e-06
tovel	NOUN	towel	handtuch	toalla	3.122e-05	3	0.661	1.471e-05	6.650e-06	9.860e-06
ratas	ADV		gratis		3.120e-05	3	0.667	0.000e+00	3.120e-05	0.000e+00
burer	NOUN	burger		hamburguesa	3.119e-05	3	0.680	1.892e-05	0.000e+00	1.228e-05
ridin	NOUN	riding	reiten		3.117e-05	3	0.724	2.099e-05	1.018e-05	0.000e+00
rigan	ADJ		dringen		3.116e-05	3	0.571	0.000e+00	3.116e-05	0.000e+00
favot	ADJ	favourite			3.114e-05	3	0.625	3.114e-05	0.000e+00	0.000e+00
meber	NOUN		meyer		3.112e-05	3	0.800	0.000e+00	3.112e-05	0.000e+00
vofur	ADV		wofür		3.112e-05	3	1.000	0.000e+00	3.112e-05	0.000e+00
risen	VERB		erschießen		3.111e-05	3	0.625	0.000e+00	3.111e-05	0.000e+00
sidal	NOUN	subsidiary	niederlassung|tochtergesellschaft	filial|dependiente	3.110e-05	3	0.343	9.285e-06	1.244e-05	9.383e-06
lalar	NOUN	altar	altar	altar	3.110e-05	3	0.600	7.042e-06	1.085e-05	1.321e-05
lakan	ADJ			latinoamericano	3.109e-05	3	0.357	0.000e+00	0.000e+00	3.109e-05
sisem	NOUN	enthusiasm	begeisterung|eifer		3.108e-05	3	0.299	1.172e-05	1.936e-05	0.000e+00
kikar	VERB			equivocar	3.106e-05	3	0.625	0.000e+00	0.000e+00	3.106e-05
somep	ADJ	asleep		dormido	3.106e-05	3	0.425	1.704e-05	0.000e+00	1.402e-05
rased	NOUN	breed	rasse	mestizo	3.105e-05	3	0.521	8.035e-06	2.107e-05	1.938e-06
rigid	ADJ	rigid	starr|steif	rígido	3.103e-05	3	0.452	6.272e-06	1.855e-05	6.203e-06
pirat	NOUN	pirate	pirat		3.102e-05	3	1.000	1.090e-05	2.012e-05	0.000e+00
dined	NOUN			indio	3.101e-05	3	0.600	0.000e+00	0.000e+00	3.101e-05
konuk	VERB	construct	konstruieren		3.100e-05	3	0.520	2.610e-05	4.895e-06	0.000e+00
bitin	NOUN	ambition	ehrgeiz	ambición	3.097e-05	3	0.489	1.395e-05	5.798e-06	1.122e-05
sanir	ADJ	sanitary		sanitario|higiénico	3.097e-05	3	0.655	2.611e-06	0.000e+00	2.835e-05
disat	VERB	disable	abschalten|deaktivieren	desactivar	3.096e-05	3	0.404	8.046e-06	1.920e-05	3.713e-06
monar	ADJ	monetary		monetario	3.095e-05	3	0.714	1.406e-05	0.000e+00	1.689e-05
padir	VERB	pair		par	3.094e-05	3	0.696	1.483e-05	0.000e+00	1.610e-05
nigar	NOUN	nightmare		pesadilla	3.094e-05	3	0.412	1.730e-05	0.000e+00	1.364e-05
nidid	NOUN	antiquity	antike	antigüedad	3.093e-05	3	0.379	5.033e-06	7.952e-06	1.794e-05
lesin	ADJ	palestinian		palestino	3.092e-05	3	0.546	1.440e-05	0.000e+00	1.652e-05
saliv	ADJ	shallow	oberflächlich	superficial	3.090e-05	3	0.447	1.228e-05	6.827e-06	1.180e-05
sikur	VERB			circular	3.090e-05	3	0.625	0.000e+00	0.000e+00	3.090e-05
naval	ADJ	naval		naval	3.089e-05	3	1.000	1.942e-05	0.000e+00	1.147e-05
ponor	VERB	sponsor			3.087e-05	3	0.714	3.087e-05	0.000e+00	0.000e+00
solat	VERB	isolate	isolieren	aislar	3.087e-05	3	0.593	1.602e-05	5.845e-06	9.004e-06
rabus	NOUN		russe		3.085e-05	3	0.600	0.000e+00	3.085e-05	0.000e+00
kafid	ADJ	qualified		cualificado|calificado	3.084e-05	3	0.609	2.611e-05	0.000e+00	4.725e-06
kolab	ADJ			escolar	3.084e-05	3	0.571	0.000e+00	0.000e+00	3.084e-05
risor	INTJ	sorry			3.080e-05	3	0.600	3.080e-05	0.000e+00	0.000e+00
nogig	ADJ	annoying	ärgerlich		3.079e-05	3	0.484	2.241e-05	8.378e-06	0.000e+00
lafos	NOUN		los		3.077e-05	3	0.600	0.000e+00	3.077e-05	0.000e+00
gadin	NOUN	gain			3.075e-05	3	0.800	3.075e-05	0.000e+00	0.000e+00
delos	ADJ	jealous	neidisch	celoso	3.073e-05	3	0.640	1.942e-05	6.969e-06	4.344e-06
baser	VERB		basieren		3.071e-05	3	0.625	0.000e+00	3.071e-05	0.000e+00
lasan	VERB		entlassen		3.071e-05	3	0.500	0.000e+00	3.071e-05	0.000e+00
horib	ADJ	horrible			3.069e-05	3	0.833	3.069e-05	0.000e+00	0.000e+00
dabim	NOUN	jimmy			3.069e-05	3	0.600	3.069e-05	0.000e+00	0.000e+00
halil	ADJ	harmful	schädlich	perjudicial|nocivo	3.068e-05	3	0.395	1.041e-05	1.084e-05	9.434e-06
ratus	NOUN		rathaus		3.067e-05	3	0.833	0.000e+00	3.067e-05	0.000e+00
sunal	ADJ	substantial		sustancial	3.065e-05	3	0.465	2.388e-05	0.000e+00	6.769e-06
daner	NOUN	dancer	tänzerin	bailarín	3.063e-05	3	0.661	1.976e-05	4.201e-06	6.670e-06
vakaf	NOUN	campaigning	wahlkampf		3.062e-05	3	0.510	3.723e-06	2.690e-05	0.000e+00
rifir	VERB	sacrifice	opfern	sacrificar	3.062e-05	3	0.470	1.393e-05	5.585e-06	1.111e-05
komes	NOUN	commerce	commerce		3.061e-05	3	0.833	2.611e-05	4.496e-06	0.000e+00
relel	ADV	greatly		enormemente	3.060e-05	3	0.456	2.388e-05	0.000e+00	6.719e-06
lokop	NOUN	loop	schleife	bucle	3.060e-05	3	0.584	2.176e-05	6.508e-06	2.326e-06
sepek	NOUN	suspect	verdächtig|verdächtiger	sospechoso	3.059e-05	3	0.380	1.033e-05	1.484e-05	5.422e-06
halav	ADV	halfway	halbwegs		3.058e-05	3	0.716	2.201e-05	8.567e-06	0.000e+00
nabit	NOUN	inability	unfähigkeit	incapacidad|imposibilidad	3.057e-05	3	0.379	9.497e-06	5.538e-06	1.554e-05
lamis	ADJ		islamisch		3.054e-05	3	0.714	0.000e+00	3.054e-05	0.000e+00
bakig	NOUN	banking	banking		3.054e-05	3	0.714	2.500e-05	5.538e-06	0.000e+00
letin	NOUN	completion	fertigstellung	finalización	3.051e-05	3	0.418	1.853e-05	8.768e-06	3.221e-06
berat	ADJ	abstract	abstrakt	abstracto	3.049e-05	3	0.500	9.625e-06	1.329e-05	7.571e-06
kotur	NOUN	costume	kostüm	vestuario|disfraz	3.048e-05	3	0.512	8.660e-06	7.466e-06	1.435e-05
dokar	VERB	dry	trocknen	secar	3.048e-05	3	0.411	2.426e-05	2.899e-06	3.316e-06
soven	ADJ	sovereign	souverän	soberano	3.047e-05	3	0.587	9.943e-06	1.188e-05	8.649e-06
bader	NOUN	baker	bäcker		3.047e-05	3	0.800	2.062e-05	9.845e-06	0.000e+00
sapan	NOUN	disappearance	verschwinden	desaparición	3.045e-05	3	0.399	6.138e-06	3.587e-06	2.073e-05
gefen	VERB	comprehend	begreifen		3.045e-05	3	0.509	5.591e-06	2.486e-05	0.000e+00
veken	ADJ		verstärken		3.043e-05	3	0.500	0.000e+00	3.043e-05	0.000e+00
sureg	NOUN	surge	anstieg	oleada	3.042e-05	3	0.444	6.557e-06	1.924e-05	4.622e-06
kosed	VERB			conceder	3.040e-05	3	0.625	0.000e+00	0.000e+00	3.040e-05
fidan	VERB		empfinden		3.040e-05	3	0.444	0.000e+00	3.040e-05	0.000e+00
kebok	NOUN	eco	öko	eco	3.039e-05	3	0.400	5.725e-06	6.969e-06	1.769e-05
vehen	VERB		versehen		3.039e-05	3	0.625	0.000e+00	3.039e-05	0.000e+00
lutet	NOUN	outlet	austritt|steckdose		3.038e-05	3	0.570	2.232e-05	8.064e-06	0.000e+00
kalan	ADJ			catalán	3.036e-05	3	0.714	0.000e+00	0.000e+00	3.036e-05
figar	VERB			figurar	3.036e-05	3	0.714	0.000e+00	0.000e+00	3.036e-05
kabik	ADV	quick			3.036e-05	3	0.600	3.036e-05	0.000e+00	0.000e+00
nelar	ADJ	unclear	unklar		3.035e-05	3	0.637	9.497e-06	2.085e-05	0.000e+00
bemun	NOUN	endeavor	bemühung|bestreben	empeño	3.035e-05	3	0.448	6.383e-06	1.838e-05	5.586e-06
talet	ADJ	talented	talentiert	talentoso	3.034e-05	3	0.610	2.232e-05	3.750e-06	4.274e-06
fines	NOUN	fitness		aptitud	3.034e-05	3	0.765	2.734e-05	0.000e+00	3.002e-06
dosin	NOUN	tin	dose|zinn	estaño	3.032e-05	3	0.499	1.194e-05	1.673e-05	1.650e-06
nahen	ADJ			ajeno	3.029e-05	3	0.800	0.000e+00	0.000e+00	3.029e-05
lasol	ADJ	solo			3.028e-05	3	0.600	3.028e-05	0.000e+00	0.000e+00
teren	ADJ	tender	zärtlich	tierno	3.028e-05	3	0.502	1.373e-05	3.491e-06	1.306e-05
kafug	NOUN	cage	käfig	jaula	3.027e-05	3	0.584	1.818e-05	4.816e-06	7.276e-06
masar	NOUN	massacre	massaker	masacre	3.027e-05	3	0.805	9.073e-06	7.135e-06	1.407e-05
ganin	VERB		garantieren		3.027e-05	3	0.455	0.000e+00	3.027e-05	0.000e+00
kilik	NOUN	click	klick	clic	3.026e-05	3	0.800	7.631e-06	1.526e-05	7.366e-06
simid	ADJ	shy	schüchtern	tímido	3.024e-05	3	0.317	1.618e-05	7.466e-06	6.590e-06
komut	NOUN	communist	kommunist	comunista	3.023e-05	3	0.625	6.272e-06	1.369e-05	1.027e-05
dedas	DET			demás	3.021e-05	3	0.800	0.000e+00	0.000e+00	3.021e-05
mamak	NOUN	mathematics		matemático	3.019e-05	3	0.527	1.574e-05	0.000e+00	1.445e-05
rodas	VERB	broadcast			3.018e-05	3	0.556	3.018e-05	0.000e+00	0.000e+00
vedin	ADJ			vecino	3.017e-05	3	0.800	0.000e+00	0.000e+00	3.017e-05
herag	NOUN	heritage	denkmalschutz		3.016e-05	3	0.633	2.556e-05	4.603e-06	0.000e+00
bedes	NOUN	bye	wiedersehen	adiós	3.015e-05	3	0.283	8.203e-06	1.526e-05	6.685e-06
hamun	NOUN	humour	laune		3.014e-05	3	0.575	7.544e-06	2.260e-05	0.000e+00
dinin	NOUN	coordination		coordinación	3.013e-05	3	0.417	8.861e-06	0.000e+00	2.127e-05
kateg	NOUN	charter	satzung|charta		3.013e-05	3	0.576	1.897e-05	1.116e-05	0.000e+00
tedan	NOUN	attendance	anwesenheit		3.012e-05	3	0.425	1.652e-05	1.361e-05	0.000e+00
befuk	VERB		befürchten		3.012e-05	3	0.556	0.000e+00	3.012e-05	0.000e+00
rasot	NOUN	transport	verkehrsmittel	transportes	3.011e-05	3	0.521	2.516e-05	2.473e-06	2.485e-06
kolat	NOUN			completo	3.011e-05	3	0.571	0.000e+00	0.000e+00	3.011e-05
karar	VERB	discard	entsorgen	descartar|desechar	3.009e-05	3	0.400	6.953e-06	5.171e-06	1.797e-05
gesig	ADJ		jetzig		3.009e-05	3	0.667	0.000e+00	3.009e-05	0.000e+00
nanat	NOUN		anti		3.008e-05	3	0.600	0.000e+00	3.008e-05	0.000e+00
rebat	NOUN	treat			3.008e-05	3	0.600	3.008e-05	0.000e+00	0.000e+00
datuk	NOUN	duck		pato	3.008e-05	3	0.520	1.808e-05	0.000e+00	1.200e-05
ladag	NOUN		landtag		3.006e-05	3	0.714	0.000e+00	3.006e-05	0.000e+00
fenen	ADJ		entfernen		3.005e-05	3	0.556	0.000e+00	3.005e-05	0.000e+00
liker	DET		jeglicher		3.004e-05	3	0.625	0.000e+00	3.004e-05	0.000e+00
fenin	NOUN	feeding		alimentación	3.004e-05	3	0.407	9.268e-06	0.000e+00	2.077e-05
keful	ADV	successfully			3.004e-05	3	0.556	3.004e-05	0.000e+00	0.000e+00
revar	VERB	reward	belohnen		3.004e-05	3	0.506	1.617e-05	1.387e-05	0.000e+00
kelit	VERB	exploit	ausnutzen		3.002e-05	3	0.322	1.626e-05	1.376e-05	0.000e+00
haban	INTJ			ja	3.002e-05	3	0.200	0.000e+00	0.000e+00	3.002e-05
setup	NOUN	setup	konfiguration	configuración	3.001e-05	3	0.528	1.466e-05	3.564e-06	1.179e-05
seben	VERB	exhibit	ausstellen		3.000e-05	3	0.410	1.081e-05	1.920e-05	0.000e+00
rorer	VERB			recorrer	2.999e-05	3	0.714	0.000e+00	0.000e+00	2.999e-05
veheb	VERB		wehren		2.998e-05	3	0.667	0.000e+00	2.998e-05	0.000e+00
nerun	ADJ	underground	unterirdisch	subterráneo	2.998e-05	3	0.408	1.484e-05	2.591e-06	1.254e-05
delad	ADJ	developed		desarrollado	2.997e-05	3	0.509	1.243e-05	0.000e+00	1.754e-05
bedig	ADJ	vivid	lebendig		2.996e-05	3	0.536	6.272e-06	2.369e-05	0.000e+00
merik	ADJ			norteamericano	2.995e-05	3	0.385	0.000e+00	0.000e+00	2.995e-05
sekal	NOUN	sexuality	sexualität	sexualidad	2.995e-05	3	0.490	1.041e-05	9.395e-06	1.014e-05
kesat	NOUN	quest	streben		2.994e-05	3	0.598	2.076e-05	9.182e-06	0.000e+00
nodik	ADJ		nördlich		2.993e-05	3	0.714	0.000e+00	2.993e-05	0.000e+00
falav	NOUN	flaw		falla	2.992e-05	3	0.630	4.442e-06	0.000e+00	2.548e-05
deseg	NOUN	descent	abstieg|abstammung	ascendencia	2.991e-05	3	0.437	9.497e-06	1.637e-05	4.046e-06
liber	NOUN	liberty			2.991e-05	3	0.833	2.991e-05	0.000e+00	0.000e+00
fahen	VERB	endanger	gefährden		2.990e-05	3	0.536	1.897e-06	2.801e-05	0.000e+00
nerig	VERB		anbringen		2.990e-05	3	0.444	0.000e+00	2.990e-05	0.000e+00
vaken	VERB	weaken	schwächen	debilitar	2.990e-05	3	0.663	1.224e-05	1.154e-05	6.115e-06
matim	NOUN	aim		puntería	2.989e-05	3	0.574	2.812e-05	0.000e+00	1.769e-06
sitik	ADJ	side	seitlich	lateral	2.989e-05	3	0.489	6.717e-06	1.509e-05	8.085e-06
sesul	NOUN	gay	schwule	homosexual|gay	2.987e-05	3	0.316	9.327e-06	5.711e-06	1.484e-05
horer	NOUN	listener	zuhörer|hörer	oyente	2.985e-05	3	0.579	9.419e-06	1.683e-05	3.608e-06
hased	NOUN			hacienda	2.983e-05	3	0.714	0.000e+00	0.000e+00	2.983e-05
riber	NOUN		ritter		2.978e-05	3	0.800	0.000e+00	2.978e-05	0.000e+00
kalam	ADJ	calm			2.977e-05	3	0.800	2.977e-05	0.000e+00	0.000e+00
popar	VERB	opt		optar	2.977e-05	3	0.528	1.070e-05	0.000e+00	1.907e-05
felip	VERB	flip	umdrehen		2.977e-05	3	0.724	2.643e-05	3.337e-06	0.000e+00
litig	NOUN	lightning	gewitter	relámpago	2.977e-05	3	0.450	1.853e-05	8.378e-06	2.863e-06
suren	NOUN	surgeon	chirurg		2.977e-05	3	0.576	2.228e-05	7.490e-06	0.000e+00
vabil	NOUN	availability	verfügbarkeit	disponibilidad	2.975e-05	3	0.339	1.507e-05	5.408e-06	9.274e-06
baben	VERB		ausbauen		2.973e-05	3	0.500	0.000e+00	2.973e-05	0.000e+00
simik	ADJ	sympathetic	sympathisch	simpático|comprensivo	2.971e-05	3	0.516	7.209e-06	1.007e-05	1.244e-05
sufog	ADP		zufolge		2.970e-05	3	0.833	0.000e+00	2.970e-05	0.000e+00
mabem	NOUN		em		2.970e-05	3	0.400	0.000e+00	2.970e-05	0.000e+00
habar	NOUN		harry		2.970e-05	3	0.600	0.000e+00	2.970e-05	0.000e+00
hatev	DET	whatever			2.969e-05	3	0.625	2.969e-05	0.000e+00	0.000e+00
rebar	ADJ	recognizable	erkennbar		2.967e-05	3	0.588	3.147e-06	2.653e-05	0.000e+00
kasus	NOUN	clause	klausel	cláusula	2.967e-05	3	0.561	1.397e-05	4.887e-06	1.081e-05
saler	NOUN	collector	sammler	coleccionista	2.967e-05	3	0.497	1.611e-05	9.671e-06	3.887e-06
dufal	ADJ	dual	zweifach|dual		2.967e-05	3	0.696	2.132e-05	8.355e-06	0.000e+00
lason	NOUN	lesion		lesión	2.967e-05	3	0.667	1.339e-06	0.000e+00	2.833e-05
noreg	ADJ	norwegian	norwegisch	noruego	2.967e-05	3	0.673	9.943e-06	9.543e-06	1.018e-05
maret	VERB	mate	paaren		2.966e-05	3	0.576	2.264e-05	7.022e-06	0.000e+00
maked	ADJ	marked	markiert	marcado	2.966e-05	3	0.663	2.204e-06	2.898e-06	2.455e-05
roker	NOUN	broker	makler|vermittler|broker		2.966e-05	3	0.679	1.388e-05	1.577e-05	0.000e+00
losug	NOUN	closing	schließung	clausura	2.965e-05	3	0.510	1.205e-05	9.845e-06	7.754e-06
konab	VERB			constar	2.965e-05	3	0.571	0.000e+00	0.000e+00	2.965e-05
minar	NOUN		seminar		2.963e-05	3	0.714	0.000e+00	2.963e-05	0.000e+00
david	ADV	wide			2.962e-05	3	0.600	2.962e-05	0.000e+00	0.000e+00
sador	ADJ			salvador	2.962e-05	3	0.625	0.000e+00	0.000e+00	2.962e-05
lisad	ADJ			realizado	2.961e-05	3	0.625	0.000e+00	0.000e+00	2.961e-05
sulir	NOUN	supplier	lieferant|zulieferer		2.961e-05	3	0.511	1.680e-05	1.281e-05	0.000e+00
honed	NOUN	honesty		honestidad|sinceridad|honradez	2.960e-05	3	0.513	1.090e-05	0.000e+00	1.870e-05
taker	NOUN	taxpayer	steuerzahler	contribuyente|contribuyentes	2.958e-05	3	0.333	7.901e-06	1.127e-05	1.041e-05
rises	NOUN	sadness		tristeza	2.957e-05	3	0.605	8.470e-06	0.000e+00	2.110e-05
koris	NOUN	corps	corps|korps		2.957e-05	3	0.800	2.076e-05	8.815e-06	0.000e+00
fanan	NOUN		finanz		2.957e-05	3	0.667	0.000e+00	2.957e-05	0.000e+00
hipes	NOUN	hypothesis	hypothese	hipótesis	2.956e-05	3	0.591	8.269e-06	6.685e-06	1.461e-05
kepik	ADJ	epic		épico	2.955e-05	3	0.800	2.500e-05	0.000e+00	4.550e-06
mabes	ADJ	mass			2.953e-05	3	0.600	2.953e-05	0.000e+00	0.000e+00
levad	ADJ			elevado	2.951e-05	3	0.833	0.000e+00	0.000e+00	2.951e-05
komak	ADJ	compact	kompakt	compacto	2.950e-05	3	0.714	1.283e-05	1.209e-05	4.582e-06
kokon	NOUN	complication	komplikation	complicación	2.950e-05	3	0.417	1.293e-05	6.545e-06	1.002e-05
kopon	NOUN	constituent	komponente	constituyente	2.949e-05	3	0.477	4.241e-06	2.163e-05	3.623e-06
nenal	ADJ	governmental		gubernamental	2.947e-05	3	0.393	7.901e-06	0.000e+00	2.157e-05
borar	VERB			elaborar	2.947e-05	3	0.625	0.000e+00	0.000e+00	2.947e-05
bebat	VERB	debate		debatir	2.946e-05	3	0.702	1.689e-05	0.000e+00	1.257e-05
fesiv	NOUN	offensive	offensive	ofensiva	2.946e-05	3	0.714	1.071e-05	9.888e-06	8.861e-06
sasig	ADJ	resident	ansässig|wohnhaft	residente	2.945e-05	3	0.401	3.826e-06	1.312e-05	1.250e-05
mesun	NOUN	measurement	messung	medición	2.942e-05	3	0.567	1.250e-05	7.644e-06	9.274e-06
selig	NOUN	spelling	schreibweise|rechtschreibung	ortografía	2.941e-05	3	0.392	9.920e-06	1.194e-05	7.544e-06
kelan	NOUN	clan	clan	clan	2.941e-05	3	0.800	1.356e-05	7.999e-06	7.849e-06
milal	NOUN		mittelalter		2.940e-05	3	0.500	0.000e+00	2.940e-05	0.000e+00
baket	NOUN	basket	einkaufswagen	canasta|cesta|basket	2.939e-05	3	0.579	1.306e-05	2.769e-06	1.357e-05
filam	VERB	film			2.937e-05	3	0.800	2.937e-05	0.000e+00	0.000e+00
ferig	ADP		fertig		2.937e-05	3	0.833	0.000e+00	2.937e-05	0.000e+00
gabef	NOUN	grief	trauer		2.937e-05	3	0.455	1.339e-05	1.597e-05	0.000e+00
katon	NOUN	equation		ecuación	2.935e-05	3	0.634	1.829e-05	0.000e+00	1.106e-05
hever	PRON	whoever			2.935e-05	3	0.714	2.935e-05	0.000e+00	0.000e+00
behaf	NOUN	behalf			2.935e-05	3	0.833	2.935e-05	0.000e+00	0.000e+00
dabod	ADJ	odd			2.935e-05	3	0.400	2.935e-05	0.000e+00	0.000e+00
lekil	ADJ	electrical			2.935e-05	3	0.500	2.935e-05	0.000e+00	0.000e+00
dirak	VERB	distract	ablenken	distraer	2.933e-05	3	0.426	1.486e-05	1.078e-05	3.684e-06
renig	ADJ		vereinigen		2.932e-05	3	0.500	0.000e+00	2.932e-05	0.000e+00
fimen	ADV			suficientemente	2.932e-05	3	0.357	0.000e+00	0.000e+00	2.932e-05
besid	ADJ	established	gegründet	establecido	2.932e-05	3	0.441	2.110e-06	4.663e-06	2.254e-05
lameb	NOUN	lamb	lamm	cordero	2.929e-05	3	0.534	1.362e-05	4.934e-06	1.075e-05
dekiv	NOUN	detective	detektiv	detective	2.929e-05	3	0.625	2.330e-05	3.254e-06	2.733e-06
nakom	NOUN	descendant	nachkomme	descendiente	2.928e-05	3	0.405	7.957e-06	9.807e-06	1.151e-05
bebef	NOUN	beef	rind|beef	ternera	2.927e-05	3	0.611	1.554e-05	1.160e-05	2.127e-06
doler	VERB			doler	2.923e-05	3	1.000	0.000e+00	0.000e+00	2.923e-05
miral	NOUN	admiral	admiral	almirante	2.923e-05	3	0.636	1.116e-05	7.430e-06	1.064e-05
sevif	ADJ	swift	schneller	veloz	2.921e-05	3	0.459	1.574e-05	9.608e-06	3.867e-06
kahon	NOUN	drawer	schublade	cajón	2.919e-05	3	0.416	9.664e-06	8.981e-06	1.055e-05
ranid	NOUN			grande	2.919e-05	3	0.600	0.000e+00	0.000e+00	2.919e-05
vodid	ADV	worldwide		mundialmente	2.919e-05	3	0.574	2.582e-05	0.000e+00	3.370e-06
sehat	NOUN	toe	zeh		2.916e-05	3	0.281	2.323e-05	5.928e-06	0.000e+00
sakes	NOUN	chess	schach	ajedrez	2.915e-05	3	0.511	9.720e-06	1.116e-05	8.270e-06
bakin	NOUN	baking	backen	cocción	2.914e-05	3	0.783	8.705e-06	1.831e-05	2.127e-06
babek	NOUN		bach		2.914e-05	3	0.600	0.000e+00	2.914e-05	0.000e+00
terin	ADJ	interim		provisional|interino	2.913e-05	3	0.437	8.370e-06	0.000e+00	2.076e-05
remel	ADV	freely		libremente	2.912e-05	3	0.514	1.306e-05	0.000e+00	1.607e-05
perad	NOUN	upgrade	aktualisierung|upgrade		2.912e-05	3	0.579	1.942e-05	9.702e-06	0.000e+00
pumep	VERB	pump	pumpen		2.910e-05	3	0.785	2.590e-05	3.202e-06	0.000e+00
sevig	NOUN	swing	swing	swing	2.909e-05	3	0.600	2.265e-05	4.709e-06	1.730e-06
feset	ADV	tight	fest		2.908e-05	3	0.639	7.784e-06	2.130e-05	0.000e+00
dabok	NOUN	doc			2.908e-05	3	0.600	2.908e-05	0.000e+00	0.000e+00
dibar	NOUN	diary	tagebuch		2.908e-05	3	0.453	1.373e-05	1.535e-05	0.000e+00
rosar	NOUN			rosario	2.907e-05	3	1.000	0.000e+00	0.000e+00	2.907e-05
mamen	VERB		räumen		2.907e-05	3	0.667	0.000e+00	2.907e-05	0.000e+00
faleb	VERB		ausfallen		2.906e-05	3	0.500	0.000e+00	2.906e-05	0.000e+00
heden	VERB		herausfinden		2.905e-05	3	0.417	0.000e+00	2.905e-05	0.000e+00
ritin	NOUN	orientation	orientierung		2.905e-05	3	0.434	1.343e-05	1.562e-05	0.000e+00
rehug	NOUN	upbringing	erziehung	crianza	2.904e-05	3	0.452	3.002e-06	2.106e-05	4.980e-06
piner	NOUN	pioneer	pionier|vorreiter	pionero	2.903e-05	3	0.700	1.303e-05	9.774e-06	6.226e-06
habir	VERB	inhabit	bewohnen	habitar	2.902e-05	3	0.548	5.237e-06	5.727e-06	1.806e-05
nitug	NOUN	monitoring	begleitung	monitoreo	2.902e-05	3	0.404	8.147e-06	1.633e-05	4.543e-06
miris	ADJ	mysterious		misterioso	2.899e-05	3	0.524	1.652e-05	0.000e+00	1.247e-05
marum	ADV		rum		2.899e-05	3	0.600	0.000e+00	2.899e-05	0.000e+00
merum	ADP		rum		2.899e-05	3	0.600	0.000e+00	2.899e-05	0.000e+00
kadam	NOUN		akademie		2.899e-05	3	0.667	0.000e+00	2.899e-05	0.000e+00
fabar	ADJ		fre		2.899e-05	3	0.400	0.000e+00	2.899e-05	0.000e+00
tenit	NOUN	tenure	amtszeit	tenencia	2.897e-05	3	0.497	9.497e-06	1.450e-05	4.980e-06
lalik	ADP		anläßlich		2.897e-05	3	0.625	0.000e+00	2.897e-05	0.000e+00
sigel	NOUN	acronym	abkürzung	sigla	2.896e-05	3	0.416	2.678e-06	1.122e-05	1.507e-05
susit	NOUN	substitute		suplente|sustituto	2.896e-05	3	0.544	1.885e-05	0.000e+00	1.011e-05
kupan	NOUN	occupancy		ocupación	2.896e-05	3	0.570	2.556e-06	0.000e+00	2.640e-05
konil	ADJ	continental		continental	2.895e-05	3	0.455	1.172e-05	0.000e+00	1.724e-05
munin	NOUN	ammunition	munition	munición	2.895e-05	3	0.603	9.073e-06	1.007e-05	9.811e-06
buref	NOUN	brief	kurz	breve	2.895e-05	3	0.560	1.374e-05	5.860e-06	9.352e-06
faras	NOUN	phrase			2.895e-05	3	0.800	2.895e-05	0.000e+00	0.000e+00
bared	NOUN	beard		barba	2.895e-05	3	0.600	1.523e-05	0.000e+00	1.372e-05
helag	ADJ		jahrelang		2.894e-05	3	0.556	0.000e+00	2.894e-05	0.000e+00
pinar	VERB			opinar	2.891e-05	3	0.833	0.000e+00	0.000e+00	2.891e-05
bomer	NOUN	bomber	attentäter|bomber	bombardero	2.889e-05	3	0.671	1.536e-05	1.065e-05	2.883e-06
safen	VERB		verschaffen		2.888e-05	3	0.625	0.000e+00	2.888e-05	0.000e+00
rupin	NOUN	grouping	gruppierung	agrupación	2.887e-05	3	0.519	4.408e-06	6.650e-06	1.781e-05
laned	VERB	land			2.887e-05	3	0.800	2.887e-05	0.000e+00	0.000e+00
ranag	VERB	range			2.885e-05	3	0.800	2.885e-05	0.000e+00	0.000e+00
timul	VERB	stimulate	anregen	estimular	2.884e-05	3	0.371	9.095e-06	1.072e-05	9.022e-06
ruten	NOUN	recruitment	anstellung	contratación	2.883e-05	3	0.346	1.116e-05	5.798e-06	1.187e-05
babik	ADJ	back			2.882e-05	3	0.600	2.882e-05	0.000e+00	0.000e+00
fekon	NOUN	perfection	perfektion	perfección	2.880e-05	3	0.500	1.090e-05	3.656e-06	1.424e-05
pesos	ADJ	precious	kostbar		2.878e-05	3	0.543	2.388e-05	4.895e-06	0.000e+00
dapan	NOUN	adaptation		adaptación	2.877e-05	3	0.500	1.406e-05	0.000e+00	1.471e-05
lekan	VERB	equal	gleichen		2.877e-05	3	0.584	1.218e-05	1.660e-05	0.000e+00
vokal	ADJ	vocal	lautstark	vocal	2.874e-05	3	0.868	1.618e-05	4.273e-06	8.290e-06
babal	INTJ	boy			2.872e-05	3	0.200	2.872e-05	0.000e+00	0.000e+00
demar	VERB			denominar	2.872e-05	3	0.556	0.000e+00	0.000e+00	2.872e-05
narin	NOUN	inauguration	inbetriebnahme	inauguración|investidura	2.870e-05	3	0.362	4.151e-06	4.709e-06	1.984e-05
nokin	NOUN	notification	benachrichtigung	notificación	2.868e-05	3	0.392	1.439e-05	5.443e-06	8.857e-06
veron	VERB	zoom	vergrößern		2.868e-05	3	0.464	3.422e-06	2.526e-05	0.000e+00
tivel	ADV	actively		activamente	2.868e-05	3	0.608	1.897e-05	0.000e+00	9.711e-06
babuk	NOUN	buck			2.868e-05	3	0.600	2.868e-05	0.000e+00	0.000e+00
sabat	NOUN	saint			2.868e-05	3	0.600	2.868e-05	0.000e+00	0.000e+00
bemat	ADJ	problematic	problematisch	problemático	2.867e-05	3	0.455	8.269e-06	1.358e-05	6.819e-06
gared	VERB	guard	wachen		2.866e-05	3	0.539	1.998e-05	8.685e-06	0.000e+00
vadel	NOUN		wandel		2.866e-05	3	0.833	0.000e+00	2.866e-05	0.000e+00
lesan	NOUN	elder	älteste	anciano	2.866e-05	3	0.334	8.556e-06	2.901e-06	1.720e-05
nisan	NOUN	inn	gasthaus|gasthof	posada	2.864e-05	3	0.337	1.306e-05	1.121e-05	4.374e-06
nevel	ADV	nevertheless	gleichwohl		2.863e-05	3	0.449	1.986e-05	8.768e-06	0.000e+00
repeb	NOUN			repente	2.863e-05	3	0.667	0.000e+00	0.000e+00	2.863e-05
rabed	VERB		verabschieden		2.862e-05	3	0.455	0.000e+00	2.862e-05	0.000e+00
kogar	VERB			escoger	2.861e-05	3	0.571	0.000e+00	0.000e+00	2.861e-05
modul	NOUN	module	modul	módulo	2.861e-05	3	1.000	8.660e-06	1.050e-05	9.443e-06
kolol	VERB	cool	kühlen		2.860e-05	3	0.735	2.465e-05	3.957e-06	0.000e+00
releb	VERB		erteilen		2.860e-05	3	0.500	0.000e+00	2.860e-05	0.000e+00
rikal	ADV	strictly		estrictamente	2.859e-05	3	0.468	1.618e-05	0.000e+00	1.241e-05
denis	NOUN	dentist	zahnarzt	dentista	2.858e-05	3	0.514	1.041e-05	1.235e-05	5.825e-06
sebol	NOUN	onion	zwiebel	cebolla	2.857e-05	3	0.510	1.539e-05	3.911e-06	9.274e-06
rosid	NOUN	prosperity	wohlstand	prosperidad	2.857e-05	3	0.405	9.073e-06	1.104e-05	8.459e-06
satut	NOUN	statute		estatuto	2.856e-05	3	0.760	1.107e-05	0.000e+00	1.748e-05
tatik	ADJ	statistical		estadístico	2.855e-05	3	0.475	1.540e-05	0.000e+00	1.315e-05
somer	VERB	subdue		someter	2.854e-05	3	0.686	1.551e-06	0.000e+00	2.699e-05
nenon	NOUN	invention		invento|invención	2.854e-05	3	0.478	1.228e-05	0.000e+00	1.626e-05
miden	NOUN		ministerpräsident		2.849e-05	3	0.294	0.000e+00	2.849e-05	0.000e+00
neder	VERB			tender	2.848e-05	3	0.667	0.000e+00	0.000e+00	2.848e-05
sular	VERB	insult	beschimpfen	insultar	2.846e-05	3	0.428	7.115e-06	6.848e-06	1.450e-05
regar	ADJ	regulatory		regulador	2.846e-05	3	0.556	1.897e-05	0.000e+00	9.486e-06
negik	ADJ	energetic	energisch	energético|enérgico	2.846e-05	3	0.567	5.725e-06	4.063e-06	1.867e-05
dilos	VERB	disclose	enthüllen|offenlegen	divulgar	2.846e-05	3	0.467	1.476e-05	9.877e-06	3.814e-06
rekan	ADJ		ausreichen		2.846e-05	3	0.444	0.000e+00	2.846e-05	0.000e+00
negav	NOUN	negative		negativa	2.845e-05	3	0.714	1.653e-05	0.000e+00	1.193e-05
rorim	NOUN	terrorism	terrorismus		2.840e-05	3	0.585	1.942e-05	8.981e-06	0.000e+00
mehas	ADV		mehrmals		2.840e-05	3	0.625	0.000e+00	2.840e-05	0.000e+00
nodin	ADJ		nordrhein		2.840e-05	3	0.556	0.000e+00	2.840e-05	0.000e+00
dared	NOUN		ard		2.840e-05	3	0.600	0.000e+00	2.840e-05	0.000e+00
nores	NOUN	northeast	nordosten	noreste|nordeste	2.840e-05	3	0.663	1.100e-05	5.798e-06	1.160e-05
konem	VERB	contemplate		contemplar	2.840e-05	3	0.500	9.176e-06	0.000e+00	1.922e-05
nenat	NOUN	intent	vorsatz		2.840e-05	3	0.454	2.236e-05	6.039e-06	0.000e+00
hobok	VERB	hook			2.839e-05	3	0.800	2.839e-05	0.000e+00	0.000e+00
ginig	VERB		einigen		2.837e-05	3	0.571	0.000e+00	2.837e-05	0.000e+00
kedin	NOUN	expedition	expedition	expedición	2.836e-05	3	0.455	2.556e-06	9.241e-06	1.656e-05
desad	ADJ			destacado	2.835e-05	3	0.625	0.000e+00	0.000e+00	2.835e-05
mabav	ADP		ma		2.834e-05	3	0.200	0.000e+00	2.834e-05	0.000e+00
mabeb	NOUN		ma		2.834e-05	3	0.200	0.000e+00	2.834e-05	0.000e+00
nagan	NOUN	navigation	navigation	navegación	2.832e-05	3	0.500	1.194e-05	3.254e-06	1.312e-05
gulov	NOUN	glove	handschuh	guante	2.831e-05	3	0.607	1.827e-05	3.621e-06	6.421e-06
pison	NOUN	pillow	kissen	almohada	2.830e-05	3	0.478	1.018e-05	1.054e-05	7.574e-06
revis	VERB	revise	überarbeiten		2.828e-05	3	0.770	2.046e-05	7.821e-06	0.000e+00
limar	VERB			alimentar	2.825e-05	3	0.556	0.000e+00	0.000e+00	2.825e-05
tabat	NOUN	tablet		tablet|tableta	2.825e-05	3	0.667	2.157e-05	0.000e+00	6.680e-06
ravar	VERB			atravesar	2.825e-05	3	0.556	0.000e+00	0.000e+00	2.825e-05
lamin	NOUN	isolation	isolation	aislamiento	2.820e-05	3	0.467	1.172e-05	5.053e-06	1.143e-05
deden	NOUN	dependency		dependencia	2.819e-05	3	0.556	3.694e-06	0.000e+00	2.449e-05
mirab	ADJ	miserable		miserable	2.818e-05	3	0.625	1.306e-05	0.000e+00	1.512e-05
kubal	NOUN			cual	2.815e-05	3	0.800	0.000e+00	0.000e+00	2.815e-05
manik	NOUN	mechanic	mechaniker	mecánico	2.814e-05	3	0.693	1.616e-05	3.834e-06	8.153e-06
nirun	NOUN	renovation	sanierung|renovierung		2.813e-05	3	0.452	6.138e-06	2.199e-05	0.000e+00
sinat	ADJ	passionate	leidenschaftlich	apasionado	2.813e-05	3	0.505	1.373e-05	5.668e-06	8.736e-06
tumor	NOUN	tumor	tumor	tumor	2.813e-05	3	1.000	1.041e-05	7.490e-06	1.023e-05
benin	NOUN	objection	einwand	objeción	2.813e-05	3	0.404	1.204e-05	9.454e-06	6.630e-06
sehed	ADJ		stehend		2.811e-05	3	0.714	0.000e+00	2.811e-05	0.000e+00
rukes	NOUN	setback	rückschlag	revés|contratiempo	2.811e-05	3	0.472	2.611e-06	5.295e-06	2.020e-05
forit	ADV		fort		2.811e-05	3	0.800	0.000e+00	2.811e-05	0.000e+00
safer	NOUN	sphere		esfera	2.811e-05	3	0.685	1.194e-05	0.000e+00	1.616e-05
dudag	VERB	judge			2.810e-05	3	0.800	2.810e-05	0.000e+00	0.000e+00
pasim	NOUN	pity		lástima	2.809e-05	3	0.616	5.329e-06	0.000e+00	2.276e-05
detet	NOUN	advancement	weiterentwicklung	adelanto	2.809e-05	3	0.328	8.682e-06	1.269e-05	6.719e-06
lanab	VERB			planear	2.809e-05	3	0.571	0.000e+00	0.000e+00	2.809e-05
lumim	NOUN	aluminum	aluminium	aluminio	2.808e-05	3	0.615	1.138e-05	8.768e-06	7.930e-06
muder	VERB	murder			2.808e-05	3	0.833	2.808e-05	0.000e+00	0.000e+00
kemil	NOUN	chemical	chemikalie	químico	2.807e-05	3	0.704	2.018e-05	5.289e-06	2.600e-06
lerat	ADJ	alternate	abwechselnd|wechseln	suplente	2.805e-05	3	0.394	1.440e-05	1.073e-05	2.922e-06
tatan	ADJ	instant	augenblicklich	instantáneo	2.805e-05	3	0.417	1.986e-05	2.868e-06	5.323e-06
dekor	VERB	decorate	schmücken|dekorieren	decorar	2.805e-05	3	0.490	9.720e-06	1.309e-05	5.239e-06
halik	ADJ		inhaltlich		2.804e-05	3	0.556	0.000e+00	2.804e-05	0.000e+00
ratir	VERB	retire			2.804e-05	3	0.800	2.804e-05	0.000e+00	0.000e+00
mulat	NOUN			multa	2.803e-05	3	0.800	0.000e+00	0.000e+00	2.803e-05
sunin	NOUN	sunshine	sonnenschein		2.801e-05	3	0.669	1.618e-05	1.183e-05	0.000e+00
kasak	NOUN	sake			2.801e-05	3	0.600	2.801e-05	0.000e+00	0.000e+00
kogal	NOUN	congratulation			2.801e-05	3	0.357	2.801e-05	0.000e+00	0.000e+00
babor	NOUN	bro			2.801e-05	3	0.400	2.801e-05	0.000e+00	0.000e+00
pabap	NOUN	ap			2.801e-05	3	0.400	2.801e-05	0.000e+00	0.000e+00
habop	VERB	hop			2.801e-05	3	0.600	2.801e-05	0.000e+00	0.000e+00
hanah	INTJ	nah			2.801e-05	3	0.600	2.801e-05	0.000e+00	0.000e+00
heder	NOUN	header	überschrift|header	cabecera	2.799e-05	3	0.517	8.470e-06	1.181e-05	7.711e-06
dedan	NOUN	defendant		acusado	2.796e-05	3	0.425	1.856e-05	0.000e+00	9.404e-06
faler	VERB			fallecer	2.796e-05	3	0.714	0.000e+00	0.000e+00	2.796e-05
savor	NOUN	saviour	retter|erlöser	salvador	2.796e-05	3	0.509	2.388e-06	8.579e-06	1.699e-05
kotes	NOUN	courtesy	höflichkeit	cortesía	2.793e-05	3	0.681	1.507e-05	4.011e-06	8.857e-06
kamin	ADJ	charming	charmant	encantador	2.793e-05	3	0.516	1.306e-05	5.699e-06	9.170e-06
konik	ADJ	iconic	symbolisch	emblemático|icónico	2.792e-05	3	0.590	1.507e-05	6.674e-06	6.178e-06
korap	NOUN	strap		correa	2.791e-05	3	0.600	9.821e-06	0.000e+00	1.809e-05
mokak	NOUN	monarchy	monarchie	monarquía	2.791e-05	3	0.667	5.850e-06	7.644e-06	1.441e-05
rigad	NOUN	brigade	brigade	brigada	2.791e-05	3	0.833	1.104e-05	6.011e-06	1.086e-05
dasin	NOUN	editorial		redacción	2.787e-05	3	0.469	7.198e-06	0.000e+00	2.067e-05
kosid	VERB	consolidate	festigen	consolidar	2.786e-05	3	0.446	7.377e-06	6.026e-06	1.445e-05
korad	ADJ	accustomed	gewohnt	acostumbrado	2.786e-05	3	0.365	9.754e-07	7.629e-06	1.925e-05
nider	ADV		nieder		2.785e-05	3	0.833	0.000e+00	2.785e-05	0.000e+00
famet	NOUN	fame	berühmtheit		2.784e-05	3	0.563	2.444e-05	3.397e-06	0.000e+00
kadek	NOUN	academic	akademiker	académico	2.781e-05	3	0.605	8.805e-06	4.402e-06	1.460e-05
hanul	NOUN	handful	handvoll	puñado	2.780e-05	3	0.549	1.440e-05	6.212e-06	7.197e-06
disuk	NOUN	disgust		asco	2.780e-05	3	0.428	4.542e-06	0.000e+00	2.326e-05
kanos	NOUN	acquaintance	bekanntschaft|bekannte|bekannter	conocido	2.780e-05	3	0.443	3.962e-06	1.595e-05	7.885e-06
vaven	NOUN	lawn	rasen|wiese	césped	2.780e-05	3	0.481	1.066e-05	1.100e-05	6.133e-06
kubir	ADJ	covered		cubierto	2.779e-05	3	0.637	5.029e-06	0.000e+00	2.276e-05
henak	ADJ	honorary	ehrenamtlich	honorario	2.778e-05	3	0.448	5.100e-06	2.025e-05	2.435e-06
pasot	NOUN	pasta		pasta	2.777e-05	3	0.800	9.285e-06	0.000e+00	1.849e-05
saper	NOUN	super	super	super	2.777e-05	3	0.800	7.048e-06	7.054e-06	1.367e-05
kumul	VERB	accumulate		acumular	2.775e-05	3	0.625	1.086e-05	0.000e+00	1.689e-05
nekiv	ADJ	interactive	interaktiv	interactivo	2.773e-05	3	0.500	1.283e-05	7.481e-06	7.415e-06
kofom	VERB			conformar	2.773e-05	3	0.556	0.000e+00	0.000e+00	2.773e-05
kuren	NOUN	occurrence	auftreten|vorkommen	ocurrencia	2.773e-05	3	0.532	6.573e-06	1.729e-05	3.867e-06
selid	NOUN	slide	folie		2.772e-05	3	0.691	2.267e-05	5.053e-06	0.000e+00
degel	VERB	delay	verzögern		2.772e-05	3	0.505	1.789e-05	9.829e-06	0.000e+00
pabus	NOUN	pause	pause	pausa	2.771e-05	3	0.800	1.116e-05	7.466e-06	9.085e-06
kibel	NOUN		kiel		2.769e-05	3	0.800	0.000e+00	2.769e-05	0.000e+00
helad	NOUN		rheinland		2.769e-05	3	0.556	0.000e+00	2.769e-05	0.000e+00
hoken	ADV		höchstens		2.769e-05	3	0.625	0.000e+00	2.769e-05	0.000e+00
hapak	NOUN		hauptsache		2.769e-05	3	0.625	0.000e+00	2.769e-05	0.000e+00
hinik	NOUN		hinsicht		2.769e-05	3	0.714	0.000e+00	2.769e-05	0.000e+00
suben	VERB		ausüben		2.768e-05	3	0.714	0.000e+00	2.768e-05	0.000e+00
ferak	NOUN			franco	2.767e-05	3	0.600	0.000e+00	0.000e+00	2.767e-05
parit	NOUN	pie		tarta	2.767e-05	3	0.289	2.154e-05	0.000e+00	6.133e-06
vuram	NOUN	worm	wurm	gusano	2.763e-05	3	0.651	1.330e-05	1.072e-05	3.608e-06
hitum	NOUN	rhythm	rhythmus		2.763e-05	3	0.584	1.250e-05	1.513e-05	0.000e+00
tisip	VERB	anticipate		anticipar	2.762e-05	3	0.556	2.321e-05	0.000e+00	4.414e-06
desiv	ADJ	decisive	entscheidenden	decisivo	2.762e-05	3	0.574	7.042e-06	7.062e-06	1.352e-05
basat	DET			bastante	2.762e-05	3	0.714	0.000e+00	0.000e+00	2.762e-05
visum	NOUN	visa	visum	visado	2.761e-05	3	0.696	1.779e-05	6.650e-06	3.172e-06
derag	ADJ		derartig		2.756e-05	3	0.625	0.000e+00	2.756e-05	0.000e+00
bitat	NOUN	habitat	lebensraum	hábitat	2.755e-05	3	0.513	1.066e-05	1.077e-05	6.123e-06
perel	NOUN	pearl	perle	perla	2.755e-05	3	0.772	3.872e-06	1.174e-05	1.194e-05
kopat	NOUN	cooperative	genossenschaft	cooperativa|cooperativas|cooperativo	2.755e-05	3	0.420	8.080e-06	9.040e-06	1.043e-05
neson	NOUN	concession	zugeständnis	concesión	2.754e-05	3	0.508	4.151e-06	4.265e-06	1.912e-05
keran	VERB	expire	verfallen|auslaufen	expirar	2.754e-05	3	0.347	9.860e-06	1.591e-05	1.771e-06
depak	NOUN	dispatch		despacho	2.752e-05	3	0.784	5.134e-06	0.000e+00	2.238e-05
herit	ADV	hereby	hiermit		2.752e-05	3	0.696	4.442e-06	2.307e-05	0.000e+00
tuten	VERB	prop	stützen		2.751e-05	3	0.526	7.246e-06	2.026e-05	0.000e+00
nanas	NOUN	nationalist	nationalismus|nationalist	nacionalista	2.751e-05	3	0.438	8.588e-06	1.027e-05	8.648e-06
senil	NOUN	sensitivity	sensibilität	sensibilidad	2.750e-05	3	0.411	9.943e-06	2.532e-06	1.503e-05
dagid	VERB	guide			2.749e-05	3	0.600	2.749e-05	0.000e+00	0.000e+00
kesit	VERB	excite	erregen		2.748e-05	3	0.403	1.496e-05	1.252e-05	0.000e+00
punak	NOUN	punk	punk		2.748e-05	3	0.800	1.763e-05	9.845e-06	0.000e+00
desab	ADJ	desirable	erwünscht|wünschenswert	deseable	2.747e-05	3	0.345	7.901e-06	1.492e-05	4.647e-06
samik	ADJ		sämtlich		2.747e-05	3	0.714	0.000e+00	2.747e-05	0.000e+00
danes	ADJ	danish	dänisch	danés	2.747e-05	3	0.837	9.073e-06	1.338e-05	5.014e-06
subev	ADJ	subjective	subjektiv	subjetivo	2.747e-05	3	0.573	6.886e-06	1.379e-05	6.791e-06
fenas	NOUN	fence		valla	2.746e-05	3	0.595	1.808e-05	0.000e+00	9.383e-06
vesik	NOUN	surrender	verzicht|kapitulation	rendición	2.745e-05	3	0.427	5.279e-06	1.529e-05	6.878e-06
rebor	NOUN	resort		resort	2.745e-05	3	0.667	2.492e-05	0.000e+00	2.524e-06
ragar	NOUN	ranger			2.744e-05	3	0.667	2.744e-05	0.000e+00	0.000e+00
sekeb	VERB	stab	stechen|erstechen	apuñalar	2.744e-05	3	0.487	8.861e-06	1.557e-05	3.010e-06
sapel	VERB	spell			2.743e-05	3	0.800	2.743e-05	0.000e+00	0.000e+00
kotag	NOUN	cottage	landhaus	cabaña	2.741e-05	3	0.660	1.403e-05	4.692e-06	8.688e-06
beleb	ADJ		belieben		2.740e-05	3	0.625	0.000e+00	2.740e-05	0.000e+00
kasig	NOUN	casting	casting	casting|fundición	2.739e-05	3	0.664	1.574e-05	5.053e-06	6.601e-06
liben	VERB		verlieben		2.739e-05	3	0.556	0.000e+00	2.739e-05	0.000e+00
desif	NOUN	despair	verzweiflung	desesperación	2.739e-05	3	0.388	7.377e-06	1.007e-05	9.940e-06
denin	NOUN	identification	kennzeichnung|identifizierung		2.739e-05	3	0.355	1.685e-05	1.053e-05	0.000e+00
lagen	VERB		erlangen		2.738e-05	3	0.625	0.000e+00	2.738e-05	0.000e+00
ruser	ADJ		äußer		2.737e-05	3	0.800	0.000e+00	2.737e-05	0.000e+00
kufis	ADJ		kurzfristig		2.735e-05	3	0.455	0.000e+00	2.735e-05	0.000e+00
teram	NOUN	stretch		tramo	2.735e-05	3	0.547	1.094e-05	0.000e+00	1.641e-05
lores	ADV	loose	verlieren|locker		2.735e-05	3	0.484	1.071e-05	1.663e-05	0.000e+00
belut	NOUN	blossom	blüte		2.734e-05	3	0.636	7.098e-06	2.025e-05	0.000e+00
pibep	INTJ	yep			2.734e-05	3	0.600	2.734e-05	0.000e+00	0.000e+00
lesil	ADJ	silly			2.734e-05	3	0.600	2.734e-05	0.000e+00	0.000e+00
risis	ADJ		juristisch		2.732e-05	3	0.625	0.000e+00	2.732e-05	0.000e+00
hiner	VERB	hinder	hindern	dificultar	2.732e-05	3	0.585	2.758e-06	1.708e-05	7.489e-06
sisat	ADJ	assistant		auxiliar|asistente	2.730e-05	3	0.530	1.598e-05	0.000e+00	1.132e-05
gitav	ADJ	eighth	achte	octavo	2.730e-05	3	0.361	5.878e-06	1.046e-05	1.096e-05
solad	ADJ	isolated	isolieren	aislado	2.730e-05	3	0.506	5.296e-06	3.001e-06	1.900e-05
soreb	VERB	absorb		absorber	2.729e-05	3	0.500	2.002e-05	0.000e+00	7.273e-06
midat	NOUN	mindset	mentalität	mentalidad	2.729e-05	3	0.451	8.080e-06	5.928e-06	1.328e-05
rokan	NOUN	proximity		cercanía|proximidad	2.728e-05	3	0.409	8.470e-06	0.000e+00	1.881e-05
kagop	VERB	cope	bewältigen		2.726e-05	3	0.408	1.414e-05	1.312e-05	0.000e+00
lisal	ADJ			policial	2.726e-05	3	0.625	0.000e+00	0.000e+00	2.726e-05
laser	NOUN	laser	laser		2.725e-05	3	1.000	1.770e-05	9.556e-06	0.000e+00
navus	NOUN	offspring	nachwuchs	descendencia	2.725e-05	3	0.471	6.573e-06	1.672e-05	3.956e-06
kelir	NOUN	clergy	geistliche	clero	2.725e-05	3	0.418	6.138e-06	1.657e-05	4.543e-06
pesad	ADJ	specialized		especializado	2.724e-05	3	0.426	6.529e-06	0.000e+00	2.071e-05
denar	VERB			destinar	2.724e-05	3	0.625	0.000e+00	0.000e+00	2.724e-05
pelar	VERB			pelear	2.723e-05	3	0.833	0.000e+00	0.000e+00	2.723e-05
lelib	NOUN	yellow	gelb	amarillo	2.722e-05	3	0.475	4.375e-06	1.704e-05	5.801e-06
karon	NOUN	cartoon		caricatura	2.720e-05	3	0.607	1.953e-05	0.000e+00	7.674e-06
likat	ADJ	delicate	heikel	delicado	2.718e-05	3	0.589	1.138e-05	4.780e-06	1.101e-05
loliv	NOUN	olive	olivenöl	oliva	2.717e-05	3	0.744	1.623e-05	3.573e-06	7.366e-06
lasit	NOUN	blast		ráfaga	2.716e-05	3	0.543	2.332e-05	0.000e+00	3.837e-06
dutor	ADJ	outdoor		exteriores	2.716e-05	3	0.481	1.897e-05	0.000e+00	8.187e-06
labov	ADV	low			2.714e-05	3	0.600	2.714e-05	0.000e+00	0.000e+00
sanen	VERB		spannen		2.713e-05	3	0.833	0.000e+00	2.713e-05	0.000e+00
mimal	ADJ	minimal	minimal		2.713e-05	3	0.714	1.440e-05	1.273e-05	0.000e+00
narab	ADV	nearby			2.713e-05	3	0.600	2.713e-05	0.000e+00	0.000e+00
salan	VERB		schalten		2.712e-05	3	0.667	0.000e+00	2.712e-05	0.000e+00
peger	NOUN	peer			2.712e-05	3	0.800	2.712e-05	0.000e+00	0.000e+00
mabed	PRON			mío	2.711e-05	3	0.200	0.000e+00	0.000e+00	2.711e-05
padus	NOUN		preuße		2.710e-05	3	0.600	0.000e+00	2.710e-05	0.000e+00
vanan	VERB	warrant			2.710e-05	3	0.667	2.710e-05	0.000e+00	0.000e+00
menim	NOUN	meantime	zwischenzeit		2.709e-05	3	0.557	1.678e-05	1.031e-05	0.000e+00
kesak	VERB	research			2.709e-05	3	0.571	2.709e-05	0.000e+00	0.000e+00
dalen	VERB	deter	abhalten		2.708e-05	3	0.486	3.794e-06	2.329e-05	0.000e+00
leken	VERB	steer	lenken		2.708e-05	3	0.752	3.460e-06	2.362e-05	0.000e+00
neten	VERB		antreten		2.707e-05	3	0.625	0.000e+00	2.707e-05	0.000e+00
loset	NOUN	closet	kleiderschrank	armario	2.707e-05	3	0.484	1.507e-05	3.337e-06	8.668e-06
gulab	NOUN	guilty		culpable	2.707e-05	3	0.508	1.009e-05	0.000e+00	1.697e-05
boren	NOUN	brake	bremse	freno	2.707e-05	3	0.500	8.861e-06	4.638e-06	1.357e-05
dehen	ADJ	threatening	bedrohen|drohen		2.706e-05	3	0.517	3.460e-06	2.360e-05	0.000e+00
selak	ADJ		zeitlich		2.706e-05	3	0.571	0.000e+00	2.706e-05	0.000e+00
gurap	NOUN	grape	traube	uva	2.706e-05	3	0.457	1.158e-05	4.709e-06	1.076e-05
timis	ADJ	optimistic	optimistisch	optimista	2.701e-05	3	0.543	8.269e-06	9.539e-06	9.204e-06
naket	ADJ	intact	intakt|unversehrt	intacto	2.701e-05	3	0.479	1.066e-05	7.813e-06	8.538e-06
varid	ADJ	varied		variado	2.701e-05	3	0.833	7.961e-06	0.000e+00	1.904e-05
gihig	ADJ		langjährig		2.699e-05	3	0.500	0.000e+00	2.699e-05	0.000e+00
kenal	ADJ	exceptional		excepcional	2.698e-05	3	0.455	1.250e-05	0.000e+00	1.448e-05
forug	NOUN	wording	formulierung|wortlaut		2.698e-05	3	0.410	3.962e-06	2.301e-05	0.000e+00
rosor	NOUN	processor	prozessor	procesador|transformador	2.697e-05	3	0.577	1.232e-05	6.672e-06	7.982e-06
muker	ADJ		münchner		2.695e-05	3	0.714	0.000e+00	2.695e-05	0.000e+00
ranar	VERB			extrañar	2.695e-05	3	0.556	0.000e+00	0.000e+00	2.695e-05
nagiv	ADJ	naive	naiv	ingenuo	2.695e-05	3	0.601	6.272e-06	1.176e-05	8.916e-06
turik	ADJ			turístico	2.695e-05	3	0.625	0.000e+00	0.000e+00	2.695e-05
kaket	ADJ		exakt		2.694e-05	3	0.500	0.000e+00	2.694e-05	0.000e+00
regin	VERB	rain	regen		2.694e-05	3	0.711	1.200e-05	1.494e-05	0.000e+00
rivut	NOUN	riot	aufruhr	revuelta|motín	2.694e-05	3	0.440	8.269e-06	4.402e-06	1.426e-05
ramum	NOUN	trauma		trauma|traumatismo	2.693e-05	3	0.583	1.609e-05	0.000e+00	1.084e-05
vadov	VERB	owe			2.692e-05	3	0.400	2.692e-05	0.000e+00	0.000e+00
gemuk	ADJ	cozy	gemütlich		2.691e-05	3	0.512	4.877e-06	2.203e-05	0.000e+00
farab	ADJ	favorable		favorable	2.690e-05	3	0.625	7.901e-06	0.000e+00	1.900e-05
tarid	NOUN	tide		marea	2.688e-05	3	0.517	1.579e-05	0.000e+00	1.109e-05
rator	NOUN	translator	übersetzer	traductor	2.686e-05	3	0.423	5.223e-06	1.278e-05	8.857e-06
resik	ADJ		restlich		2.680e-05	3	0.714	0.000e+00	2.680e-05	0.000e+00
sipal	NOUN	principal	schulleiter	principal	2.679e-05	3	0.512	2.111e-05	3.834e-06	1.848e-06
lorer	NOUN	loser	verlierer	perdedor	2.679e-05	3	0.540	8.467e-06	1.200e-05	6.317e-06
medib	ADJ	imperative	unbedingt	imprescindible	2.678e-05	3	0.373	5.100e-06	9.040e-06	1.264e-05
kesig	ADV	increasingly			2.678e-05	3	0.455	2.678e-05	0.000e+00	0.000e+00
kedil	ADV	incredibly			2.678e-05	3	0.556	2.678e-05	0.000e+00	0.000e+00
mabef	NOUN	mo			2.678e-05	3	0.200	2.678e-05	0.000e+00	0.000e+00
rapid	ADJ	rapid			2.678e-05	3	1.000	2.678e-05	0.000e+00	0.000e+00
hilat	SCONJ	whilst			2.678e-05	3	0.667	2.678e-05	0.000e+00	0.000e+00
tarar	NOUN	starter		arranque	2.678e-05	3	0.513	1.771e-05	0.000e+00	9.065e-06
mamim	ADJ	maritime		marítimo	2.677e-05	3	0.571	1.018e-05	0.000e+00	1.659e-05
vitas	NOUN	glance		vistazo	2.677e-05	3	0.619	9.073e-06	0.000e+00	1.769e-05
haras	NOUN			horas	2.677e-05	3	0.800	0.000e+00	0.000e+00	2.677e-05
sabud	ADJ	saudi		saudí	2.676e-05	3	0.800	2.277e-05	0.000e+00	3.989e-06
kabil	NOUN			kilo	2.675e-05	3	0.600	0.000e+00	0.000e+00	2.675e-05
ruder	ADJ	rude	unverschämt	grosero	2.674e-05	3	0.529	2.011e-05	4.402e-06	2.227e-06
kapuk	NOUN			pc	2.674e-05	3	0.400	0.000e+00	0.000e+00	2.674e-05
buten	VERB	burst	platzen		2.673e-05	3	0.418	9.743e-06	1.699e-05	0.000e+00
lirik	NOUN	lyric		lírica	2.672e-05	3	1.000	2.500e-05	0.000e+00	1.718e-06
dolin	NOUN	joint	gelenk	articulación|porro	2.671e-05	3	0.359	7.377e-06	6.792e-06	1.254e-05
pebed	VERB	speed			2.668e-05	3	0.600	2.668e-05	0.000e+00	0.000e+00
levas	NOUN	relevance	relevanz	relevancia	2.667e-05	3	0.625	6.272e-06	8.768e-06	1.163e-05
gisik	ADJ	linguistic	sprachlich	lingüístico	2.667e-05	3	0.509	5.725e-06	4.106e-06	1.684e-05
pilar	NOUN	pillar	stütze|pfeiler	pilar	2.662e-05	3	0.693	9.531e-06	1.021e-05	6.878e-06
rebid	VERB	rebuild		reconstruir	2.661e-05	3	0.573	1.809e-05	0.000e+00	8.520e-06
padop	NOUN	op			2.661e-05	3	0.400	2.661e-05	0.000e+00	0.000e+00
serev	VERB	screw	schrauben		2.660e-05	3	0.611	1.684e-05	9.764e-06	0.000e+00
begis	CCONJ		beziehungsweise		2.660e-05	3	0.357	0.000e+00	2.660e-05	0.000e+00
folik	ADV	consequently	folglich|infolgedessen	consecuentemente	2.659e-05	3	0.402	9.720e-06	1.380e-05	3.071e-06
susir	NOUN	supervisor	aufsicht|aufseher	supervisor	2.658e-05	3	0.409	9.943e-06	1.284e-05	3.802e-06
pavor	NOUN	password	passwort		2.658e-05	3	0.714	1.283e-05	1.374e-05	0.000e+00
tirad	ADV	third			2.657e-05	3	0.800	2.657e-05	0.000e+00	0.000e+00
venen	ADJ		verwenden		2.655e-05	3	0.556	0.000e+00	2.655e-05	0.000e+00
likab	ADJ	applicable	anwendbar	aplicable	2.654e-05	3	0.545	1.507e-05	4.106e-06	7.366e-06
girid	NOUN	grid	gitter		2.653e-05	3	0.654	1.685e-05	9.679e-06	0.000e+00
fabur	NOUN		fur		2.651e-05	3	0.600	0.000e+00	2.651e-05	0.000e+00
rados	ADJ		rose		2.651e-05	3	0.600	0.000e+00	2.651e-05	0.000e+00
titor	NOUN	investigator	ermittler		2.649e-05	3	0.400	1.601e-05	1.047e-05	0.000e+00
teret	NOUN	performer		intérprete	2.648e-05	3	0.425	1.551e-05	0.000e+00	1.096e-05
gefer	NOUN	attacker	angreifer	agresor|atacante	2.647e-05	3	0.394	3.616e-06	1.230e-05	1.056e-05
lanin	NOUN	plain		llano|llanura	2.647e-05	3	0.600	1.219e-05	0.000e+00	1.427e-05
telit	ADJ	elite			2.646e-05	3	0.800	2.646e-05	0.000e+00	0.000e+00
masag	NOUN	massage	massage	masaje	2.645e-05	3	0.925	8.928e-06	7.644e-06	9.880e-06
redal	ADV	real			2.644e-05	3	0.800	2.644e-05	0.000e+00	0.000e+00
befef	ADV	briefly		brevemente	2.642e-05	3	0.450	1.853e-05	0.000e+00	7.892e-06
dibil	NOUN	credibility	glaubwürdigkeit	credibilidad	2.641e-05	3	0.383	8.470e-06	7.301e-06	1.064e-05
davar	VERB	award			2.640e-05	3	0.600	2.640e-05	0.000e+00	0.000e+00
konid	ADJ			reconocido	2.637e-05	3	0.556	0.000e+00	0.000e+00	2.637e-05
lisit	ADJ	unlawful	rechtswidrig|unrechtmäßig	ilícito	2.637e-05	3	0.393	5.859e-06	1.144e-05	9.075e-06
sutit	VERB	substitute		sustituir	2.637e-05	3	0.556	4.486e-06	0.000e+00	2.188e-05
kemar	VERB			incrementar	2.637e-05	3	0.455	0.000e+00	0.000e+00	2.637e-05
tanan	NOUN	attachment	anhang	apego	2.637e-05	3	0.413	1.115e-05	1.222e-05	3.002e-06
rekut	VERB	recruit	rekrutieren	reclutar	2.637e-05	3	0.647	1.587e-05	4.921e-06	5.576e-06
huris	NOUN	hurry		prisa	2.636e-05	3	0.600	1.066e-05	0.000e+00	1.570e-05
perud	VERB	persuade	überreden	persuadir	2.635e-05	3	0.597	1.532e-05	7.466e-06	3.560e-06
tarif	NOUN			tarifa	2.634e-05	3	1.000	0.000e+00	0.000e+00	2.634e-05
silen	ADJ		zielen		2.632e-05	3	0.833	0.000e+00	2.632e-05	0.000e+00
sorag	NOUN	shortage		escasez	2.632e-05	3	0.473	1.260e-05	0.000e+00	1.372e-05
hiden	VERB	hamper	behindern		2.631e-05	3	0.519	4.364e-06	2.195e-05	0.000e+00
giken	VERB	gaze	blicken		2.630e-05	3	0.522	8.153e-06	1.815e-05	0.000e+00
sifef	ADJ	crooked	schief		2.630e-05	3	0.681	4.765e-06	2.154e-05	0.000e+00
sales	NOUN	sales	vertrieb		2.628e-05	3	0.472	1.042e-05	1.587e-05	0.000e+00
pakag	NOUN	packaging	verpackung	envase	2.628e-05	3	0.461	1.018e-05	1.035e-05	5.745e-06
befun	NOUN	verification	überprüfung	verificación	2.627e-05	3	0.351	5.591e-06	1.301e-05	7.673e-06
lavit	NOUN	lawsuit	gerichtsverfahren	pleito	2.626e-05	3	0.584	1.849e-05	3.519e-06	4.244e-06
setes	ADV	secondly	zweitens		2.624e-05	3	0.523	7.901e-06	1.834e-05	0.000e+00
nedan	ADJ		entscheiden		2.623e-05	3	0.444	0.000e+00	2.623e-05	0.000e+00
ruhen	VERB		beruhen		2.622e-05	3	0.714	0.000e+00	2.622e-05	0.000e+00
furit	NOUN		fürst		2.621e-05	3	0.800	0.000e+00	2.621e-05	0.000e+00
kakon	VERB	account			2.621e-05	3	0.500	2.621e-05	0.000e+00	0.000e+00
dokal	NOUN			documental	2.621e-05	3	0.500	0.000e+00	0.000e+00	2.621e-05
kodem	NOUN	condemnation		condena	2.619e-05	3	0.629	3.922e-06	0.000e+00	2.227e-05
dadur	VERB	injure			2.618e-05	3	0.600	2.618e-05	0.000e+00	0.000e+00
molet	NOUN	discomfort		molestia|malestar	2.618e-05	3	0.627	4.988e-06	0.000e+00	2.119e-05
regud	NOUN	foreground	vordergrund		2.617e-05	3	0.458	2.031e-06	2.414e-05	0.000e+00
komab	ADJ	compatible	kompatibel	compatible	2.617e-05	3	0.542	1.041e-05	6.181e-06	9.574e-06
makig	NOUN	making			2.617e-05	3	0.833	2.617e-05	0.000e+00	0.000e+00
varab	NOUN	variable	variable	variable	2.615e-05	3	0.714	1.041e-05	4.037e-06	1.170e-05
babod	ADV	bad			2.615e-05	3	0.600	2.615e-05	0.000e+00	0.000e+00
harer	NOUN	craftsman	handwerker	artesano	2.615e-05	3	0.421	1.763e-06	1.793e-05	6.461e-06
harin	NOUN	flour		harina	2.615e-05	3	0.573	1.116e-05	0.000e+00	1.499e-05
segid	ADJ			seguido	2.614e-05	3	1.000	0.000e+00	0.000e+00	2.614e-05
tetis	ADJ	aesthetic	ästhetisch	estético	2.613e-05	3	0.571	1.172e-05	5.845e-06	8.570e-06
liger	NOUN	liver		hígado	2.613e-05	3	0.658	1.685e-05	0.000e+00	9.274e-06
vorit	NOUN	favourite		favorita	2.612e-05	3	0.679	1.038e-05	0.000e+00	1.574e-05
vebet	ADJ		verbreiten		2.610e-05	3	0.500	0.000e+00	2.610e-05	0.000e+00
dised	ADJ	disabled	behindert	discapacitado	2.608e-05	3	0.497	1.741e-05	7.230e-06	1.441e-06
rokin	NOUN	projection	projektion	proyección	2.608e-05	3	0.500	5.725e-06	3.254e-06	1.710e-05
sereb	VERB	stress			2.607e-05	3	0.600	2.607e-05	0.000e+00	0.000e+00
rosit	NOUN	prostitute	prostituierte	prostituta	2.606e-05	3	0.509	4.241e-06	8.768e-06	1.305e-05
ronis	ADJ	ironic	ironisch	irónico	2.606e-05	3	0.719	7.042e-06	8.188e-06	1.083e-05
koror	NOUN	contributor		colaborador	2.605e-05	3	0.455	5.859e-06	0.000e+00	2.019e-05
vikel	ADJ		entwickeln		2.604e-05	3	0.556	0.000e+00	2.604e-05	0.000e+00
hotod	NOUN	hood	haube|motorhaube		2.603e-05	3	0.663	1.949e-05	6.543e-06	0.000e+00
selep	NOUN	spa	wellness	balneario|spa	2.601e-05	3	0.417	1.018e-05	8.567e-06	7.266e-06
ruter	ADJ	outer	äußere		2.601e-05	3	0.753	1.986e-05	6.145e-06	0.000e+00
vined	VERB	wind			2.601e-05	3	0.800	2.601e-05	0.000e+00	0.000e+00
musal	NOUN	musical	musical	musical	2.600e-05	3	0.714	9.040e-06	1.207e-05	4.895e-06
banil	NOUN	bail	kaution	fianza	2.600e-05	3	0.478	1.138e-05	4.496e-06	1.012e-05
